f0_GHz,S11ReportFreq_GHz,S11SweepSampleFreq_GHz,S11SweepSample_dB,S11_f0_dB,AbsS11_f0_dB,AbsS11_f0_Linear,S11_Source,PeakGain_dBi,PeakRealizedGain_dBi,FrontToBackRatio_dB,Gmain_Source,Ldir,Ldri,L1,Sdir,Sref,Wdri,SimulationIndex,SimulationID
2.25,2.25,2.25,-3.36619795261308,-3.36619795261308,3.36619795261308,0.678719149101569,ATK_OBJ_S11_F0,4.58765853246279,1.90628739028737,33.5805180895175,ATK_OBJ_PeakGain,17.896506275908,45.4867384977472,18.216592867714,17.3756753901298,20.9285430148828,4.23443170799645,94,sim_094
