SimulationIndex,SimulationID,f0_GHz,S11ReportFreq_GHz,S11SweepSampleFreq_GHz,S11SweepSample_dB,S11_Source,Gmain_Source,MainPlane,Gmain_dBi,Gmain_Cut_dBi,PeakGain_dBi,PeakRealizedGain_dBi,FrontToBackRatio_dB,SLL_dB,HPBW_deg,SideLobeSuppression_dB,MainLobeTheta_deg,SideLobeTheta_deg,SideLobeGain_dBi,S11_f0_dB,AbsS11_f0_dB,AbsS11_f0_Linear,Objective1_Neg_Gmain,Objective2_SLL,Objective3_HPBW,Objective4_AbsS11,Gmain_Phi0_dBi,SLL_Phi0_dB,HPBW_Phi0_deg,Gmain_Phi90_dBi,SLL_Phi90_dB,HPBW_Phi90_deg,Ldir,Ldri,L1,Sdir,Sref,Wdri
178,sim_178,2.25,2.25,2.25,-4.63059883205612,ATK_OBJ_S11_F0,ATK_OBJ_PeakGain,Phi90,3.83231654039639,3.22768622239266,3.83231654039639,1.99935213028897,8.00165743844291,-11.1687099669774,NaN,11.1687099669774,0,148,-7.9410237445847,-4.63059883205612,4.63059883205612,0.5867729142874,-3.83231654039639,-11.1687099669774,NaN,0.5867729142874,3.22768622239265,-0.02095951091282,NaN,3.22768622239266,-11.1687099669774,NaN,16.8218845867778,43.85462290345,16.9897918867745,12.4329453354871,19.4067680156469,2.63986839352107
