f0_GHz,S11ReportFreq_GHz,S11SweepSampleFreq_GHz,S11SweepSample_dB,S11_f0_dB,AbsS11_f0_dB,AbsS11_f0_Linear,S11_Source,PeakGain_dBi,PeakRealizedGain_dBi,FrontToBackRatio_dB,Gmain_Source,Ldir,Ldri,L1,Sdir,Sref,Wdri,SimulationIndex,SimulationID
2.25,2.25,2.25,-4.17942123740982,-4.17942123740982,4.17942123740982,0.618057581491668,ATK_OBJ_S11_F0,4.3587477098141,2.2686663746166,15.8516218518715,ATK_OBJ_PeakGain,17.0606720767213,45.5178834207909,15.7994591666828,14.7583869046056,20.5778246402154,3.981442188214,184,sim_184
