SimulationIndex,SimulationID,f0_GHz,S11ReportFreq_GHz,S11SweepSampleFreq_GHz,S11SweepSample_dB,S11_Source,Gmain_Source,MainPlane,Gmain_dBi,Gmain_Cut_dBi,PeakGain_dBi,PeakRealizedGain_dBi,FrontToBackRatio_dB,SLL_dB,HPBW_deg,SideLobeSuppression_dB,MainLobeTheta_deg,SideLobeTheta_deg,SideLobeGain_dBi,S11_f0_dB,AbsS11_f0_dB,AbsS11_f0_Linear,Objective1_Neg_Gmain,Objective2_SLL,Objective3_HPBW,Objective4_AbsS11,Gmain_Phi0_dBi,SLL_Phi0_dB,HPBW_Phi0_deg,Gmain_Phi90_dBi,SLL_Phi90_dB,HPBW_Phi90_deg,Ldir,Ldri,L1,Sdir,Sref,Wdri
154,sim_154,2.25,2.25,2.25,-6.35185237564904,ATK_OBJ_S11_F0,ATK_OBJ_PeakGain,Phi90,3.49821255034131,3.21949776773067,3.49821255034131,2.35385639276121,6.65593295733736,-10.4874803866522,NaN,10.4874803866522,0,150,-7.26798261892154,-6.35185237564904,6.35185237564904,0.481290601756122,-3.49821255034131,-10.4874803866522,NaN,0.481290601756122,3.21949776773066,-0.0216011903135698,NaN,3.21949776773067,-10.4874803866522,NaN,15.7645237535951,44.259753871986,15.5006384525901,13.5818478554347,17.109774187882,2.81147350114998
