f0_GHz,S11ReportFreq_GHz,S11SweepSampleFreq_GHz,S11SweepSample_dB,S11_f0_dB,AbsS11_f0_dB,AbsS11_f0_Linear,S11_Source,PeakGain_dBi,PeakRealizedGain_dBi,FrontToBackRatio_dB,Gmain_Source,Ldir,Ldri,L1,Sdir,Sref,Wdri,SimulationIndex,SimulationID
2.25,2.25,2.25,-4.95447097881237,-4.95447097881237,4.95447097881237,0.565296701103477,ATK_OBJ_S11_F0,4.16001867414964,2.48791473370876,27.0002173651766,ATK_OBJ_PeakGain,14.9325594671838,41.8713963869966,16.7754499013438,17.7379461778065,21.3946448631225,2.1783468442055,106,sim_106
