SimulationIndex,SimulationID,f0_GHz,S11ReportFreq_GHz,S11SweepSampleFreq_GHz,S11SweepSample_dB,S11_Source,Gmain_Source,MainPlane,Gmain_dBi,Gmain_Cut_dBi,PeakGain_dBi,PeakRealizedGain_dBi,FrontToBackRatio_dB,SLL_dB,HPBW_deg,SideLobeSuppression_dB,MainLobeTheta_deg,SideLobeTheta_deg,SideLobeGain_dBi,S11_f0_dB,AbsS11_f0_dB,AbsS11_f0_Linear,Objective1_Neg_Gmain,Objective2_SLL,Objective3_HPBW,Objective4_AbsS11,Gmain_Phi0_dBi,SLL_Phi0_dB,HPBW_Phi0_deg,Gmain_Phi90_dBi,SLL_Phi90_dB,HPBW_Phi90_deg,Ldir,Ldri,L1,Sdir,Sref,Wdri
35,sim_035,2.25,2.25,2.25,-3.03799600327814,ATK_OBJ_S11_F0,ATK_OBJ_PeakGain,Phi90,4.28291174534729,3.55914224049359,4.28291174534729,1.30013232937544,11.9642036552032,-11.6927981816995,NaN,11.6927981816995,0,140,-8.13365594120591,-3.03799600327814,3.03799600327814,0.704855673557148,-4.28291174534729,-11.6927981816995,NaN,0.704855673557148,3.55914224049359,-0.0267704837059202,NaN,3.55914224049359,-11.6927981816995,NaN,18.3673487329709,43.2387530369513,17.5179800979781,13.0232405008241,21.8328632912763,3.81112654347452
