f0_GHz,S11ReportFreq_GHz,S11SweepSampleFreq_GHz,S11SweepSample_dB,S11_f0_dB,AbsS11_f0_dB,AbsS11_f0_Linear,S11_Source,PeakGain_dBi,PeakRealizedGain_dBi,FrontToBackRatio_dB,Gmain_Source,Ldir,Ldri,L1,Sdir,Sref,Wdri,SimulationIndex,SimulationID
2.25,2.25,2.25,-0.898148288620488,-0.898148288620488,0.898148288620488,0.9017633605755,ATK_OBJ_S11_F0,3.98208788957427,-3.30361237750192,5.3623784439258,ATK_OBJ_PeakGain,16.1135827108173,42.1243307063806,16.2306827513577,14.6429309375448,16.6867862592252,4.44365798248077,33,sim_033
