f0_GHz,S11ReportFreq_GHz,S11SweepSampleFreq_GHz,S11SweepSample_dB,S11_f0_dB,AbsS11_f0_dB,AbsS11_f0_Linear,S11_Source,PeakGain_dBi,PeakRealizedGain_dBi,FrontToBackRatio_dB,Gmain_Source,Ldir,Ldri,L1,Sdir,Sref,Wdri,SimulationIndex,SimulationID
2.25,2.25,2.25,-3.64351443368594,-3.64351443368594,3.64351443368594,0.657391793527385,ATK_OBJ_S11_F0,3.45287128991165,0.995100745042202,10.5281529346213,ATK_OBJ_PeakGain,15.3139977569986,40.1974251273038,18.0192706057369,14.9559684921318,16.75050041757,2.97520149752353,182,sim_182
