SimulationIndex,SimulationID,f0_GHz,S11ReportFreq_GHz,S11SweepSampleFreq_GHz,S11SweepSample_dB,S11_Source,Gmain_Source,MainPlane,Gmain_dBi,Gmain_Cut_dBi,PeakGain_dBi,PeakRealizedGain_dBi,FrontToBackRatio_dB,SLL_dB,HPBW_deg,SideLobeSuppression_dB,MainLobeTheta_deg,SideLobeTheta_deg,SideLobeGain_dBi,S11_f0_dB,AbsS11_f0_dB,AbsS11_f0_Linear,Objective1_Neg_Gmain,Objective2_SLL,Objective3_HPBW,Objective4_AbsS11,Gmain_Phi0_dBi,SLL_Phi0_dB,HPBW_Phi0_deg,Gmain_Phi90_dBi,SLL_Phi90_dB,HPBW_Phi90_deg,Ldir,Ldri,L1,Sdir,Sref,Wdri
127,sim_127,2.25,2.25,2.25,-5.10537067551604,ATK_OBJ_S11_F0,ATK_OBJ_PeakGain,Phi90,3.63747971224711,3.23883677912473,3.63747971224711,2.03447433477233,6.85288310943757,-10.1486895361066,NaN,10.1486895361066,0,148,-6.90985275698189,-5.10537067551604,5.10537067551604,0.555560635756289,-3.63747971224711,-10.1486895361066,NaN,0.555560635756289,3.23883677912473,-0.0213355839794902,NaN,3.23883677912473,-10.1486895361066,NaN,15.1860290989742,41.9759620183395,15.2942714802319,13.3295405735249,18.7056908939533,3.13646623504751
