SimulationIndex,SimulationID,f0_GHz,S11ReportFreq_GHz,S11SweepSampleFreq_GHz,S11SweepSample_dB,S11_Source,Gmain_Source,MainPlane,Gmain_dBi,Gmain_Cut_dBi,PeakGain_dBi,PeakRealizedGain_dBi,FrontToBackRatio_dB,SLL_dB,HPBW_deg,SideLobeSuppression_dB,MainLobeTheta_deg,SideLobeTheta_deg,SideLobeGain_dBi,S11_f0_dB,AbsS11_f0_dB,AbsS11_f0_Linear,Objective1_Neg_Gmain,Objective2_SLL,Objective3_HPBW,Objective4_AbsS11,Gmain_Phi0_dBi,SLL_Phi0_dB,HPBW_Phi0_deg,Gmain_Phi90_dBi,SLL_Phi90_dB,HPBW_Phi90_deg,Ldir,Ldri,L1,Sdir,Sref,Wdri
180,sim_180,2.25,2.25,2.25,-4.86399669308293,ATK_OBJ_S11_F0,ATK_OBJ_PeakGain,Phi90,3.7497490343124,3.43596183714189,3.7497490343124,2.03449559906623,9.98140699371355,-11.3352912419403,NaN,11.3352912419403,0,150,-7.89932940479844,-4.86399669308293,4.86399669308293,0.571215739097913,-3.7497490343124,-11.3352912419403,NaN,0.571215739097913,3.43596183714188,-17.3001965517294,NaN,3.43596183714189,-11.3352912419403,NaN,16.7494184851272,46.4788623718225,18.2870628362588,15.2777035368981,17.7638879092751,4.13526245598739
