SimulationIndex,SimulationID,f0_GHz,S11ReportFreq_GHz,S11SweepSampleFreq_GHz,S11SweepSample_dB,S11_Source,Gmain_Source,MainPlane,Gmain_dBi,Gmain_Cut_dBi,PeakGain_dBi,PeakRealizedGain_dBi,FrontToBackRatio_dB,SLL_dB,HPBW_deg,SideLobeSuppression_dB,MainLobeTheta_deg,SideLobeTheta_deg,SideLobeGain_dBi,S11_f0_dB,AbsS11_f0_dB,AbsS11_f0_Linear,Objective1_Neg_Gmain,Objective2_SLL,Objective3_HPBW,Objective4_AbsS11,Gmain_Phi0_dBi,SLL_Phi0_dB,HPBW_Phi0_deg,Gmain_Phi90_dBi,SLL_Phi90_dB,HPBW_Phi90_deg,Ldir,Ldri,L1,Sdir,Sref,Wdri
161,sim_161,2.25,2.25,2.25,-4.74891064413306,ATK_OBJ_S11_F0,ATK_OBJ_PeakGain,Phi90,3.66620853538154,3.26053328721124,3.66620853538154,1.89410189894546,7.83384121827062,-11.3429305264071,NaN,11.3429305264071,0,148,-8.08239723919581,-4.74891064413306,4.74891064413306,0.578834579336541,-3.66620853538154,-11.3429305264071,NaN,0.578834579336541,3.26053328721124,-0.0200921782420997,NaN,3.26053328721124,-11.3429305264071,NaN,15.8964875253338,42.4073061436022,17.6318121730584,13.9987576554054,19.0965771653408,2.2776805717552
