SimulationIndex,SimulationID,f0_GHz,S11ReportFreq_GHz,S11SweepSampleFreq_GHz,S11SweepSample_dB,S11_Source,Gmain_Source,MainPlane,Gmain_dBi,Gmain_Cut_dBi,PeakGain_dBi,PeakRealizedGain_dBi,FrontToBackRatio_dB,SLL_dB,HPBW_deg,SideLobeSuppression_dB,MainLobeTheta_deg,SideLobeTheta_deg,SideLobeGain_dBi,S11_f0_dB,AbsS11_f0_dB,AbsS11_f0_Linear,Objective1_Neg_Gmain,Objective2_SLL,Objective3_HPBW,Objective4_AbsS11,Gmain_Phi0_dBi,SLL_Phi0_dB,HPBW_Phi0_deg,Gmain_Phi90_dBi,SLL_Phi90_dB,HPBW_Phi90_deg,Ldir,Ldri,L1,Sdir,Sref,Wdri
36,sim_036,2.25,2.25,2.25,-4.34524597051586,ATK_OBJ_S11_F0,ATK_OBJ_PeakGain,Phi90,3.85182314151148,3.32303051788317,3.85182314151148,1.86116095072749,9.84756149298052,-10.9972652440964,NaN,10.9972652440964,0,146,-7.67423472621323,-4.34524597051586,4.34524597051586,0.606369992916489,-3.85182314151148,-10.9972652440964,NaN,0.606369992916489,3.32303051788317,-0.0298314867976499,NaN,3.32303051788317,-10.9972652440964,NaN,14.6197596400632,40.6105814107854,17.0325187525216,15.1955099027429,20.1104270145135,2.15673156968086
