SimulationIndex,SimulationID,f0_GHz,S11ReportFreq_GHz,S11SweepSampleFreq_GHz,S11SweepSample_dB,S11_Source,Gmain_Source,MainPlane,Gmain_dBi,Gmain_Cut_dBi,PeakGain_dBi,PeakRealizedGain_dBi,FrontToBackRatio_dB,SLL_dB,HPBW_deg,SideLobeSuppression_dB,MainLobeTheta_deg,SideLobeTheta_deg,SideLobeGain_dBi,S11_f0_dB,AbsS11_f0_dB,AbsS11_f0_Linear,Objective1_Neg_Gmain,Objective2_SLL,Objective3_HPBW,Objective4_AbsS11,Gmain_Phi0_dBi,SLL_Phi0_dB,HPBW_Phi0_deg,Gmain_Phi90_dBi,SLL_Phi90_dB,HPBW_Phi90_deg,Ldir,Ldri,L1,Sdir,Sref,Wdri
169,sim_169,2.25,2.25,2.25,-5.68665408256982,ATK_OBJ_S11_F0,ATK_OBJ_PeakGain,Phi90,4.34039782062725,3.77593156485977,4.34039782062725,2.9737343148447,11.5278431531825,-13.2267966238848,NaN,13.2267966238848,12,144,-9.45086505902501,-5.68665408256982,5.68665408256982,0.519597790773959,-4.34039782062725,-13.2267966238848,NaN,0.519597790773959,3.73462753197528,-0.02505847305033,NaN,3.77593156485977,-13.2267966238848,NaN,15.4763552111874,46.3661666487715,15.3456301539024,14.1224298851293,20.7823762470462,2.23501802172222
