SimulationIndex,SimulationID,f0_GHz,S11ReportFreq_GHz,S11SweepSampleFreq_GHz,S11SweepSample_dB,S11_Source,Gmain_Source,MainPlane,Gmain_dBi,Gmain_Cut_dBi,PeakGain_dBi,PeakRealizedGain_dBi,FrontToBackRatio_dB,SLL_dB,HPBW_deg,SideLobeSuppression_dB,MainLobeTheta_deg,SideLobeTheta_deg,SideLobeGain_dBi,S11_f0_dB,AbsS11_f0_dB,AbsS11_f0_Linear,Objective1_Neg_Gmain,Objective2_SLL,Objective3_HPBW,Objective4_AbsS11,Gmain_Phi0_dBi,SLL_Phi0_dB,HPBW_Phi0_deg,Gmain_Phi90_dBi,SLL_Phi90_dB,HPBW_Phi90_deg,Ldir,Ldri,L1,Sdir,Sref,Wdri
102,sim_102,2.25,2.25,2.25,-5.10513926108456,ATK_OBJ_S11_F0,ATK_OBJ_PeakGain,Phi90,3.8212393000821,3.5979567811565,3.8212393000821,2.21813060587885,13.7827013994989,-12.5408703439414,NaN,12.5408703439414,0,154,-8.94291356278489,-5.10513926108456,5.10513926108456,0.555575437517156,-3.8212393000821,-12.5408703439414,NaN,0.555575437517156,3.5979567811565,-17.1847778365456,NaN,3.5979567811565,-12.5408703439414,NaN,18.2679851554123,45.8161484160387,17.5979178314759,14.7666355336782,18.2065626028645,2.52422894800317
