f0_GHz,S11ReportFreq_GHz,S11SweepSampleFreq_GHz,S11SweepSample_dB,S11_f0_dB,AbsS11_f0_dB,AbsS11_f0_Linear,S11_Source,PeakGain_dBi,PeakRealizedGain_dBi,FrontToBackRatio_dB,Gmain_Source,Ldir,Ldri,L1,Sdir,Sref,Wdri,SimulationIndex,SimulationID
2.25,2.25,2.25,-5.62358618157078,-5.62358618157078,5.62358618157078,0.523384299985454,ATK_OBJ_S11_F0,4.08169886588998,2.69147706199587,13.2580682721029,ATK_OBJ_PeakGain,17.9918871250133,45.7307019379294,14.8427552578504,15.0036965855497,18.2646718202028,3.7760414493103,171,sim_171
