f0_GHz,S11ReportFreq_GHz,S11SweepSampleFreq_GHz,S11SweepSample_dB,S11_f0_dB,AbsS11_f0_dB,AbsS11_f0_Linear,S11_Source,PeakGain_dBi,PeakRealizedGain_dBi,FrontToBackRatio_dB,Gmain_Source,Ldir,Ldri,L1,Sdir,Sref,Wdri,SimulationIndex,SimulationID
2.25,2.25,2.25,-4.74891064413306,-4.74891064413306,4.74891064413306,0.578834579336541,ATK_OBJ_S11_F0,3.66620853538154,1.89410189894546,7.83384121827062,ATK_OBJ_PeakGain,15.8964875253338,42.4073061436022,17.6318121730584,13.9987576554054,19.0965771653408,2.2776805717552,161,sim_161
