f0_GHz,S11ReportFreq_GHz,S11SweepSampleFreq_GHz,S11SweepSample_dB,S11_f0_dB,AbsS11_f0_dB,AbsS11_f0_Linear,S11_Source,PeakGain_dBi,PeakRealizedGain_dBi,FrontToBackRatio_dB,Gmain_Source,Ldir,Ldri,L1,Sdir,Sref,Wdri,SimulationIndex,SimulationID
2.25,2.25,2.25,-7.77512996766613,-7.77512996766613,7.77512996766613,0.40854838834266,ATK_OBJ_S11_F0,3.93600249434641,3.14291240026513,9.98310645592494,ATK_OBJ_PeakGain,14.705249644694,45.9370459184773,14.8049725791932,15.1350063397284,18.4118123880345,2.63344219148021,18,sim_018
