SimulationIndex,SimulationID,f0_GHz,S11ReportFreq_GHz,S11SweepSampleFreq_GHz,S11SweepSample_dB,S11_Source,Gmain_Source,MainPlane,Gmain_dBi,Gmain_Cut_dBi,PeakGain_dBi,PeakRealizedGain_dBi,FrontToBackRatio_dB,SLL_dB,HPBW_deg,SideLobeSuppression_dB,MainLobeTheta_deg,SideLobeTheta_deg,SideLobeGain_dBi,S11_f0_dB,AbsS11_f0_dB,AbsS11_f0_Linear,Objective1_Neg_Gmain,Objective2_SLL,Objective3_HPBW,Objective4_AbsS11,Gmain_Phi0_dBi,SLL_Phi0_dB,HPBW_Phi0_deg,Gmain_Phi90_dBi,SLL_Phi90_dB,HPBW_Phi90_deg,Ldir,Ldri,L1,Sdir,Sref,Wdri
143,sim_143,2.25,2.25,2.25,-1.61013476654908,ATK_OBJ_S11_F0,ATK_OBJ_PeakGain,Phi90,5.49922707018248,5.37659197657408,5.49922707018248,0.409783462458353,15.3466874357616,-10.0123851780885,NaN,10.0123851780885,22,132,-4.63579320151444,-1.61013476654908,1.61013476654908,0.830793828360165,-5.49922707018248,-10.0123851780885,NaN,0.830793828360165,4.71916345894954,-0.0253359671700393,NaN,5.37659197657408,-10.0123851780885,NaN,17.7092145187452,43.7138203974215,15.2323894311036,17.8621157013369,22.471543081607,3.95353409395306
