SimulationIndex,SimulationID,f0_GHz,S11ReportFreq_GHz,S11SweepSampleFreq_GHz,S11SweepSample_dB,S11_Source,Gmain_Source,MainPlane,Gmain_dBi,Gmain_Cut_dBi,PeakGain_dBi,PeakRealizedGain_dBi,FrontToBackRatio_dB,SLL_dB,HPBW_deg,SideLobeSuppression_dB,MainLobeTheta_deg,SideLobeTheta_deg,SideLobeGain_dBi,S11_f0_dB,AbsS11_f0_dB,AbsS11_f0_Linear,Objective1_Neg_Gmain,Objective2_SLL,Objective3_HPBW,Objective4_AbsS11,Gmain_Phi0_dBi,SLL_Phi0_dB,HPBW_Phi0_deg,Gmain_Phi90_dBi,SLL_Phi90_dB,HPBW_Phi90_deg,Ldir,Ldri,L1,Sdir,Sref,Wdri
10,sim_010,2.25,2.25,2.25,-5.23048564910848,ATK_OBJ_S11_F0,ATK_OBJ_PeakGain,Phi90,3.74416841900345,3.21033603491045,3.74416841900345,2.19587641433543,7.50472993226724,-10.8677878856021,NaN,10.8677878856021,0,150,-7.6574518506916,-5.23048564910848,5.23048564910848,0.547615481599161,-3.74416841900345,-10.8677878856021,NaN,0.547615481599161,3.21033603491045,-0.0260608891456,NaN,3.21033603491045,-10.8677878856021,NaN,17.4142243156087,45.8653031628015,16.1160111731256,12.703781401439,17.2474507773521,4.33214787045286
