f0_GHz,S11ReportFreq_GHz,S11SweepSampleFreq_GHz,S11SweepSample_dB,S11_f0_dB,AbsS11_f0_dB,AbsS11_f0_Linear,S11_Source,PeakGain_dBi,PeakRealizedGain_dBi,FrontToBackRatio_dB,Gmain_Source,Ldir,Ldri,L1,Sdir,Sref,Wdri,SimulationIndex,SimulationID
2.25,2.25,2.25,-3.75007553297273,-3.75007553297273,3.75007553297273,0.649375984542477,ATK_OBJ_S11_F0,4.52994139916398,2.15155465833994,17.662114999436,ATK_OBJ_PeakGain,15.423575323735,46.858005284885,17.8561351908932,17.105945091032,21.3710185774539,3.33505651096823,176,sim_176
