SimulationIndex,SimulationID,f0_GHz,S11ReportFreq_GHz,S11SweepSampleFreq_GHz,S11SweepSample_dB,S11_Source,Gmain_Source,MainPlane,Gmain_dBi,Gmain_Cut_dBi,PeakGain_dBi,PeakRealizedGain_dBi,FrontToBackRatio_dB,SLL_dB,HPBW_deg,SideLobeSuppression_dB,MainLobeTheta_deg,SideLobeTheta_deg,SideLobeGain_dBi,S11_f0_dB,AbsS11_f0_dB,AbsS11_f0_Linear,Objective1_Neg_Gmain,Objective2_SLL,Objective3_HPBW,Objective4_AbsS11,Gmain_Phi0_dBi,SLL_Phi0_dB,HPBW_Phi0_deg,Gmain_Phi90_dBi,SLL_Phi90_dB,HPBW_Phi90_deg,Ldir,Ldri,L1,Sdir,Sref,Wdri
172,sim_172,2.25,2.25,2.25,-3.29738829716231,ATK_OBJ_S11_F0,ATK_OBJ_PeakGain,Phi90,3.9100136906604,3.50293239753516,3.9100136906604,1.16899526376616,14.8778681178018,-10.7752634532805,NaN,10.7752634532805,0,144,-7.27233105574535,-3.29738829716231,3.29738829716231,0.684117319081064,-3.9100136906604,-10.7752634532805,NaN,0.684117319081064,3.50293239753515,-20.1330353453439,NaN,3.50293239753516,-10.7752634532805,NaN,17.4604502518548,42.5567966160139,17.876734455635,14.7151319358028,19.7107545150429,4.08138882963679
