SimulationIndex,SimulationID,f0_GHz,S11ReportFreq_GHz,S11SweepSampleFreq_GHz,S11SweepSample_dB,S11_Source,Gmain_Source,MainPlane,Gmain_dBi,Gmain_Cut_dBi,PeakGain_dBi,PeakRealizedGain_dBi,FrontToBackRatio_dB,SLL_dB,HPBW_deg,SideLobeSuppression_dB,MainLobeTheta_deg,SideLobeTheta_deg,SideLobeGain_dBi,S11_f0_dB,AbsS11_f0_dB,AbsS11_f0_Linear,Objective1_Neg_Gmain,Objective2_SLL,Objective3_HPBW,Objective4_AbsS11,Gmain_Phi0_dBi,SLL_Phi0_dB,HPBW_Phi0_deg,Gmain_Phi90_dBi,SLL_Phi90_dB,HPBW_Phi90_deg,Ldir,Ldri,L1,Sdir,Sref,Wdri
68,sim_068,2.25,2.25,2.25,-5.0152207753819,ATK_OBJ_S11_F0,ATK_OBJ_PeakGain,Phi90,3.57194256553931,3.31624031894165,3.57194256553931,1.92807841234906,14.4911797551638,-11.3638395325756,NaN,11.3638395325756,0,156,-8.04759921363396,-5.0152207753819,5.0152207753819,0.561356765601581,-3.57194256553931,-11.3638395325756,NaN,0.561356765601581,3.31624031894165,-0.01771892417911,NaN,3.31624031894165,-11.3638395325756,NaN,17.9247986402114,44.9360811342061,16.4794251763037,15.1622033028065,16.891301714147,2.22245306688407
