f0_GHz,S11ReportFreq_GHz,S11SweepSampleFreq_GHz,S11SweepSample_dB,S11_f0_dB,AbsS11_f0_dB,AbsS11_f0_Linear,S11_Source,PeakGain_dBi,PeakRealizedGain_dBi,FrontToBackRatio_dB,Gmain_Source,Ldir,Ldri,L1,Sdir,Sref,Wdri,SimulationIndex,SimulationID
2.25,2.25,2.25,-5.44274689405211,-5.44274689405211,5.44274689405211,0.534395331288501,ATK_OBJ_S11_F0,3.80703376857277,2.3465797167776,7.47415635817346,ATK_OBJ_PeakGain,16.2863919947036,46.7754115006009,15.9133424060008,12.1917805372792,17.5677800026562,4.42008052760311,186,sim_186
