f0_GHz,S11ReportFreq_GHz,S11SweepSampleFreq_GHz,S11SweepSample_dB,S11_f0_dB,AbsS11_f0_dB,AbsS11_f0_Linear,S11_Source,PeakGain_dBi,PeakRealizedGain_dBi,FrontToBackRatio_dB,Gmain_Source,Ldir,Ldri,L1,Sdir,Sref,Wdri,SimulationIndex,SimulationID
2.25,2.25,2.25,-2.98021062549281,-2.98021062549281,2.98021062549281,0.709560561510023,ATK_OBJ_S11_F0,4.37102396562893,1.33042475392427,11.6000628186183,ATK_OBJ_PeakGain,14.7285051864043,45.2875509854685,17.5427720343148,13.6604178393816,22.1524328664277,3.45458541759815,173,sim_173
