SimulationIndex,SimulationID,f0_GHz,S11ReportFreq_GHz,S11SweepSampleFreq_GHz,S11SweepSample_dB,S11_Source,Gmain_Source,MainPlane,Gmain_dBi,Gmain_Cut_dBi,PeakGain_dBi,PeakRealizedGain_dBi,FrontToBackRatio_dB,SLL_dB,HPBW_deg,SideLobeSuppression_dB,MainLobeTheta_deg,SideLobeTheta_deg,SideLobeGain_dBi,S11_f0_dB,AbsS11_f0_dB,AbsS11_f0_Linear,Objective1_Neg_Gmain,Objective2_SLL,Objective3_HPBW,Objective4_AbsS11,Gmain_Phi0_dBi,SLL_Phi0_dB,HPBW_Phi0_deg,Gmain_Phi90_dBi,SLL_Phi90_dB,HPBW_Phi90_deg,Ldir,Ldri,L1,Sdir,Sref,Wdri
106,sim_106,2.25,2.25,2.25,-4.95447097881237,ATK_OBJ_S11_F0,ATK_OBJ_PeakGain,Phi90,4.16001867414964,3.90716317223395,4.16001867414964,2.48791473370876,27.0002173651766,-12.3109903897622,NaN,12.3109903897622,0,144,-8.40382721752825,-4.95447097881237,4.95447097881237,0.565296701103477,-4.16001867414964,-12.3109903897622,NaN,0.565296701103477,3.90716317223395,-0.0197226049357497,NaN,3.90716317223395,-12.3109903897622,NaN,14.9325594671838,41.8713963869966,16.7754499013438,17.7379461778065,21.3946448631225,2.1783468442055
