SimulationIndex,SimulationID,f0_GHz,S11ReportFreq_GHz,S11SweepSampleFreq_GHz,S11SweepSample_dB,S11_Source,Gmain_Source,MainPlane,Gmain_dBi,Gmain_Cut_dBi,PeakGain_dBi,PeakRealizedGain_dBi,FrontToBackRatio_dB,SLL_dB,HPBW_deg,SideLobeSuppression_dB,MainLobeTheta_deg,SideLobeTheta_deg,SideLobeGain_dBi,S11_f0_dB,AbsS11_f0_dB,AbsS11_f0_Linear,Objective1_Neg_Gmain,Objective2_SLL,Objective3_HPBW,Objective4_AbsS11,Gmain_Phi0_dBi,SLL_Phi0_dB,HPBW_Phi0_deg,Gmain_Phi90_dBi,SLL_Phi90_dB,HPBW_Phi90_deg,Ldir,Ldri,L1,Sdir,Sref,Wdri
92,sim_092,2.25,2.25,2.25,-5.35745864375928,ATK_OBJ_S11_F0,ATK_OBJ_PeakGain,Phi90,4.21577480709253,4.04128628470309,4.21577480709253,2.72075400893894,35.7671180224643,-12.5454220039927,NaN,12.5454220039927,0,152,-8.50413571928959,-5.35745864375928,5.35745864375928,0.539668498028608,-4.21577480709253,-12.5454220039927,NaN,0.539668498028608,4.04128628470308,-0.0238725847002499,NaN,4.04128628470309,-12.5454220039927,NaN,16.6290759541745,45.9995082888613,17.3647288986528,17.646620306758,19.3546950554025,2.62070867504131
