SimulationIndex,SimulationID,f0_GHz,S11ReportFreq_GHz,S11SweepSampleFreq_GHz,S11SweepSample_dB,S11_Source,Gmain_Source,MainPlane,Gmain_dBi,Gmain_Cut_dBi,PeakGain_dBi,PeakRealizedGain_dBi,FrontToBackRatio_dB,SLL_dB,HPBW_deg,SideLobeSuppression_dB,MainLobeTheta_deg,SideLobeTheta_deg,SideLobeGain_dBi,S11_f0_dB,AbsS11_f0_dB,AbsS11_f0_Linear,Objective1_Neg_Gmain,Objective2_SLL,Objective3_HPBW,Objective4_AbsS11,Gmain_Phi0_dBi,SLL_Phi0_dB,HPBW_Phi0_deg,Gmain_Phi90_dBi,SLL_Phi90_dB,HPBW_Phi90_deg,Ldir,Ldri,L1,Sdir,Sref,Wdri
160,sim_160,2.25,2.25,2.25,-4.54156576438801,ATK_OBJ_S11_F0,ATK_OBJ_PeakGain,Phi90,4.48166787493294,4.0789848763298,4.48166787493294,2.60121156041483,32.1680854362279,-12.9160546876321,NaN,12.9160546876321,6,144,-8.83706981130231,-4.54156576438801,4.54156576438801,0.592818450359371,-4.48166787493294,-12.9160546876321,NaN,0.592818450359371,4.06544005399282,-0.0267314390500601,NaN,4.0789848763298,-12.9160546876321,NaN,17.8453056181962,41.0871556733469,17.2524914583399,17.0009885095919,22.2549700098486,2.10757772415716
