f0_GHz,S11ReportFreq_GHz,S11SweepSampleFreq_GHz,S11SweepSample_dB,S11_f0_dB,AbsS11_f0_dB,AbsS11_f0_Linear,S11_Source,PeakGain_dBi,PeakRealizedGain_dBi,FrontToBackRatio_dB,Gmain_Source,Ldir,Ldri,L1,Sdir,Sref,Wdri,SimulationIndex,SimulationID
2.25,2.25,2.25,-3.26089797892436,-3.26089797892436,3.26089797892436,0.686997412046681,ATK_OBJ_S11_F0,3.39558181708768,0.6222052643967,9.91969328275806,ATK_OBJ_PeakGain,17.3988547396855,41.9318830366979,16.4278000982889,15.1167278646308,17.0348393264742,4.04372784911819,124,sim_124
