f0_GHz,S11ReportFreq_GHz,S11SweepSampleFreq_GHz,S11SweepSample_dB,S11_f0_dB,AbsS11_f0_dB,AbsS11_f0_Linear,S11_Source,PeakGain_dBi,PeakRealizedGain_dBi,FrontToBackRatio_dB,Gmain_Source,Ldir,Ldri,L1,Sdir,Sref,Wdri,SimulationIndex,SimulationID
2.25,2.25,2.25,-4.0853891361836,-4.0853891361836,4.0853891361836,0.624784926415638,ATK_OBJ_S11_F0,4.27473787473576,2.12549945867411,12.924827347109,ATK_OBJ_PeakGain,15.077637330009,41.8228301848096,15.0110452323372,15.6353790553147,21.5026566120503,4.05368976005037,139,sim_139
