SimulationIndex,SimulationID,f0_GHz,S11ReportFreq_GHz,S11SweepSampleFreq_GHz,S11SweepSample_dB,S11_Source,Gmain_Source,MainPlane,Gmain_dBi,Gmain_Cut_dBi,PeakGain_dBi,PeakRealizedGain_dBi,FrontToBackRatio_dB,SLL_dB,HPBW_deg,SideLobeSuppression_dB,MainLobeTheta_deg,SideLobeTheta_deg,SideLobeGain_dBi,S11_f0_dB,AbsS11_f0_dB,AbsS11_f0_Linear,Objective1_Neg_Gmain,Objective2_SLL,Objective3_HPBW,Objective4_AbsS11,Gmain_Phi0_dBi,SLL_Phi0_dB,HPBW_Phi0_deg,Gmain_Phi90_dBi,SLL_Phi90_dB,HPBW_Phi90_deg,Ldir,Ldri,L1,Sdir,Sref,Wdri
138,sim_138,2.25,2.25,2.25,-3.51344788332121,ATK_OBJ_S11_F0,ATK_OBJ_PeakGain,Phi90,3.76910527628191,3.11582151990334,3.76910527628191,1.20966673280551,7.98438943449035,-10.4920563676095,NaN,10.4920563676095,0,146,-7.37623484770614,-3.51344788332121,3.51344788332121,0.667309958202367,-3.76910527628191,-10.4920563676095,NaN,0.667309958202367,3.11582151990334,-0.0237564945714697,NaN,3.11582151990334,-10.4920563676095,NaN,16.1712239958542,41.9981462077772,17.4664492079472,12.5914949203951,19.7097511116289,2.99252610773796
