SimulationIndex,SimulationID,f0_GHz,S11ReportFreq_GHz,S11SweepSampleFreq_GHz,S11SweepSample_dB,S11_Source,Gmain_Source,MainPlane,Gmain_dBi,Gmain_Cut_dBi,PeakGain_dBi,PeakRealizedGain_dBi,FrontToBackRatio_dB,SLL_dB,HPBW_deg,SideLobeSuppression_dB,MainLobeTheta_deg,SideLobeTheta_deg,SideLobeGain_dBi,S11_f0_dB,AbsS11_f0_dB,AbsS11_f0_Linear,Objective1_Neg_Gmain,Objective2_SLL,Objective3_HPBW,Objective4_AbsS11,Gmain_Phi0_dBi,SLL_Phi0_dB,HPBW_Phi0_deg,Gmain_Phi90_dBi,SLL_Phi90_dB,HPBW_Phi90_deg,Ldir,Ldri,L1,Sdir,Sref,Wdri
165,sim_165,2.25,2.25,2.25,-4.54123941563406,ATK_OBJ_S11_F0,ATK_OBJ_PeakGain,Phi90,3.8263994044805,3.34114955769609,3.8263994044805,1.94576624358266,9.66241694883629,-11.6922200871611,NaN,11.6922200871611,0,150,-8.35107052946501,-4.54123941563406,4.54123941563406,0.592840724323832,-3.8263994044805,-11.6922200871611,NaN,0.592840724323832,3.34114955769609,-0.02532079805709,NaN,3.34114955769609,-11.6922200871611,NaN,18.0116813866656,45.7436684634691,16.8090268116071,12.9150497732024,18.7963920567898,2.74618591513984
