SimulationIndex,SimulationID,f0_GHz,S11ReportFreq_GHz,S11SweepSampleFreq_GHz,S11SweepSample_dB,S11_Source,Gmain_Source,MainPlane,Gmain_dBi,Gmain_Cut_dBi,PeakGain_dBi,PeakRealizedGain_dBi,FrontToBackRatio_dB,SLL_dB,HPBW_deg,SideLobeSuppression_dB,MainLobeTheta_deg,SideLobeTheta_deg,SideLobeGain_dBi,S11_f0_dB,AbsS11_f0_dB,AbsS11_f0_Linear,Objective1_Neg_Gmain,Objective2_SLL,Objective3_HPBW,Objective4_AbsS11,Gmain_Phi0_dBi,SLL_Phi0_dB,HPBW_Phi0_deg,Gmain_Phi90_dBi,SLL_Phi90_dB,HPBW_Phi90_deg,Ldir,Ldri,L1,Sdir,Sref,Wdri
72,sim_072,2.25,2.25,2.25,-4.98520400512291,ATK_OBJ_S11_F0,ATK_OBJ_PeakGain,Phi90,3.43631480605482,3.22302098990534,3.43631480605482,1.77856955320995,11.8840083858266,-10.5309541267608,NaN,10.5309541267608,0,156,-7.30793313685544,-4.98520400512291,4.98520400512291,0.563300062917773,-3.43631480605482,-10.5309541267608,NaN,0.563300062917773,3.22302098990534,-0.01110272368896,NaN,3.22302098990534,-10.5309541267608,NaN,16.0033585429136,44.6666527698643,17.8282685457804,16.8120416056144,16.7740134149998,2.41420009235775
