SimulationIndex,SimulationID,f0_GHz,S11ReportFreq_GHz,S11SweepSampleFreq_GHz,S11SweepSample_dB,S11_Source,Gmain_Source,MainPlane,Gmain_dBi,Gmain_Cut_dBi,PeakGain_dBi,PeakRealizedGain_dBi,FrontToBackRatio_dB,SLL_dB,HPBW_deg,SideLobeSuppression_dB,MainLobeTheta_deg,SideLobeTheta_deg,SideLobeGain_dBi,S11_f0_dB,AbsS11_f0_dB,AbsS11_f0_Linear,Objective1_Neg_Gmain,Objective2_SLL,Objective3_HPBW,Objective4_AbsS11,Gmain_Phi0_dBi,SLL_Phi0_dB,HPBW_Phi0_deg,Gmain_Phi90_dBi,SLL_Phi90_dB,HPBW_Phi90_deg,Ldir,Ldri,L1,Sdir,Sref,Wdri
96,sim_096,2.25,2.25,2.25,-4.2400809009281,ATK_OBJ_S11_F0,ATK_OBJ_PeakGain,Phi90,4.17100056631473,3.46370953193707,4.17100056631473,2.11799425876999,9.1282178542761,-11.3307378806027,NaN,11.3307378806027,0,142,-7.86702834866566,-4.2400809009281,4.2400809009281,0.613756288573094,-4.17100056631473,-11.3307378806027,NaN,0.613756288573094,3.46370953193706,-0.0229693411574701,NaN,3.46370953193707,-11.3307378806027,NaN,16.4026634201521,44.0285077539068,15.4786895654624,12.8180422799737,20.6950526470668,3.26784740744436
