f0_GHz,S11ReportFreq_GHz,S11SweepSampleFreq_GHz,S11SweepSample_dB,S11_f0_dB,AbsS11_f0_dB,AbsS11_f0_Linear,S11_Source,PeakGain_dBi,PeakRealizedGain_dBi,FrontToBackRatio_dB,Gmain_Source,Ldir,Ldri,L1,Sdir,Sref,Wdri,SimulationIndex,SimulationID
2.25,2.25,2.25,-3.37353865062339,-3.37353865062339,3.37353865062339,0.678145786121353,ATK_OBJ_S11_F0,4.37591568917079,1.70080455164639,15.7352046850085,ATK_OBJ_PeakGain,18.4377302386615,43.3928699597124,15.966928975226,14.4633784542308,22.130748754356,3.69522313233924,69,sim_069
