SimulationIndex,SimulationID,f0_GHz,S11ReportFreq_GHz,S11SweepSampleFreq_GHz,S11SweepSample_dB,S11_Source,Gmain_Source,MainPlane,Gmain_dBi,Gmain_Cut_dBi,PeakGain_dBi,PeakRealizedGain_dBi,FrontToBackRatio_dB,SLL_dB,HPBW_deg,SideLobeSuppression_dB,MainLobeTheta_deg,SideLobeTheta_deg,SideLobeGain_dBi,S11_f0_dB,AbsS11_f0_dB,AbsS11_f0_Linear,Objective1_Neg_Gmain,Objective2_SLL,Objective3_HPBW,Objective4_AbsS11,Gmain_Phi0_dBi,SLL_Phi0_dB,HPBW_Phi0_deg,Gmain_Phi90_dBi,SLL_Phi90_dB,HPBW_Phi90_deg,Ldir,Ldri,L1,Sdir,Sref,Wdri
73,sim_073,2.25,2.25,2.25,-4.43832459886554,ATK_OBJ_S11_F0,ATK_OBJ_PeakGain,Phi90,3.55568442051969,3.1064759822197,3.55568442051969,1.61824312976967,5.62718530963847,-10.193007370582,NaN,10.193007370582,0,148,-7.08653138836231,-4.43832459886554,4.43832459886554,0.59990677972553,-3.55568442051969,-10.193007370582,NaN,0.59990677972553,3.10647598221969,-0.0185226924459001,NaN,3.1064759822197,-10.193007370582,NaN,17.1595736129928,41.031347386546,15.7043546413671,12.9550009069036,19.0705583905324,2.00986114149571
