SimulationIndex,SimulationID,f0_GHz,S11ReportFreq_GHz,S11SweepSampleFreq_GHz,S11SweepSample_dB,S11_Source,Gmain_Source,MainPlane,Gmain_dBi,Gmain_Cut_dBi,PeakGain_dBi,PeakRealizedGain_dBi,FrontToBackRatio_dB,SLL_dB,HPBW_deg,SideLobeSuppression_dB,MainLobeTheta_deg,SideLobeTheta_deg,SideLobeGain_dBi,S11_f0_dB,AbsS11_f0_dB,AbsS11_f0_Linear,Objective1_Neg_Gmain,Objective2_SLL,Objective3_HPBW,Objective4_AbsS11,Gmain_Phi0_dBi,SLL_Phi0_dB,HPBW_Phi0_deg,Gmain_Phi90_dBi,SLL_Phi90_dB,HPBW_Phi90_deg,Ldir,Ldri,L1,Sdir,Sref,Wdri
163,sim_163,2.25,2.25,2.25,-4.3094572567806,ATK_OBJ_S11_F0,ATK_OBJ_PeakGain,Phi90,3.68836508209969,3.30576377877972,3.68836508209969,1.67675572341022,11.9982812116637,-10.2790633932514,NaN,10.2790633932514,0,148,-6.97329961447167,-4.3094572567806,4.3094572567806,0.60887359041797,-3.68836508209969,-10.2790633932514,NaN,0.60887359041797,3.30576377877971,-0.0151915799449998,NaN,3.30576377877972,-10.2790633932514,NaN,17.2346049758454,40.7562753067542,16.2809510934623,15.4331711161016,18.2367849995795,2.19986482262049
