f0_GHz,S11ReportFreq_GHz,S11SweepSampleFreq_GHz,S11SweepSample_dB,S11_f0_dB,AbsS11_f0_dB,AbsS11_f0_Linear,S11_Source,PeakGain_dBi,PeakRealizedGain_dBi,FrontToBackRatio_dB,Gmain_Source,Ldir,Ldri,L1,Sdir,Sref,Wdri,SimulationIndex,SimulationID
2.25,2.25,2.25,-3.38132983680445,-3.38132983680445,3.38132983680445,0.677537766523294,ATK_OBJ_S11_F0,3.9403021645999,1.27181380433994,9.4136344662125,ATK_OBJ_PeakGain,14.9019742455731,41.5494603016302,18.342138833171,13.4654612767937,20.961469062125,2.84966267029866,41,sim_041
