SimulationIndex,SimulationID,f0_GHz,S11ReportFreq_GHz,S11SweepSampleFreq_GHz,S11SweepSample_dB,S11_Source,Gmain_Source,MainPlane,Gmain_dBi,Gmain_Cut_dBi,PeakGain_dBi,PeakRealizedGain_dBi,FrontToBackRatio_dB,SLL_dB,HPBW_deg,SideLobeSuppression_dB,MainLobeTheta_deg,SideLobeTheta_deg,SideLobeGain_dBi,S11_f0_dB,AbsS11_f0_dB,AbsS11_f0_Linear,Objective1_Neg_Gmain,Objective2_SLL,Objective3_HPBW,Objective4_AbsS11,Gmain_Phi0_dBi,SLL_Phi0_dB,HPBW_Phi0_deg,Gmain_Phi90_dBi,SLL_Phi90_dB,HPBW_Phi90_deg,Ldir,Ldri,L1,Sdir,Sref,Wdri
150,sim_150,2.25,2.25,2.25,-3.80387153825504,ATK_OBJ_S11_F0,ATK_OBJ_PeakGain,Phi90,3.84550609279464,3.38665103875607,3.84550609279464,1.50593011145632,11.6783596115491,-10.0024488168103,NaN,10.0024488168103,0,144,-6.61579777805422,-3.80387153825504,3.80387153825504,0.645366507437052,-3.84550609279464,-10.0024488168103,NaN,0.645366507437052,3.38665103875607,-0.0230619821382501,NaN,3.38665103875607,-10.0024488168103,NaN,14.5485650598596,41.5283770642551,17.1065550992099,14.6746247834751,20.0700102438665,3.51130902476833
