SimulationIndex,SimulationID,f0_GHz,S11ReportFreq_GHz,S11SweepSampleFreq_GHz,S11SweepSample_dB,S11_Source,Gmain_Source,MainPlane,Gmain_dBi,Gmain_Cut_dBi,PeakGain_dBi,PeakRealizedGain_dBi,FrontToBackRatio_dB,SLL_dB,HPBW_deg,SideLobeSuppression_dB,MainLobeTheta_deg,SideLobeTheta_deg,SideLobeGain_dBi,S11_f0_dB,AbsS11_f0_dB,AbsS11_f0_Linear,Objective1_Neg_Gmain,Objective2_SLL,Objective3_HPBW,Objective4_AbsS11,Gmain_Phi0_dBi,SLL_Phi0_dB,HPBW_Phi0_deg,Gmain_Phi90_dBi,SLL_Phi90_dB,HPBW_Phi90_deg,Ldir,Ldri,L1,Sdir,Sref,Wdri
90,sim_090,2.25,2.25,2.25,-0.709000508128774,ATK_OBJ_S11_F0,ATK_OBJ_PeakGain,Phi90,5.57308592219594,5.43676570904435,5.57308592219594,-2.64797027021572,6.14274695530802,-8.31685586863429,NaN,8.31685586863429,26,128,-2.88009015958994,-0.709000508128774,0.709000508128774,0.921615933674041,-5.57308592219594,-8.31685586863429,NaN,0.921615933674041,4.13035843135005,-0.0349676192659398,NaN,5.43676570904435,-8.31685586863429,NaN,17.0329798298542,43.9199822067034,16.1495498439545,16.0918165028095,22.2222721521203,3.30154825633934
