SimulationIndex,SimulationID,f0_GHz,S11ReportFreq_GHz,S11SweepSampleFreq_GHz,S11SweepSample_dB,S11_Source,Gmain_Source,MainPlane,Gmain_dBi,Gmain_Cut_dBi,PeakGain_dBi,PeakRealizedGain_dBi,FrontToBackRatio_dB,SLL_dB,HPBW_deg,SideLobeSuppression_dB,MainLobeTheta_deg,SideLobeTheta_deg,SideLobeGain_dBi,S11_f0_dB,AbsS11_f0_dB,AbsS11_f0_Linear,Objective1_Neg_Gmain,Objective2_SLL,Objective3_HPBW,Objective4_AbsS11,Gmain_Phi0_dBi,SLL_Phi0_dB,HPBW_Phi0_deg,Gmain_Phi90_dBi,SLL_Phi90_dB,HPBW_Phi90_deg,Ldir,Ldri,L1,Sdir,Sref,Wdri
132,sim_132,2.25,2.25,2.25,-3.48020114430249,ATK_OBJ_S11_F0,ATK_OBJ_PeakGain,Phi90,4.10636425630119,3.841293548246,4.10636425630119,1.52005033405652,30.1909708537529,-11.7679578222753,NaN,11.7679578222753,0,148,-7.92666427402926,-3.48020114430249,3.48020114430249,0.669869096680587,-4.10636425630119,-11.7679578222753,NaN,0.669869096680587,3.841293548246,-0.0282146189793799,NaN,3.841293548246,-11.7679578222753,NaN,18.1933305582681,45.2171715827462,17.9346117072301,15.3999771422201,19.1178889210119,4.24121692866711
