f0_GHz,S11ReportFreq_GHz,S11SweepSampleFreq_GHz,S11SweepSample_dB,S11_f0_dB,AbsS11_f0_dB,AbsS11_f0_Linear,S11_Source,PeakGain_dBi,PeakRealizedGain_dBi,FrontToBackRatio_dB,Gmain_Source,Ldir,Ldri,L1,Sdir,Sref,Wdri,SimulationIndex,SimulationID
2.25,2.25,2.25,-0.709000508128774,-0.709000508128774,0.709000508128774,0.921615933674041,ATK_OBJ_S11_F0,5.57308592219594,-2.64797027021572,6.14274695530802,ATK_OBJ_PeakGain,17.0329798298542,43.9199822067034,16.1495498439545,16.0918165028095,22.2222721521203,3.30154825633934,90,sim_090
