f0_GHz,S11ReportFreq_GHz,S11SweepSampleFreq_GHz,S11SweepSample_dB,S11_f0_dB,AbsS11_f0_dB,AbsS11_f0_Linear,S11_Source,PeakGain_dBi,PeakRealizedGain_dBi,FrontToBackRatio_dB,Gmain_Source,Ldir,Ldri,L1,Sdir,Sref,Wdri,SimulationIndex,SimulationID
2.25,2.25,2.25,-5.75046694670918,-5.75046694670918,5.75046694670918,0.515794435617018,ATK_OBJ_S11_F0,4.08175922048649,2.73846006464835,15.696400225435,ATK_OBJ_PeakGain,14.9875254442056,41.295361781642,14.9538948646627,17.977245052252,20.0078845341728,2.6858862773938,148,sim_148
