f0_GHz,S11ReportFreq_GHz,S11SweepSampleFreq_GHz,S11SweepSample_dB,S11_f0_dB,AbsS11_f0_dB,AbsS11_f0_Linear,S11_Source,PeakGain_dBi,PeakRealizedGain_dBi,FrontToBackRatio_dB,Gmain_Source,Ldir,Ldri,L1,Sdir,Sref,Wdri,SimulationIndex,SimulationID
2.25,2.25,2.25,-0.566534069749543,-0.566534069749543,0.566534069749543,0.93685697932774,ATK_OBJ_S11_F0,5.30102516737002,-3.8247457628824,4.66019708954926,ATK_OBJ_PeakGain,17.1727706151654,46.3815084975165,16.3008459559583,14.8583817589576,20.8886125383944,2.0236994328455,183,sim_183
