f0_GHz,S11ReportFreq_GHz,S11SweepSampleFreq_GHz,S11SweepSample_dB,S11_f0_dB,AbsS11_f0_dB,AbsS11_f0_Linear,S11_Source,PeakGain_dBi,PeakRealizedGain_dBi,FrontToBackRatio_dB,Gmain_Source,Ldir,Ldri,L1,Sdir,Sref,Wdri,SimulationIndex,SimulationID
2.25,2.25,2.25,-2.89950911631129,-2.89950911631129,2.89950911631129,0.716183884253838,ATK_OBJ_S11_F0,4.13162964896155,1.00763836411656,13.6355801352589,ATK_OBJ_PeakGain,15.9995949675671,40.966908592481,17.4209010221495,15.6729083353522,21.5262843933931,4.09809888152892,2,sim_002
