f0_GHz,S11ReportFreq_GHz,S11SweepSampleFreq_GHz,S11SweepSample_dB,S11_f0_dB,AbsS11_f0_dB,AbsS11_f0_Linear,S11_Source,PeakGain_dBi,PeakRealizedGain_dBi,FrontToBackRatio_dB,Gmain_Source,Ldir,Ldri,L1,Sdir,Sref,Wdri,SimulationIndex,SimulationID
2.25,2.25,2.25,-3.448776806634,-3.448776806634,3.448776806634,0.672296978896442,ATK_OBJ_S11_F0,3.81737634029005,1.20531484389265,8.32882655815578,ATK_OBJ_PeakGain,16.6413761219824,44.8562196012086,17.0637841368624,12.7471932979953,18.8415394127045,4.39430652422933,185,sim_185
