f0_GHz,S11ReportFreq_GHz,S11SweepSampleFreq_GHz,S11SweepSample_dB,S11_f0_dB,AbsS11_f0_dB,AbsS11_f0_Linear,S11_Source,PeakGain_dBi,PeakRealizedGain_dBi,FrontToBackRatio_dB,Gmain_Source,Ldir,Ldri,L1,Sdir,Sref,Wdri,SimulationIndex,SimulationID
2.25,2.25,2.25,-3.14104514983208,-3.14104514983208,3.14104514983208,0.696542695951382,ATK_OBJ_S11_F0,3.38369579703034,0.500319686496931,7.08105113515827,ATK_OBJ_PeakGain,18.3267071367993,40.5797742849758,18.2387932202032,12.5096090482435,17.5329989693163,3.2413643702362,43,sim_043
