SimulationIndex,SimulationID,f0_GHz,S11ReportFreq_GHz,S11SweepSampleFreq_GHz,S11SweepSample_dB,S11_Source,Gmain_Source,MainPlane,Gmain_dBi,Gmain_Cut_dBi,PeakGain_dBi,PeakRealizedGain_dBi,FrontToBackRatio_dB,SLL_dB,HPBW_deg,SideLobeSuppression_dB,MainLobeTheta_deg,SideLobeTheta_deg,SideLobeGain_dBi,S11_f0_dB,AbsS11_f0_dB,AbsS11_f0_Linear,Objective1_Neg_Gmain,Objective2_SLL,Objective3_HPBW,Objective4_AbsS11,Gmain_Phi0_dBi,SLL_Phi0_dB,HPBW_Phi0_deg,Gmain_Phi90_dBi,SLL_Phi90_dB,HPBW_Phi90_deg,Ldir,Ldri,L1,Sdir,Sref,Wdri
39,sim_039,2.25,2.25,2.25,-3.14403170139949,ATK_OBJ_S11_F0,ATK_OBJ_PeakGain,Phi90,3.50866461913916,3.00324115956938,3.50866461913916,0.628101142174094,6.96690389336673,-9.10098003791674,NaN,9.10098003791674,0,150,-6.09773887834736,-3.14403170139949,3.14403170139949,0.696303238259635,-3.50866461913916,-9.10098003791674,NaN,0.696303238259635,3.00324115956937,-0.0237656145265803,NaN,3.00324115956938,-9.10098003791674,NaN,16.9982657365528,40.3798549354369,16.0436428215178,12.7801373887184,17.337520081226,3.60045531894407
