f0_GHz,S11ReportFreq_GHz,S11SweepSampleFreq_GHz,S11SweepSample_dB,S11_f0_dB,AbsS11_f0_dB,AbsS11_f0_Linear,S11_Source,PeakGain_dBi,PeakRealizedGain_dBi,FrontToBackRatio_dB,Gmain_Source,Ldir,Ldri,L1,Sdir,Sref,Wdri,SimulationIndex,SimulationID
2.25,2.25,2.25,-0.910778495910462,-0.910778495910462,0.910778495910462,0.900453053639156,ATK_OBJ_S11_F0,4.97564274523151,-2.25550637235525,9.03391603462956,ATK_OBJ_PeakGain,15.6105375166102,42.7023131335898,17.9619817929936,13.4244801412619,21.3422319243407,2.11569284318672,103,sim_103
