SimulationIndex,SimulationID,f0_GHz,S11ReportFreq_GHz,S11SweepSampleFreq_GHz,S11SweepSample_dB,S11_Source,Gmain_Source,MainPlane,Gmain_dBi,Gmain_Cut_dBi,PeakGain_dBi,PeakRealizedGain_dBi,FrontToBackRatio_dB,SLL_dB,HPBW_deg,SideLobeSuppression_dB,MainLobeTheta_deg,SideLobeTheta_deg,SideLobeGain_dBi,S11_f0_dB,AbsS11_f0_dB,AbsS11_f0_Linear,Objective1_Neg_Gmain,Objective2_SLL,Objective3_HPBW,Objective4_AbsS11,Gmain_Phi0_dBi,SLL_Phi0_dB,HPBW_Phi0_deg,Gmain_Phi90_dBi,SLL_Phi90_dB,HPBW_Phi90_deg,Ldir,Ldri,L1,Sdir,Sref,Wdri
52,sim_052,2.25,2.25,2.25,-3.96273992829061,ATK_OBJ_S11_F0,ATK_OBJ_PeakGain,Phi90,3.7262698324653,3.45810508438273,3.7262698324653,1.49663995176771,10.8353922285563,-10.0154305547402,NaN,10.0154305547402,0,156,-6.55732547035751,-3.96273992829061,3.96273992829061,0.633669791187819,-3.7262698324653,-10.0154305547402,NaN,0.633669791187819,3.45810508438273,-0.0118367679683198,NaN,3.45810508438273,-10.0154305547402,NaN,16.9580744112111,42.8217335525377,18.093247637208,17.6255093704412,16.589429344828,3.38372817408284
