f0_GHz,S11ReportFreq_GHz,S11SweepSampleFreq_GHz,S11SweepSample_dB,S11_f0_dB,AbsS11_f0_dB,AbsS11_f0_Linear,S11_Source,PeakGain_dBi,PeakRealizedGain_dBi,FrontToBackRatio_dB,Gmain_Source,Ldir,Ldri,L1,Sdir,Sref,Wdri,SimulationIndex,SimulationID
2.25,2.25,2.25,-6.21894156132278,-6.21894156132278,6.21894156132278,0.488711908806675,ATK_OBJ_S11_F0,3.98808734212485,2.80285074047511,11.7225156024969,ATK_OBJ_PeakGain,18.0775930744896,44.9869830293005,14.5171236458401,14.5672816770449,18.6538987405593,2.91616039444961,168,sim_168
