SimulationIndex,SimulationID,f0_GHz,S11ReportFreq_GHz,S11SweepSampleFreq_GHz,S11SweepSample_dB,S11_Source,Gmain_Source,MainPlane,Gmain_dBi,Gmain_Cut_dBi,PeakGain_dBi,PeakRealizedGain_dBi,FrontToBackRatio_dB,SLL_dB,HPBW_deg,SideLobeSuppression_dB,MainLobeTheta_deg,SideLobeTheta_deg,SideLobeGain_dBi,S11_f0_dB,AbsS11_f0_dB,AbsS11_f0_Linear,Objective1_Neg_Gmain,Objective2_SLL,Objective3_HPBW,Objective4_AbsS11,Gmain_Phi0_dBi,SLL_Phi0_dB,HPBW_Phi0_deg,Gmain_Phi90_dBi,SLL_Phi90_dB,HPBW_Phi90_deg,Ldir,Ldri,L1,Sdir,Sref,Wdri
181,sim_181,2.25,2.25,2.25,-4.53307608408142,ATK_OBJ_S11_F0,ATK_OBJ_PeakGain,Phi90,3.83738706321989,3.72708384315619,3.83738706321989,1.95232356760818,18.8954623641046,-11.2197208007161,NaN,11.2197208007161,0,152,-7.49263695755992,-4.53307608408142,4.53307608408142,0.593398160637744,-3.83738706321989,-11.2197208007161,NaN,0.593398160637744,3.72708384315619,-0.0192532133325303,NaN,3.72708384315619,-11.2197208007161,NaN,18.153918986266,42.7341122498253,17.8889888711314,17.2202927594966,18.6667520364638,2.08297372025014
