f0_GHz,S11ReportFreq_GHz,S11SweepSampleFreq_GHz,S11SweepSample_dB,S11_f0_dB,AbsS11_f0_dB,AbsS11_f0_Linear,S11_Source,PeakGain_dBi,PeakRealizedGain_dBi,FrontToBackRatio_dB,Gmain_Source,Ldir,Ldri,L1,Sdir,Sref,Wdri,SimulationIndex,SimulationID
2.25,2.25,2.25,-0.586963740865098,-0.586963740865098,0.586963740865098,0.934656031625839,ATK_OBJ_S11_F0,5.62712564421541,-3.35478168019159,5.26455813234822,ATK_OBJ_PeakGain,18.1094217674908,45.2794772314347,16.4545220886333,15.7308134668014,20.876999483893,4.30304559890771,76,sim_076
