f0_GHz,S11ReportFreq_GHz,S11SweepSampleFreq_GHz,S11SweepSample_dB,S11_f0_dB,AbsS11_f0_dB,AbsS11_f0_Linear,S11_Source,PeakGain_dBi,PeakRealizedGain_dBi,FrontToBackRatio_dB,Gmain_Source,Ldir,Ldri,L1,Sdir,Sref,Wdri,SimulationIndex,SimulationID
2.25,2.25,2.25,-3.51344788332121,-3.51344788332121,3.51344788332121,0.667309958202367,ATK_OBJ_S11_F0,3.76910527628191,1.20966673280551,7.98438943449035,ATK_OBJ_PeakGain,16.1712239958542,41.9981462077772,17.4664492079472,12.5914949203951,19.7097511116289,2.99252610773796,138,sim_138
