f0_GHz,S11ReportFreq_GHz,S11SweepSampleFreq_GHz,S11SweepSample_dB,S11_f0_dB,AbsS11_f0_dB,AbsS11_f0_Linear,S11_Source,PeakGain_dBi,PeakRealizedGain_dBi,FrontToBackRatio_dB,Gmain_Source,Ldir,Ldri,L1,Sdir,Sref,Wdri,SimulationIndex,SimulationID
2.25,2.25,2.25,-3.32936568896391,-3.32936568896391,3.32936568896391,0.681603348872831,ATK_OBJ_S11_F0,4.10427914265063,1.39119969049023,11.4167519878347,ATK_OBJ_PeakGain,14.6328952907374,43.1411209699696,16.3498469020877,14.9782443421451,21.0896483141777,4.45688513593725,147,sim_147
