f0_GHz,S11ReportFreq_GHz,S11SweepSampleFreq_GHz,S11SweepSample_dB,S11_f0_dB,AbsS11_f0_dB,AbsS11_f0_Linear,S11_Source,PeakGain_dBi,PeakRealizedGain_dBi,FrontToBackRatio_dB,Gmain_Source,Ldir,Ldri,L1,Sdir,Sref,Wdri,SimulationIndex,SimulationID
2.25,2.25,2.25,-4.2636059191931,-4.2636059191931,4.2636059191931,0.61209622918692,ATK_OBJ_S11_F0,3.66321675555665,1.62436639086042,7.69225427230413,ATK_OBJ_PeakGain,15.4406108189261,41.4258244578829,15.7682318702682,14.0682575679093,18.5733242796386,3.86674982758103,57,sim_057
