SimulationIndex,SimulationID,f0_GHz,S11ReportFreq_GHz,S11SweepSampleFreq_GHz,S11SweepSample_dB,S11_Source,Gmain_Source,MainPlane,Gmain_dBi,Gmain_Cut_dBi,PeakGain_dBi,PeakRealizedGain_dBi,FrontToBackRatio_dB,SLL_dB,HPBW_deg,SideLobeSuppression_dB,MainLobeTheta_deg,SideLobeTheta_deg,SideLobeGain_dBi,S11_f0_dB,AbsS11_f0_dB,AbsS11_f0_Linear,Objective1_Neg_Gmain,Objective2_SLL,Objective3_HPBW,Objective4_AbsS11,Gmain_Phi0_dBi,SLL_Phi0_dB,HPBW_Phi0_deg,Gmain_Phi90_dBi,SLL_Phi90_dB,HPBW_Phi90_deg,Ldir,Ldri,L1,Sdir,Sref,Wdri
16,sim_016,2.25,2.25,2.25,-5.20067011259699,ATK_OBJ_S11_F0,ATK_OBJ_PeakGain,Phi90,3.68014232691939,3.4066890686313,3.68014232691939,2.11901648795652,12.4319545908874,-10.4454492953581,NaN,10.4454492953581,0,150,-7.03876022672676,-5.20067011259699,5.20067011259699,0.54949847865431,-3.68014232691939,-10.4454492953581,NaN,0.54949847865431,3.4066890686313,-0.0181114081482097,NaN,3.4066890686313,-10.4454492953581,NaN,16.5501571656932,42.8423291779407,15.6306010340953,15.782342071591,16.9838179809998,4.31832078010456
