SimulationIndex,SimulationID,f0_GHz,S11ReportFreq_GHz,S11SweepSampleFreq_GHz,S11SweepSample_dB,S11_Source,Gmain_Source,MainPlane,Gmain_dBi,Gmain_Cut_dBi,PeakGain_dBi,PeakRealizedGain_dBi,FrontToBackRatio_dB,SLL_dB,HPBW_deg,SideLobeSuppression_dB,MainLobeTheta_deg,SideLobeTheta_deg,SideLobeGain_dBi,S11_f0_dB,AbsS11_f0_dB,AbsS11_f0_Linear,Objective1_Neg_Gmain,Objective2_SLL,Objective3_HPBW,Objective4_AbsS11,Gmain_Phi0_dBi,SLL_Phi0_dB,HPBW_Phi0_deg,Gmain_Phi90_dBi,SLL_Phi90_dB,HPBW_Phi90_deg,Ldir,Ldri,L1,Sdir,Sref,Wdri
55,sim_055,2.25,2.25,2.25,-5.78960545530396,ATK_OBJ_S11_F0,ATK_OBJ_PeakGain,Phi90,4.37016114185604,3.69007032259643,4.37016114185604,3.0409622367156,9.8408516370776,-13.0810203449663,NaN,13.0810203449663,10,142,-9.39095002236984,-5.78960545530396,5.78960545530396,0.513475500897895,-4.37016114185604,-13.0810203449663,NaN,0.513475500897895,3.65957366531958,-0.02834269617159,NaN,3.69007032259643,-13.0810203449663,NaN,15.4939749166467,45.2125920484613,14.7336035674246,13.2477144953143,21.2707089739997,2.13790091058025
