SimulationIndex,SimulationID,f0_GHz,S11ReportFreq_GHz,S11SweepSampleFreq_GHz,S11SweepSample_dB,S11_Source,Gmain_Source,MainPlane,Gmain_dBi,Gmain_Cut_dBi,PeakGain_dBi,PeakRealizedGain_dBi,FrontToBackRatio_dB,SLL_dB,HPBW_deg,SideLobeSuppression_dB,MainLobeTheta_deg,SideLobeTheta_deg,SideLobeGain_dBi,S11_f0_dB,AbsS11_f0_dB,AbsS11_f0_Linear,Objective1_Neg_Gmain,Objective2_SLL,Objective3_HPBW,Objective4_AbsS11,Gmain_Phi0_dBi,SLL_Phi0_dB,HPBW_Phi0_deg,Gmain_Phi90_dBi,SLL_Phi90_dB,HPBW_Phi90_deg,Ldir,Ldri,L1,Sdir,Sref,Wdri
182,sim_182,2.25,2.25,2.25,-3.64351443368594,ATK_OBJ_S11_F0,ATK_OBJ_PeakGain,Phi90,3.45287128991165,2.87396447095994,3.45287128991165,0.995100745042202,10.5281529346213,-8.96508442235675,NaN,8.96508442235675,0,154,-6.09111995139681,-3.64351443368594,3.64351443368594,0.657391793527385,-3.45287128991165,-8.96508442235675,NaN,0.657391793527385,2.87396447095993,-0.01545557108185,NaN,2.87396447095994,-8.96508442235675,NaN,15.3139977569986,40.1974251273038,18.0192706057369,14.9559684921318,16.75050041757,2.97520149752353
