f0_GHz,S11ReportFreq_GHz,S11SweepSampleFreq_GHz,S11SweepSample_dB,S11_f0_dB,AbsS11_f0_dB,AbsS11_f0_Linear,S11_Source,PeakGain_dBi,PeakRealizedGain_dBi,FrontToBackRatio_dB,Gmain_Source,Ldir,Ldri,L1,Sdir,Sref,Wdri,SimulationIndex,SimulationID
2.25,2.25,2.25,-3.41654399792643,-3.41654399792643,3.41654399792643,0.674796466993398,ATK_OBJ_S11_F0,4.18904169726703,1.55021460913365,33.9074197338089,ATK_OBJ_PeakGain,17.6390326092956,41.4663229586404,17.3300256582641,17.0611785226275,18.9028388660959,4.02244943731945,117,sim_117
