SimulationIndex,SimulationID,f0_GHz,S11ReportFreq_GHz,S11SweepSampleFreq_GHz,S11SweepSample_dB,S11_Source,Gmain_Source,MainPlane,Gmain_dBi,Gmain_Cut_dBi,PeakGain_dBi,PeakRealizedGain_dBi,FrontToBackRatio_dB,SLL_dB,HPBW_deg,SideLobeSuppression_dB,MainLobeTheta_deg,SideLobeTheta_deg,SideLobeGain_dBi,S11_f0_dB,AbsS11_f0_dB,AbsS11_f0_Linear,Objective1_Neg_Gmain,Objective2_SLL,Objective3_HPBW,Objective4_AbsS11,Gmain_Phi0_dBi,SLL_Phi0_dB,HPBW_Phi0_deg,Gmain_Phi90_dBi,SLL_Phi90_dB,HPBW_Phi90_deg,Ldir,Ldri,L1,Sdir,Sref,Wdri
64,sim_064,2.25,2.25,2.25,-4.33870527673074,ATK_OBJ_S11_F0,ATK_OBJ_PeakGain,Phi90,3.64025357118602,3.03563152594523,3.64025357118602,1.64578350354762,10.5216735571986,-9.3052682499424,NaN,9.3052682499424,0,152,-6.26963672399717,-4.33870527673074,4.33870527673074,0.606826776765195,-3.64025357118602,-9.3052682499424,NaN,0.606826776765195,3.03563152594523,-0.0144884080218901,NaN,3.03563152594523,-9.3052682499424,NaN,14.6771888461129,40.8929682096506,16.66165185454,16.0610156971595,16.7386858845653,3.0502577254265
