SimulationIndex,SimulationID,f0_GHz,S11ReportFreq_GHz,S11SweepSampleFreq_GHz,S11SweepSample_dB,S11_Source,Gmain_Source,MainPlane,Gmain_dBi,Gmain_Cut_dBi,PeakGain_dBi,PeakRealizedGain_dBi,FrontToBackRatio_dB,SLL_dB,HPBW_deg,SideLobeSuppression_dB,MainLobeTheta_deg,SideLobeTheta_deg,SideLobeGain_dBi,S11_f0_dB,AbsS11_f0_dB,AbsS11_f0_Linear,Objective1_Neg_Gmain,Objective2_SLL,Objective3_HPBW,Objective4_AbsS11,Gmain_Phi0_dBi,SLL_Phi0_dB,HPBW_Phi0_deg,Gmain_Phi90_dBi,SLL_Phi90_dB,HPBW_Phi90_deg,Ldir,Ldri,L1,Sdir,Sref,Wdri
17,sim_017,2.25,2.25,2.25,-3.56261855684733,ATK_OBJ_S11_F0,ATK_OBJ_PeakGain,Phi90,3.93057615487564,3.31939155735442,3.93057615487564,1.41021214631533,10.2761985283344,-0.00952335321631015,NaN,0.00952335321631015,22,0,3.30986820413811,-3.56261855684733,3.56261855684733,0.663543000279719,-3.93057615487564,-0.00952335321631015,NaN,0.663543000279719,3.30986820413811,-0.0246333317479497,NaN,3.31939155735442,-0.00952335321631015,NaN,17.3017103159418,42.2243301969539,14.6855013951164,12.1100712777024,18.4202594306363,2.59098798984093
