SimulationIndex,SimulationID,f0_GHz,S11ReportFreq_GHz,S11SweepSampleFreq_GHz,S11SweepSample_dB,S11_Source,Gmain_Source,MainPlane,Gmain_dBi,Gmain_Cut_dBi,PeakGain_dBi,PeakRealizedGain_dBi,FrontToBackRatio_dB,SLL_dB,HPBW_deg,SideLobeSuppression_dB,MainLobeTheta_deg,SideLobeTheta_deg,SideLobeGain_dBi,S11_f0_dB,AbsS11_f0_dB,AbsS11_f0_Linear,Objective1_Neg_Gmain,Objective2_SLL,Objective3_HPBW,Objective4_AbsS11,Gmain_Phi0_dBi,SLL_Phi0_dB,HPBW_Phi0_deg,Gmain_Phi90_dBi,SLL_Phi90_dB,HPBW_Phi90_deg,Ldir,Ldri,L1,Sdir,Sref,Wdri
107,sim_107,2.25,2.25,2.25,-4.69667837292758,ATK_OBJ_S11_F0,ATK_OBJ_PeakGain,Phi90,4.57587794089631,4.13646011956978,4.57587794089631,2.77721302244563,22.7280529889369,-13.7819662845849,NaN,13.7819662845849,14,142,-9.64550616501513,-4.69667837292758,4.69667837292758,0.5823258661859,-4.57587794089631,-13.7819662845849,NaN,0.5823258661859,4.06218110422571,-0.0279705261075494,NaN,4.13646011956978,-13.7819662845849,NaN,17.1058396815992,46.2269246365984,16.9262388011499,16.6520507166141,21.4543172498602,2.56562605775737
