SimulationIndex,SimulationID,f0_GHz,S11ReportFreq_GHz,S11SweepSampleFreq_GHz,S11SweepSample_dB,S11_Source,Gmain_Source,MainPlane,Gmain_dBi,Gmain_Cut_dBi,PeakGain_dBi,PeakRealizedGain_dBi,FrontToBackRatio_dB,SLL_dB,HPBW_deg,SideLobeSuppression_dB,MainLobeTheta_deg,SideLobeTheta_deg,SideLobeGain_dBi,S11_f0_dB,AbsS11_f0_dB,AbsS11_f0_Linear,Objective1_Neg_Gmain,Objective2_SLL,Objective3_HPBW,Objective4_AbsS11,Gmain_Phi0_dBi,SLL_Phi0_dB,HPBW_Phi0_deg,Gmain_Phi90_dBi,SLL_Phi90_dB,HPBW_Phi90_deg,Ldir,Ldri,L1,Sdir,Sref,Wdri
120,sim_120,2.25,2.25,2.25,-4.91853972606492,ATK_OBJ_S11_F0,ATK_OBJ_PeakGain,Phi90,4.11407378228032,3.63387997534997,4.11407378228032,2.42499201611086,14.4049189484601,-11.7023940194189,NaN,11.7023940194189,0,144,-8.06851404406895,-4.91853972606492,4.91853972606492,0.56764002917045,-4.11407378228032,-11.7023940194189,NaN,0.56764002917045,3.63387997534996,-0.0285719771561004,NaN,3.63387997534997,-11.7023940194189,NaN,16.7947571619103,43.5018814037273,15.9562320516199,13.8665432618935,20.3770235400738,2.93890577972979
