SimulationIndex,SimulationID,f0_GHz,S11ReportFreq_GHz,S11SweepSampleFreq_GHz,S11SweepSample_dB,S11_Source,Gmain_Source,MainPlane,Gmain_dBi,Gmain_Cut_dBi,PeakGain_dBi,PeakRealizedGain_dBi,FrontToBackRatio_dB,SLL_dB,HPBW_deg,SideLobeSuppression_dB,MainLobeTheta_deg,SideLobeTheta_deg,SideLobeGain_dBi,S11_f0_dB,AbsS11_f0_dB,AbsS11_f0_Linear,Objective1_Neg_Gmain,Objective2_SLL,Objective3_HPBW,Objective4_AbsS11,Gmain_Phi0_dBi,SLL_Phi0_dB,HPBW_Phi0_deg,Gmain_Phi90_dBi,SLL_Phi90_dB,HPBW_Phi90_deg,Ldir,Ldri,L1,Sdir,Sref,Wdri
74,sim_074,2.25,2.25,2.25,-4.55298604116063,ATK_OBJ_S11_F0,ATK_OBJ_PeakGain,Phi0,4.11831680909657,3.78359173353688,4.11831680909657,2.24403619149568,19.1869390876128,-0.02278743254403,NaN,0.02278743254403,0,2,3.76080430099285,-4.55298604116063,4.55298604116063,0.592039520130359,-4.11831680909657,-0.02278743254403,NaN,0.592039520130359,3.78359173353688,-0.02278743254403,NaN,3.78359173353687,-11.4337308986686,NaN,15.1742538894336,41.9126869442263,16.6825130917473,16.9621088598832,20.9972836366725,2.66365498072405
