SimulationIndex,SimulationID,f0_GHz,S11ReportFreq_GHz,S11SweepSampleFreq_GHz,S11SweepSample_dB,S11_Source,Gmain_Source,MainPlane,Gmain_dBi,Gmain_Cut_dBi,PeakGain_dBi,PeakRealizedGain_dBi,FrontToBackRatio_dB,SLL_dB,HPBW_deg,SideLobeSuppression_dB,MainLobeTheta_deg,SideLobeTheta_deg,SideLobeGain_dBi,S11_f0_dB,AbsS11_f0_dB,AbsS11_f0_Linear,Objective1_Neg_Gmain,Objective2_SLL,Objective3_HPBW,Objective4_AbsS11,Gmain_Phi0_dBi,SLL_Phi0_dB,HPBW_Phi0_deg,Gmain_Phi90_dBi,SLL_Phi90_dB,HPBW_Phi90_deg,Ldir,Ldri,L1,Sdir,Sref,Wdri
97,sim_097,2.25,2.25,2.25,-3.14197167538726,ATK_OBJ_S11_F0,ATK_OBJ_PeakGain,Phi90,3.94276650863692,3.05408679463336,3.94276650863692,1.06026337052454,7.66383111530817,-0.0539396986666301,NaN,0.0539396986666301,0,26,3.00014709596673,-3.14197167538726,3.14197167538726,0.696468399567753,-3.94276650863692,-0.0539396986666301,NaN,0.696468399567753,3.05408679463335,-0.0245644273760299,NaN,3.05408679463336,-0.0539396986666301,NaN,14.9434677722624,43.156234093386,16.5821577781017,12.3652467619601,20.2768627054903,4.26583992571593
