f0_GHz,S11ReportFreq_GHz,S11SweepSampleFreq_GHz,S11SweepSample_dB,S11_f0_dB,AbsS11_f0_dB,AbsS11_f0_Linear,S11_Source,PeakGain_dBi,PeakRealizedGain_dBi,FrontToBackRatio_dB,Gmain_Source,Ldir,Ldri,L1,Sdir,Sref,Wdri,SimulationIndex,SimulationID
2.25,2.25,2.25,-1.82283544028651,-1.82283544028651,1.82283544028651,0.810696369206484,ATK_OBJ_S11_F0,4.91634589023999,0.266391634691436,14.8076653106857,ATK_OBJ_PeakGain,16.4418164657157,46.5522109750827,16.0253687764279,14.5374474624964,20.030495663541,3.06305098910585,199,sim_199
