SimulationIndex,SimulationID,f0_GHz,S11ReportFreq_GHz,S11SweepSampleFreq_GHz,S11SweepSample_dB,S11_Source,Gmain_Source,MainPlane,Gmain_dBi,Gmain_Cut_dBi,PeakGain_dBi,PeakRealizedGain_dBi,FrontToBackRatio_dB,SLL_dB,HPBW_deg,SideLobeSuppression_dB,MainLobeTheta_deg,SideLobeTheta_deg,SideLobeGain_dBi,S11_f0_dB,AbsS11_f0_dB,AbsS11_f0_Linear,Objective1_Neg_Gmain,Objective2_SLL,Objective3_HPBW,Objective4_AbsS11,Gmain_Phi0_dBi,SLL_Phi0_dB,HPBW_Phi0_deg,Gmain_Phi90_dBi,SLL_Phi90_dB,HPBW_Phi90_deg,Ldir,Ldri,L1,Sdir,Sref,Wdri
114,sim_114,2.25,2.25,2.25,-6.12270371705952,ATK_OBJ_S11_F0,ATK_OBJ_PeakGain,Phi90,3.77249570892349,3.4569029257658,3.77249570892349,2.55661638086311,11.0929003255577,-10.7868100594816,NaN,10.7868100594816,0,152,-7.32990713371581,-6.12270371705952,6.12270371705952,0.494156843419019,-3.77249570892349,-10.7868100594816,NaN,0.494156843419019,3.45690292576579,-0.0238559029355701,NaN,3.4569029257658,-10.7868100594816,NaN,15.8639623680509,45.5404977946531,14.7420306777762,14.8128724345201,17.0882940547151,3.17247962822288
