f0_GHz,S11ReportFreq_GHz,S11SweepSampleFreq_GHz,S11SweepSample_dB,S11_f0_dB,AbsS11_f0_dB,AbsS11_f0_Linear,S11_Source,PeakGain_dBi,PeakRealizedGain_dBi,FrontToBackRatio_dB,Gmain_Source,Ldir,Ldri,L1,Sdir,Sref,Wdri,SimulationIndex,SimulationID
2.25,2.25,2.25,-5.23524742918151,-5.23524742918151,5.23524742918151,0.54731535001207,ATK_OBJ_S11_F0,4.09447796482576,2.54822398745307,8.82176814173758,ATK_OBJ_PeakGain,15.1185770827896,44.1076844011796,15.0360889916723,13.1736656745277,19.2130996992491,3.70933996180163,21,sim_021
