f0_GHz,S11ReportFreq_GHz,S11SweepSampleFreq_GHz,S11SweepSample_dB,S11_f0_dB,AbsS11_f0_dB,AbsS11_f0_Linear,S11_Source,PeakGain_dBi,PeakRealizedGain_dBi,FrontToBackRatio_dB,Gmain_Source,Ldir,Ldri,L1,Sdir,Sref,Wdri,SimulationIndex,SimulationID
2.25,2.25,2.25,-2.97380461713712,-2.97380461713712,2.97380461713712,0.710084068907151,ATK_OBJ_S11_F0,4.04884110771444,1.00173652714097,11.1903840946666,ATK_OBJ_PeakGain,15.7963629710772,42.3331982821686,18.1408531971187,12.9727457523511,21.4387477058354,3.56657985168861,83,sim_083
