f0_GHz,S11ReportFreq_GHz,S11SweepSampleFreq_GHz,S11SweepSample_dB,S11_f0_dB,AbsS11_f0_dB,AbsS11_f0_Linear,S11_Source,PeakGain_dBi,PeakRealizedGain_dBi,FrontToBackRatio_dB,Gmain_Source,Ldir,Ldri,L1,Sdir,Sref,Wdri,SimulationIndex,SimulationID
2.25,2.25,2.25,-4.66910239438359,-4.66910239438359,4.66910239438359,0.584177573272879,ATK_OBJ_S11_F0,3.81961840512074,2.00673609947993,12.2878379175247,ATK_OBJ_PeakGain,18.0897937527603,40.844694302649,15.5278170950545,15.4502204598331,17.88500672168,2.70627126315455,115,sim_115
