f0_GHz,S11ReportFreq_GHz,S11SweepSampleFreq_GHz,S11SweepSample_dB,S11_f0_dB,AbsS11_f0_dB,AbsS11_f0_Linear,S11_Source,PeakGain_dBi,PeakRealizedGain_dBi,FrontToBackRatio_dB,Gmain_Source,Ldir,Ldri,L1,Sdir,Sref,Wdri,SimulationIndex,SimulationID
2.25,2.25,2.25,-3.80387153825504,-3.80387153825504,3.80387153825504,0.645366507437052,ATK_OBJ_S11_F0,3.84550609279464,1.50593011145632,11.6783596115491,ATK_OBJ_PeakGain,14.5485650598596,41.5283770642551,17.1065550992099,14.6746247834751,20.0700102438665,3.51130902476833,150,sim_150
