SimulationIndex,SimulationID,f0_GHz,S11ReportFreq_GHz,S11SweepSampleFreq_GHz,S11SweepSample_dB,S11_Source,Gmain_Source,MainPlane,Gmain_dBi,Gmain_Cut_dBi,PeakGain_dBi,PeakRealizedGain_dBi,FrontToBackRatio_dB,SLL_dB,HPBW_deg,SideLobeSuppression_dB,MainLobeTheta_deg,SideLobeTheta_deg,SideLobeGain_dBi,S11_f0_dB,AbsS11_f0_dB,AbsS11_f0_Linear,Objective1_Neg_Gmain,Objective2_SLL,Objective3_HPBW,Objective4_AbsS11,Gmain_Phi0_dBi,SLL_Phi0_dB,HPBW_Phi0_deg,Gmain_Phi90_dBi,SLL_Phi90_dB,HPBW_Phi90_deg,Ldir,Ldri,L1,Sdir,Sref,Wdri
187,sim_187,2.25,2.25,2.25,-4.08104037112644,ATK_OBJ_S11_F0,ATK_OBJ_PeakGain,Phi90,3.56096635683062,3.23052421103128,3.56096635683062,1.40894112882639,9.80004868710414,-9.5557140294421,NaN,9.5557140294421,0,156,-6.32518981841082,-4.08104037112644,4.08104037112644,0.625097815855182,-3.56096635683062,-9.5557140294421,NaN,0.625097815855182,3.23052421103127,-12.1746568662307,NaN,3.23052421103128,-9.5557140294421,NaN,15.7106172856139,40.9359011314796,17.5317287922936,17.1307456570153,16.6248869670065,2.509505452723
