f0_GHz,S11ReportFreq_GHz,S11SweepSampleFreq_GHz,S11SweepSample_dB,S11_f0_dB,AbsS11_f0_dB,AbsS11_f0_Linear,S11_Source,PeakGain_dBi,PeakRealizedGain_dBi,FrontToBackRatio_dB,Gmain_Source,Ldir,Ldri,L1,Sdir,Sref,Wdri,SimulationIndex,SimulationID
2.25,2.25,2.25,-4.08104037112644,-4.08104037112644,4.08104037112644,0.625097815855182,ATK_OBJ_S11_F0,3.56096635683062,1.40894112882639,9.80004868710414,ATK_OBJ_PeakGain,15.7106172856139,40.9359011314796,17.5317287922936,17.1307456570153,16.6248869670065,2.509505452723,187,sim_187
