SimulationIndex,SimulationID,f0_GHz,S11ReportFreq_GHz,S11SweepSampleFreq_GHz,S11SweepSample_dB,S11_Source,Gmain_Source,MainPlane,Gmain_dBi,Gmain_Cut_dBi,PeakGain_dBi,PeakRealizedGain_dBi,FrontToBackRatio_dB,SLL_dB,HPBW_deg,SideLobeSuppression_dB,MainLobeTheta_deg,SideLobeTheta_deg,SideLobeGain_dBi,S11_f0_dB,AbsS11_f0_dB,AbsS11_f0_Linear,Objective1_Neg_Gmain,Objective2_SLL,Objective3_HPBW,Objective4_AbsS11,Gmain_Phi0_dBi,SLL_Phi0_dB,HPBW_Phi0_deg,Gmain_Phi90_dBi,SLL_Phi90_dB,HPBW_Phi90_deg,Ldir,Ldri,L1,Sdir,Sref,Wdri
124,sim_124,2.25,2.25,2.25,-3.26089797892436,ATK_OBJ_S11_F0,ATK_OBJ_PeakGain,Phi90,3.39558181708768,3.15493758688687,3.39558181708768,0.6222052643967,9.91969328275806,-9.48508397920282,NaN,9.48508397920282,0,154,-6.33014639231595,-3.26089797892436,3.26089797892436,0.686997412046681,-3.39558181708768,-9.48508397920282,NaN,0.686997412046681,3.15493758688686,-0.01845293841281,NaN,3.15493758688687,-9.48508397920282,NaN,17.3988547396855,41.9318830366979,16.4278000982889,15.1167278646308,17.0348393264742,4.04372784911819
