f0_GHz,S11ReportFreq_GHz,S11SweepSampleFreq_GHz,S11SweepSample_dB,S11_f0_dB,AbsS11_f0_dB,AbsS11_f0_Linear,S11_Source,PeakGain_dBi,PeakRealizedGain_dBi,FrontToBackRatio_dB,Gmain_Source,Ldir,Ldri,L1,Sdir,Sref,Wdri,SimulationIndex,SimulationID
2.25,2.25,2.25,-4.83627875416635,-4.83627875416635,4.83627875416635,0.573041483276178,ATK_OBJ_S11_F0,3.95138419169743,2.22264275925715,12.5085753532733,ATK_OBJ_PeakGain,16.1333267770317,42.4848386404679,16.0068657578048,15.7173058568008,19.7949552753146,3.22467739354753,129,sim_129
