SimulationIndex,SimulationID,f0_GHz,S11ReportFreq_GHz,S11SweepSampleFreq_GHz,S11SweepSample_dB,S11_Source,Gmain_Source,MainPlane,Gmain_dBi,Gmain_Cut_dBi,PeakGain_dBi,PeakRealizedGain_dBi,FrontToBackRatio_dB,SLL_dB,HPBW_deg,SideLobeSuppression_dB,MainLobeTheta_deg,SideLobeTheta_deg,SideLobeGain_dBi,S11_f0_dB,AbsS11_f0_dB,AbsS11_f0_Linear,Objective1_Neg_Gmain,Objective2_SLL,Objective3_HPBW,Objective4_AbsS11,Gmain_Phi0_dBi,SLL_Phi0_dB,HPBW_Phi0_deg,Gmain_Phi90_dBi,SLL_Phi90_dB,HPBW_Phi90_deg,Ldir,Ldri,L1,Sdir,Sref,Wdri
8,sim_008,2.25,2.25,2.25,-4.32040284817236,ATK_OBJ_S11_F0,ATK_OBJ_PeakGain,Phi90,3.75886587319323,3.60140518757305,3.75886587319323,1.75369206140923,15.3962396164157,-10.5380072412138,NaN,10.5380072412138,0,150,-6.93660205364074,-4.32040284817236,4.32040284817236,0.6081067968687,-3.75886587319323,-10.5380072412138,NaN,0.6081067968687,3.60140518757305,-15.797953100294,NaN,3.60140518757305,-10.5380072412138,NaN,17.0452442349556,43.3453506270756,17.9804329962926,16.3016979197147,18.1039046774329,3.79777727743251
