SimulationIndex,SimulationID,f0_GHz,S11ReportFreq_GHz,S11SweepSampleFreq_GHz,S11SweepSample_dB,S11_Source,Gmain_Source,MainPlane,Gmain_dBi,Gmain_Cut_dBi,PeakGain_dBi,PeakRealizedGain_dBi,FrontToBackRatio_dB,SLL_dB,HPBW_deg,SideLobeSuppression_dB,MainLobeTheta_deg,SideLobeTheta_deg,SideLobeGain_dBi,S11_f0_dB,AbsS11_f0_dB,AbsS11_f0_Linear,Objective1_Neg_Gmain,Objective2_SLL,Objective3_HPBW,Objective4_AbsS11,Gmain_Phi0_dBi,SLL_Phi0_dB,HPBW_Phi0_deg,Gmain_Phi90_dBi,SLL_Phi90_dB,HPBW_Phi90_deg,Ldir,Ldri,L1,Sdir,Sref,Wdri
2,sim_002,2.25,2.25,2.25,-2.89950911631129,ATK_OBJ_S11_F0,ATK_OBJ_PeakGain,Phi90,4.13162964896155,3.583705779688,4.13162964896155,1.00763836411656,13.6355801352589,-10.5468445605886,NaN,10.5468445605886,0,142,-6.96313878090061,-2.89950911631129,2.89950911631129,0.716183884253838,-4.13162964896155,-10.5468445605886,NaN,0.716183884253838,3.583705779688,-0.0235970825504102,NaN,3.583705779688,-10.5468445605886,NaN,15.9995949675671,40.966908592481,17.4209010221495,15.6729083353522,21.5262843933931,4.09809888152892
