f0_GHz,S11ReportFreq_GHz,S11SweepSampleFreq_GHz,S11SweepSample_dB,S11_f0_dB,AbsS11_f0_dB,AbsS11_f0_Linear,S11_Source,PeakGain_dBi,PeakRealizedGain_dBi,FrontToBackRatio_dB,Gmain_Source,Ldir,Ldri,L1,Sdir,Sref,Wdri,SimulationIndex,SimulationID
2.25,2.25,2.25,-4.48770364437318,-4.48770364437318,4.48770364437318,0.596506001881207,ATK_OBJ_S11_F0,3.61128546722125,1.70136181355707,9.99367930923182,ATK_OBJ_PeakGain,14.8216693962972,40.2386371413618,16.5153384333587,16.4742745216446,17.2779655006514,4.03197647564199,95,sim_095
