SimulationIndex,SimulationID,f0_GHz,S11ReportFreq_GHz,S11SweepSampleFreq_GHz,S11SweepSample_dB,S11_Source,Gmain_Source,MainPlane,Gmain_dBi,Gmain_Cut_dBi,PeakGain_dBi,PeakRealizedGain_dBi,FrontToBackRatio_dB,SLL_dB,HPBW_deg,SideLobeSuppression_dB,MainLobeTheta_deg,SideLobeTheta_deg,SideLobeGain_dBi,S11_f0_dB,AbsS11_f0_dB,AbsS11_f0_Linear,Objective1_Neg_Gmain,Objective2_SLL,Objective3_HPBW,Objective4_AbsS11,Gmain_Phi0_dBi,SLL_Phi0_dB,HPBW_Phi0_deg,Gmain_Phi90_dBi,SLL_Phi90_dB,HPBW_Phi90_deg,Ldir,Ldri,L1,Sdir,Sref,Wdri
77,sim_077,2.25,2.25,2.25,-4.29100308363753,ATK_OBJ_S11_F0,ATK_OBJ_PeakGain,Phi90,3.50629847314947,2.99278495846308,3.50629847314947,1.48378028471132,10.5323660490254,-9.7417833682516,NaN,9.7417833682516,0,148,-6.74899840978852,-4.29100308363753,4.29100308363753,0.610168587700847,-3.50629847314947,-9.7417833682516,NaN,0.610168587700847,2.99278495846307,-0.0136065156534801,NaN,2.99278495846308,-9.7417833682516,NaN,16.8611923773516,40.0895661390746,16.3356574414596,13.8342076607781,17.9458030125582,2.72631027765824
