f0_GHz,S11ReportFreq_GHz,S11SweepSampleFreq_GHz,S11SweepSample_dB,S11_f0_dB,AbsS11_f0_dB,AbsS11_f0_Linear,S11_Source,PeakGain_dBi,PeakRealizedGain_dBi,FrontToBackRatio_dB,Gmain_Source,Ldir,Ldri,L1,Sdir,Sref,Wdri,SimulationIndex,SimulationID
2.25,2.25,2.25,-5.21985133821928,-5.21985133821928,5.21985133821928,0.548286348936867,ATK_OBJ_S11_F0,3.47819131257953,1.92533631344709,10.8317674838631,ATK_OBJ_PeakGain,15.5300094324831,44.7958829863523,17.3061782918713,15.7617052781439,16.8783260694715,3.46547335990009,75,sim_075
