SimulationIndex,SimulationID,f0_GHz,S11ReportFreq_GHz,S11SweepSampleFreq_GHz,S11SweepSample_dB,S11_Source,Gmain_Source,MainPlane,Gmain_dBi,Gmain_Cut_dBi,PeakGain_dBi,PeakRealizedGain_dBi,FrontToBackRatio_dB,SLL_dB,HPBW_deg,SideLobeSuppression_dB,MainLobeTheta_deg,SideLobeTheta_deg,SideLobeGain_dBi,S11_f0_dB,AbsS11_f0_dB,AbsS11_f0_Linear,Objective1_Neg_Gmain,Objective2_SLL,Objective3_HPBW,Objective4_AbsS11,Gmain_Phi0_dBi,SLL_Phi0_dB,HPBW_Phi0_deg,Gmain_Phi90_dBi,SLL_Phi90_dB,HPBW_Phi90_deg,Ldir,Ldri,L1,Sdir,Sref,Wdri
162,sim_162,2.25,2.25,2.25,-5.07031543872626,ATK_OBJ_S11_F0,ATK_OBJ_PeakGain,Phi90,4.02431999234139,3.85424222312484,4.02431999234139,2.40557271399275,18.3414073193599,-11.2681756179821,NaN,11.2681756179821,0,146,-7.41393339485727,-5.07031543872626,5.07031543872626,0.55780734431609,-4.02431999234139,-11.2681756179821,NaN,0.55780734431609,3.85424222312483,-0.0180393264848298,NaN,3.85424222312484,-11.2681756179821,NaN,17.7996532679944,43.5468154352418,14.9732087593263,16.2462918652603,18.9887262935089,4.00649915318821
