f0_GHz,S11ReportFreq_GHz,S11SweepSampleFreq_GHz,S11SweepSample_dB,S11_f0_dB,AbsS11_f0_dB,AbsS11_f0_Linear,S11_Source,PeakGain_dBi,PeakRealizedGain_dBi,FrontToBackRatio_dB,Gmain_Source,Ldir,Ldri,L1,Sdir,Sref,Wdri,SimulationIndex,SimulationID
2.25,2.25,2.25,-5.17174695510016,-5.17174695510016,5.17174695510016,0.551331304369236,ATK_OBJ_S11_F0,3.7535597428916,2.17986299646958,10.8087789569593,ATK_OBJ_PeakGain,14.5629973088496,41.1941354319456,15.1745902609101,16.8511922168261,19.0220166797269,3.00184771767727,86,sim_086
