SimulationIndex,SimulationID,f0_GHz,S11ReportFreq_GHz,S11SweepSampleFreq_GHz,S11SweepSample_dB,S11_Source,Gmain_Source,MainPlane,Gmain_dBi,Gmain_Cut_dBi,PeakGain_dBi,PeakRealizedGain_dBi,FrontToBackRatio_dB,SLL_dB,HPBW_deg,SideLobeSuppression_dB,MainLobeTheta_deg,SideLobeTheta_deg,SideLobeGain_dBi,S11_f0_dB,AbsS11_f0_dB,AbsS11_f0_Linear,Objective1_Neg_Gmain,Objective2_SLL,Objective3_HPBW,Objective4_AbsS11,Gmain_Phi0_dBi,SLL_Phi0_dB,HPBW_Phi0_deg,Gmain_Phi90_dBi,SLL_Phi90_dB,HPBW_Phi90_deg,Ldir,Ldri,L1,Sdir,Sref,Wdri
112,sim_112,2.25,2.25,2.25,-5.66702611343507,ATK_OBJ_S11_F0,ATK_OBJ_PeakGain,Phi90,3.70839827337214,3.58626519721461,3.70839827337214,2.33445324666353,16.0828537914197,-11.5360400862918,NaN,11.5360400862918,0,160,-7.94977488907721,-5.66702611343507,5.66702611343507,0.520773281337004,-3.70839827337214,-11.5360400862918,NaN,0.520773281337004,3.5862651972146,-13.596827515519,NaN,3.58626519721461,-11.5360400862918,NaN,16.8821243268986,46.901446793413,17.2981272864653,17.2629178955958,17.202191199642,2.04004123931695
