f0_GHz,S11ReportFreq_GHz,S11SweepSampleFreq_GHz,S11SweepSample_dB,S11_f0_dB,AbsS11_f0_dB,AbsS11_f0_Linear,S11_Source,PeakGain_dBi,PeakRealizedGain_dBi,FrontToBackRatio_dB,Gmain_Source,Ldir,Ldri,L1,Sdir,Sref,Wdri,SimulationIndex,SimulationID
2.25,2.25,2.25,-4.34524597051586,-4.34524597051586,4.34524597051586,0.606369992916489,ATK_OBJ_S11_F0,3.85182314151148,1.86116095072749,9.84756149298052,ATK_OBJ_PeakGain,14.6197596400632,40.6105814107854,17.0325187525216,15.1955099027429,20.1104270145135,2.15673156968086,36,sim_036
