f0_GHz,S11ReportFreq_GHz,S11SweepSampleFreq_GHz,S11SweepSample_dB,S11_f0_dB,AbsS11_f0_dB,AbsS11_f0_Linear,S11_Source,PeakGain_dBi,PeakRealizedGain_dBi,FrontToBackRatio_dB,Gmain_Source,Ldir,Ldri,L1,Sdir,Sref,Wdri,SimulationIndex,SimulationID
2.25,2.25,2.25,-5.29133891881079,-5.29133891881079,5.29133891881079,0.54379230036971,ATK_OBJ_S11_F0,3.54309938399636,2.02061419757982,6.63070671193865,ATK_OBJ_PeakGain,15.5535945590275,42.6124109138807,15.8470891146193,13.155153993054,17.7265272834789,2.71401140480726,44,sim_044
