f0_GHz,S11ReportFreq_GHz,S11SweepSampleFreq_GHz,S11SweepSample_dB,S11_f0_dB,AbsS11_f0_dB,AbsS11_f0_Linear,S11_Source,PeakGain_dBi,PeakRealizedGain_dBi,FrontToBackRatio_dB,Gmain_Source,Ldir,Ldri,L1,Sdir,Sref,Wdri,SimulationIndex,SimulationID
2.25,2.25,2.25,-5.68665408256982,-5.68665408256982,5.68665408256982,0.519597790773959,ATK_OBJ_S11_F0,4.34039782062725,2.9737343148447,11.5278431531825,ATK_OBJ_PeakGain,15.4763552111874,46.3661666487715,15.3456301539024,14.1224298851293,20.7823762470462,2.23501802172222,169,sim_169
