SimulationIndex,SimulationID,f0_GHz,S11ReportFreq_GHz,S11SweepSampleFreq_GHz,S11SweepSample_dB,S11_Source,Gmain_Source,MainPlane,Gmain_dBi,Gmain_Cut_dBi,PeakGain_dBi,PeakRealizedGain_dBi,FrontToBackRatio_dB,SLL_dB,HPBW_deg,SideLobeSuppression_dB,MainLobeTheta_deg,SideLobeTheta_deg,SideLobeGain_dBi,S11_f0_dB,AbsS11_f0_dB,AbsS11_f0_Linear,Objective1_Neg_Gmain,Objective2_SLL,Objective3_HPBW,Objective4_AbsS11,Gmain_Phi0_dBi,SLL_Phi0_dB,HPBW_Phi0_deg,Gmain_Phi90_dBi,SLL_Phi90_dB,HPBW_Phi90_deg,Ldir,Ldri,L1,Sdir,Sref,Wdri
87,sim_087,2.25,2.25,2.25,-4.57893557122713,ATK_OBJ_S11_F0,ATK_OBJ_PeakGain,Phi90,3.5945421592971,3.41570383216352,3.5945421592971,1.73420161105736,13.184409018467,-10.4061744429965,NaN,10.4061744429965,0,152,-6.99047061083296,-4.57893557122713,4.57893557122713,0.590273411911355,-3.5945421592971,-10.4061744429965,NaN,0.590273411911355,3.41570383216352,-0.0216318851769701,NaN,3.41570383216352,-10.4061744429965,NaN,16.5731921050582,41.3645946275075,16.0844855414133,15.3673072011804,17.1885237094952,2.60024705829661
