SimulationIndex,SimulationID,f0_GHz,S11ReportFreq_GHz,S11SweepSampleFreq_GHz,S11SweepSample_dB,S11_Source,Gmain_Source,MainPlane,Gmain_dBi,Gmain_Cut_dBi,PeakGain_dBi,PeakRealizedGain_dBi,FrontToBackRatio_dB,SLL_dB,HPBW_deg,SideLobeSuppression_dB,MainLobeTheta_deg,SideLobeTheta_deg,SideLobeGain_dBi,S11_f0_dB,AbsS11_f0_dB,AbsS11_f0_Linear,Objective1_Neg_Gmain,Objective2_SLL,Objective3_HPBW,Objective4_AbsS11,Gmain_Phi0_dBi,SLL_Phi0_dB,HPBW_Phi0_deg,Gmain_Phi90_dBi,SLL_Phi90_dB,HPBW_Phi90_deg,Ldir,Ldri,L1,Sdir,Sref,Wdri
26,sim_026,2.25,2.25,2.25,-4.89613722596884,ATK_OBJ_S11_F0,ATK_OBJ_PeakGain,Phi90,3.84191112106886,3.51032731229109,3.84191112106886,2.14213866522436,13.3063384382689,-10.523805751884,NaN,10.523805751884,0,146,-7.01347843959286,-4.89613722596884,4.89613722596884,0.569105966410004,-3.84191112106886,-10.523805751884,NaN,0.569105966410004,3.51032731229109,-0.0228749921368903,NaN,3.51032731229109,-10.523805751884,NaN,15.3691769765636,41.2671922959818,15.5960418288111,16.3545750191101,19.3078211109433,2.82738628566556
