SimulationIndex,SimulationID,f0_GHz,S11ReportFreq_GHz,S11SweepSampleFreq_GHz,S11SweepSample_dB,S11_Source,Gmain_Source,MainPlane,Gmain_dBi,Gmain_Cut_dBi,PeakGain_dBi,PeakRealizedGain_dBi,FrontToBackRatio_dB,SLL_dB,HPBW_deg,SideLobeSuppression_dB,MainLobeTheta_deg,SideLobeTheta_deg,SideLobeGain_dBi,S11_f0_dB,AbsS11_f0_dB,AbsS11_f0_Linear,Objective1_Neg_Gmain,Objective2_SLL,Objective3_HPBW,Objective4_AbsS11,Gmain_Phi0_dBi,SLL_Phi0_dB,HPBW_Phi0_deg,Gmain_Phi90_dBi,SLL_Phi90_dB,HPBW_Phi90_deg,Ldir,Ldri,L1,Sdir,Sref,Wdri
136,sim_136,2.25,2.25,2.25,-0.589678734513247,ATK_OBJ_S11_F0,ATK_OBJ_PeakGain,Phi90,5.31032437921918,5.08361375592837,5.31032437921918,-3.65286787999376,6.11497524020568,-7.42950158359298,NaN,7.42950158359298,32,134,-2.34588782766461,-0.589678734513247,0.589678734513247,0.934363926989121,-5.31032437921918,-7.42950158359298,NaN,0.934363926989121,3.38557564020303,-0.03848225936092,NaN,5.08361375592837,-7.42950158359298,NaN,17.5834224213271,40.4116499060342,18.1149964441872,15.2109953821786,21.0115370068353,2.85867303963665
