f0_GHz,S11ReportFreq_GHz,S11SweepSampleFreq_GHz,S11SweepSample_dB,S11_f0_dB,AbsS11_f0_dB,AbsS11_f0_Linear,S11_Source,PeakGain_dBi,PeakRealizedGain_dBi,FrontToBackRatio_dB,Gmain_Source,Ldir,Ldri,L1,Sdir,Sref,Wdri,SimulationIndex,SimulationID
2.25,2.25,2.25,-7.23280544181097,-7.23280544181097,7.23280544181097,0.43487027987846,ATK_OBJ_S11_F0,3.92529980952132,3.01490768606734,17.9720784402177,ATK_OBJ_PeakGain,16.618126163013,46.6692339037455,15.1543009002659,16.6128722414637,17.4186840837198,2.52543470925125,167,sim_167
