f0_GHz,S11ReportFreq_GHz,S11SweepSampleFreq_GHz,S11SweepSample_dB,S11_f0_dB,AbsS11_f0_dB,AbsS11_f0_Linear,S11_Source,PeakGain_dBi,PeakRealizedGain_dBi,FrontToBackRatio_dB,Gmain_Source,Ldir,Ldri,L1,Sdir,Sref,Wdri,SimulationIndex,SimulationID
2.25,2.25,2.25,-4.54123941563406,-4.54123941563406,4.54123941563406,0.592840724323832,ATK_OBJ_S11_F0,3.8263994044805,1.94576624358266,9.66241694883629,ATK_OBJ_PeakGain,18.0116813866656,45.7436684634691,16.8090268116071,12.9150497732024,18.7963920567898,2.74618591513984,165,sim_165
