SimulationIndex,SimulationID,f0_GHz,S11ReportFreq_GHz,S11SweepSampleFreq_GHz,S11SweepSample_dB,S11_Source,Gmain_Source,MainPlane,Gmain_dBi,Gmain_Cut_dBi,PeakGain_dBi,PeakRealizedGain_dBi,FrontToBackRatio_dB,SLL_dB,HPBW_deg,SideLobeSuppression_dB,MainLobeTheta_deg,SideLobeTheta_deg,SideLobeGain_dBi,S11_f0_dB,AbsS11_f0_dB,AbsS11_f0_Linear,Objective1_Neg_Gmain,Objective2_SLL,Objective3_HPBW,Objective4_AbsS11,Gmain_Phi0_dBi,SLL_Phi0_dB,HPBW_Phi0_deg,Gmain_Phi90_dBi,SLL_Phi90_dB,HPBW_Phi90_deg,Ldir,Ldri,L1,Sdir,Sref,Wdri
145,sim_145,2.25,2.25,2.25,-4.96359904301111,ATK_OBJ_S11_F0,ATK_OBJ_PeakGain,Phi90,4.01149851530051,3.26593297922706,4.01149851530051,2.34367484941513,7.99699654951789,-12.0964225440897,NaN,12.0964225440897,0,144,-8.83048956486261,-4.96359904301111,4.96359904301111,0.564702938763765,-4.01149851530051,-12.0964225440897,NaN,0.564702938763765,3.26593297922705,-0.02435038595807,NaN,3.26593297922706,-12.0964225440897,NaN,14.7431280990445,44.5268334201581,16.91513019087,13.0514621577835,20.5080593929883,2.46250823334483
