f0_GHz,S11ReportFreq_GHz,S11SweepSampleFreq_GHz,S11SweepSample_dB,S11_f0_dB,AbsS11_f0_dB,AbsS11_f0_Linear,S11_Source,PeakGain_dBi,PeakRealizedGain_dBi,FrontToBackRatio_dB,Gmain_Source,Ldir,Ldri,L1,Sdir,Sref,Wdri,SimulationIndex,SimulationID
2.25,2.25,2.25,-4.2400809009281,-4.2400809009281,4.2400809009281,0.613756288573094,ATK_OBJ_S11_F0,4.17100056631473,2.11799425876999,9.1282178542761,ATK_OBJ_PeakGain,16.4026634201521,44.0285077539068,15.4786895654624,12.8180422799737,20.6950526470668,3.26784740744436,96,sim_096
