f0_GHz,S11ReportFreq_GHz,S11SweepSampleFreq_GHz,S11SweepSample_dB,S11_f0_dB,AbsS11_f0_dB,AbsS11_f0_Linear,S11_Source,PeakGain_dBi,PeakRealizedGain_dBi,FrontToBackRatio_dB,Gmain_Source,Ldir,Ldri,L1,Sdir,Sref,Wdri,SimulationIndex,SimulationID
2.25,2.25,2.25,-3.49992564534777,-3.49992564534777,3.49992564534777,0.668349638881495,ATK_OBJ_S11_F0,4.1737366730149,1.60341213495096,15.3506770003323,ATK_OBJ_PeakGain,15.6432296948862,40.692942280244,17.2273231360091,15.604435484041,22.2834412200083,3.03155925204927,175,sim_175
