SimulationIndex,SimulationID,f0_GHz,S11ReportFreq_GHz,S11SweepSampleFreq_GHz,S11SweepSample_dB,S11_Source,Gmain_Source,MainPlane,Gmain_dBi,Gmain_Cut_dBi,PeakGain_dBi,PeakRealizedGain_dBi,FrontToBackRatio_dB,SLL_dB,HPBW_deg,SideLobeSuppression_dB,MainLobeTheta_deg,SideLobeTheta_deg,SideLobeGain_dBi,S11_f0_dB,AbsS11_f0_dB,AbsS11_f0_Linear,Objective1_Neg_Gmain,Objective2_SLL,Objective3_HPBW,Objective4_AbsS11,Gmain_Phi0_dBi,SLL_Phi0_dB,HPBW_Phi0_deg,Gmain_Phi90_dBi,SLL_Phi90_dB,HPBW_Phi90_deg,Ldir,Ldri,L1,Sdir,Sref,Wdri
76,sim_076,2.25,2.25,2.25,-0.586963740865098,ATK_OBJ_S11_F0,ATK_OBJ_PeakGain,Phi90,5.62712564421541,5.51712680285673,5.62712564421541,-3.35478168019159,5.26455813234822,-6.48713355478856,NaN,6.48713355478856,26,126,-0.970006751931829,-0.586963740865098,0.586963740865098,0.934656031625839,-5.62712564421541,-6.48713355478856,NaN,0.934656031625839,3.95074274062768,-0.0425948480787302,NaN,5.51712680285673,-6.48713355478856,NaN,18.1094217674908,45.2794772314347,16.4545220886333,15.7308134668014,20.876999483893,4.30304559890771
