SimulationIndex,SimulationID,f0_GHz,S11ReportFreq_GHz,S11SweepSampleFreq_GHz,S11SweepSample_dB,S11_Source,Gmain_Source,MainPlane,Gmain_dBi,Gmain_Cut_dBi,PeakGain_dBi,PeakRealizedGain_dBi,FrontToBackRatio_dB,SLL_dB,HPBW_deg,SideLobeSuppression_dB,MainLobeTheta_deg,SideLobeTheta_deg,SideLobeGain_dBi,S11_f0_dB,AbsS11_f0_dB,AbsS11_f0_Linear,Objective1_Neg_Gmain,Objective2_SLL,Objective3_HPBW,Objective4_AbsS11,Gmain_Phi0_dBi,SLL_Phi0_dB,HPBW_Phi0_deg,Gmain_Phi90_dBi,SLL_Phi90_dB,HPBW_Phi90_deg,Ldir,Ldri,L1,Sdir,Sref,Wdri
6,sim_006,2.25,2.25,2.25,-4.75177307405256,ATK_OBJ_S11_F0,ATK_OBJ_PeakGain,Phi90,3.9635420301849,3.46787024119932,3.9635420301849,2.19287697547091,9.63449602049461,-11.4591595875833,NaN,11.4591595875833,0,144,-7.99128934638401,-4.75177307405256,4.75177307405256,0.578643856162921,-3.9635420301849,-11.4591595875833,NaN,0.578643856162921,3.46787024119931,-0.0224880112494596,NaN,3.46787024119932,-11.4591595875833,NaN,17.5081743969223,44.2343806128009,15.2076773720214,12.2611671557439,19.4754594140151,3.15401279021361
