SimulationIndex,SimulationID,f0_GHz,S11ReportFreq_GHz,S11SweepSampleFreq_GHz,S11SweepSample_dB,S11_Source,Gmain_Source,MainPlane,Gmain_dBi,Gmain_Cut_dBi,PeakGain_dBi,PeakRealizedGain_dBi,FrontToBackRatio_dB,SLL_dB,HPBW_deg,SideLobeSuppression_dB,MainLobeTheta_deg,SideLobeTheta_deg,SideLobeGain_dBi,S11_f0_dB,AbsS11_f0_dB,AbsS11_f0_Linear,Objective1_Neg_Gmain,Objective2_SLL,Objective3_HPBW,Objective4_AbsS11,Gmain_Phi0_dBi,SLL_Phi0_dB,HPBW_Phi0_deg,Gmain_Phi90_dBi,SLL_Phi90_dB,HPBW_Phi90_deg,Ldir,Ldri,L1,Sdir,Sref,Wdri
12,sim_012,2.25,2.25,2.25,-3.26188727140773,ATK_OBJ_S11_F0,ATK_OBJ_PeakGain,Phi90,3.98593238812517,3.39282442355956,3.98593238812517,1.2134398896501,11.6339340794526,-10.751970209692,NaN,10.751970209692,0,146,-7.35914578613242,-3.26188727140773,3.26188727140773,0.68691916989749,-3.98593238812517,-10.751970209692,NaN,0.68691916989749,3.39282442355955,-0.0229755490102903,NaN,3.39282442355956,-10.751970209692,NaN,16.9223483530171,43.7492300849884,18.4762622562722,14.2568606275206,19.8300425717461,3.88373916949126
