f0_GHz,S11ReportFreq_GHz,S11SweepSampleFreq_GHz,S11SweepSample_dB,S11_f0_dB,AbsS11_f0_dB,AbsS11_f0_Linear,S11_Source,PeakGain_dBi,PeakRealizedGain_dBi,FrontToBackRatio_dB,Gmain_Source,Ldir,Ldri,L1,Sdir,Sref,Wdri,SimulationIndex,SimulationID
2.25,2.25,2.25,-3.33996628351097,-3.33996628351097,3.33996628351097,0.680772001278223,ATK_OBJ_S11_F0,4.01256506834477,1.30866286982303,9.60420554419504,ATK_OBJ_PeakGain,15.2317901496939,45.6955398306878,17.7390834891276,12.7745614331162,19.5965785076455,4.36000585468624,153,sim_153
