SimulationIndex,SimulationID,f0_GHz,S11ReportFreq_GHz,S11SweepSampleFreq_GHz,S11SweepSample_dB,S11_Source,Gmain_Source,MainPlane,Gmain_dBi,Gmain_Cut_dBi,PeakGain_dBi,PeakRealizedGain_dBi,FrontToBackRatio_dB,SLL_dB,HPBW_deg,SideLobeSuppression_dB,MainLobeTheta_deg,SideLobeTheta_deg,SideLobeGain_dBi,S11_f0_dB,AbsS11_f0_dB,AbsS11_f0_Linear,Objective1_Neg_Gmain,Objective2_SLL,Objective3_HPBW,Objective4_AbsS11,Gmain_Phi0_dBi,SLL_Phi0_dB,HPBW_Phi0_deg,Gmain_Phi90_dBi,SLL_Phi90_dB,HPBW_Phi90_deg,Ldir,Ldri,L1,Sdir,Sref,Wdri
75,sim_075,2.25,2.25,2.25,-5.21985133821928,ATK_OBJ_S11_F0,ATK_OBJ_PeakGain,Phi90,3.47819131257953,3.24236102787364,3.47819131257953,1.92533631344709,10.8317674838631,-9.97117513186403,NaN,9.97117513186403,0,154,-6.72881410399039,-5.21985133821928,5.21985133821928,0.548286348936867,-3.47819131257953,-9.97117513186403,NaN,0.548286348936867,3.24236102787364,-13.8307453411685,NaN,3.24236102787364,-9.97117513186403,NaN,15.5300094324831,44.7958829863523,17.3061782918713,15.7617052781439,16.8783260694715,3.46547335990009
