f0_GHz,S11ReportFreq_GHz,S11SweepSampleFreq_GHz,S11SweepSample_dB,S11_f0_dB,AbsS11_f0_dB,AbsS11_f0_Linear,S11_Source,PeakGain_dBi,PeakRealizedGain_dBi,FrontToBackRatio_dB,Gmain_Source,Ldir,Ldri,L1,Sdir,Sref,Wdri,SimulationIndex,SimulationID
2.25,2.25,2.25,-3.28626697209344,-3.28626697209344,3.28626697209344,0.684993816973264,ATK_OBJ_S11_F0,4.38967382432036,1.63884772336742,15.3549635593267,ATK_OBJ_PeakGain,15.0076923824874,45.032348196813,18.2471373797237,14.3752743518483,21.5428784824982,2.35171629573057,155,sim_155
