SimulationIndex,SimulationID,f0_GHz,S11ReportFreq_GHz,S11SweepSampleFreq_GHz,S11SweepSample_dB,S11_Source,Gmain_Source,MainPlane,Gmain_dBi,Gmain_Cut_dBi,PeakGain_dBi,PeakRealizedGain_dBi,FrontToBackRatio_dB,SLL_dB,HPBW_deg,SideLobeSuppression_dB,MainLobeTheta_deg,SideLobeTheta_deg,SideLobeGain_dBi,S11_f0_dB,AbsS11_f0_dB,AbsS11_f0_Linear,Objective1_Neg_Gmain,Objective2_SLL,Objective3_HPBW,Objective4_AbsS11,Gmain_Phi0_dBi,SLL_Phi0_dB,HPBW_Phi0_deg,Gmain_Phi90_dBi,SLL_Phi90_dB,HPBW_Phi90_deg,Ldir,Ldri,L1,Sdir,Sref,Wdri
148,sim_148,2.25,2.25,2.25,-5.75046694670918,ATK_OBJ_S11_F0,ATK_OBJ_PeakGain,Phi90,4.08175922048649,3.78141954487408,4.08175922048649,2.73846006464835,15.696400225435,-11.0539980313495,NaN,11.0539980313495,0,144,-7.27257848647544,-5.75046694670918,5.75046694670918,0.515794435617018,-4.08175922048649,-11.0539980313495,NaN,0.515794435617018,3.78141954487407,-0.0244475437754201,NaN,3.78141954487408,-11.0539980313495,NaN,14.9875254442056,41.295361781642,14.9538948646627,17.977245052252,20.0078845341728,2.6858862773938
