SimulationIndex,SimulationID,f0_GHz,S11ReportFreq_GHz,S11SweepSampleFreq_GHz,S11SweepSample_dB,S11_Source,Gmain_Source,MainPlane,Gmain_dBi,Gmain_Cut_dBi,PeakGain_dBi,PeakRealizedGain_dBi,FrontToBackRatio_dB,SLL_dB,HPBW_deg,SideLobeSuppression_dB,MainLobeTheta_deg,SideLobeTheta_deg,SideLobeGain_dBi,S11_f0_dB,AbsS11_f0_dB,AbsS11_f0_Linear,Objective1_Neg_Gmain,Objective2_SLL,Objective3_HPBW,Objective4_AbsS11,Gmain_Phi0_dBi,SLL_Phi0_dB,HPBW_Phi0_deg,Gmain_Phi90_dBi,SLL_Phi90_dB,HPBW_Phi90_deg,Ldir,Ldri,L1,Sdir,Sref,Wdri
28,sim_028,2.25,2.25,2.25,-3.04129490418384,ATK_OBJ_S11_F0,ATK_OBJ_PeakGain,Phi90,4.43909147702821,3.76076952725772,4.43909147702821,1.45956682823808,11.5159897033323,-11.8152431971641,NaN,11.8152431971641,18,140,-8.05447366990634,-3.04129490418384,3.04129490418384,0.704588020201204,-4.43909147702821,-11.8152431971641,NaN,0.704588020201204,3.65745870505205,-0.0313583137339202,NaN,3.76076952725772,-11.8152431971641,NaN,16.7109361143748,46.0266175261065,15.601338925168,12.5530552663709,21.9852410730592,4.11981304519086
