SimulationIndex,SimulationID,f0_GHz,S11ReportFreq_GHz,S11SweepSampleFreq_GHz,S11SweepSample_dB,S11_Source,Gmain_Source,MainPlane,Gmain_dBi,Gmain_Cut_dBi,PeakGain_dBi,PeakRealizedGain_dBi,FrontToBackRatio_dB,SLL_dB,HPBW_deg,SideLobeSuppression_dB,MainLobeTheta_deg,SideLobeTheta_deg,SideLobeGain_dBi,S11_f0_dB,AbsS11_f0_dB,AbsS11_f0_Linear,Objective1_Neg_Gmain,Objective2_SLL,Objective3_HPBW,Objective4_AbsS11,Gmain_Phi0_dBi,SLL_Phi0_dB,HPBW_Phi0_deg,Gmain_Phi90_dBi,SLL_Phi90_dB,HPBW_Phi90_deg,Ldir,Ldri,L1,Sdir,Sref,Wdri
53,sim_053,2.25,2.25,2.25,-5.17063922727005,ATK_OBJ_S11_F0,ATK_OBJ_PeakGain,Phi90,3.95195440849684,3.29410163997687,3.95195440849684,2.3777738155505,7.80896538809391,-12.3697127092492,NaN,12.3697127092492,0,150,-9.0756110692723,-5.17063922727005,5.17063922727005,0.551401621170395,-3.95195440849684,-12.3697127092492,NaN,0.551401621170395,3.29410163997686,-0.0248089246496499,NaN,3.29410163997687,-12.3697127092492,NaN,17.0178184500866,45.7950798417694,17.6448833057358,12.0651314405258,18.9338111082658,2.16286665428443
