f0_GHz,S11ReportFreq_GHz,S11SweepSampleFreq_GHz,S11SweepSample_dB,S11_f0_dB,AbsS11_f0_dB,AbsS11_f0_Linear,S11_Source,PeakGain_dBi,PeakRealizedGain_dBi,FrontToBackRatio_dB,Gmain_Source,Ldir,Ldri,L1,Sdir,Sref,Wdri,SimulationIndex,SimulationID
2.25,2.25,2.25,-3.43422505306689,-3.43422505306689,3.43422505306689,0.673424243911314,ATK_OBJ_S11_F0,4.30470362888814,1.68060360473129,14.0675601665008,ATK_OBJ_PeakGain,17.9633433681983,46.3196651498849,17.0902030503953,14.0986403482224,20.6220537275354,3.49489479417695,111,sim_111
