f0_GHz,S11ReportFreq_GHz,S11SweepSampleFreq_GHz,S11SweepSample_dB,S11_f0_dB,AbsS11_f0_dB,AbsS11_f0_Linear,S11_Source,PeakGain_dBi,PeakRealizedGain_dBi,FrontToBackRatio_dB,Gmain_Source,Ldir,Ldri,L1,Sdir,Sref,Wdri,SimulationIndex,SimulationID
2.25,2.25,2.25,-3.1755999761352,-3.1755999761352,3.1755999761352,0.693777164731705,ATK_OBJ_S11_F0,4.17685115592066,1.32578962301867,11.4599830502387,ATK_OBJ_PeakGain,17.5638184739047,44.4116956568739,15.3794546777016,13.2972943553822,20.5922854480032,4.47552816781666,149,sim_149
