SimulationIndex,SimulationID,f0_GHz,S11ReportFreq_GHz,S11SweepSampleFreq_GHz,S11SweepSample_dB,S11_Source,Gmain_Source,MainPlane,Gmain_dBi,Gmain_Cut_dBi,PeakGain_dBi,PeakRealizedGain_dBi,FrontToBackRatio_dB,SLL_dB,HPBW_deg,SideLobeSuppression_dB,MainLobeTheta_deg,SideLobeTheta_deg,SideLobeGain_dBi,S11_f0_dB,AbsS11_f0_dB,AbsS11_f0_Linear,Objective1_Neg_Gmain,Objective2_SLL,Objective3_HPBW,Objective4_AbsS11,Gmain_Phi0_dBi,SLL_Phi0_dB,HPBW_Phi0_deg,Gmain_Phi90_dBi,SLL_Phi90_dB,HPBW_Phi90_deg,Ldir,Ldri,L1,Sdir,Sref,Wdri
22,sim_022,2.25,2.25,2.25,-4.51673055275795,ATK_OBJ_S11_F0,ATK_OBJ_PeakGain,Phi90,4.23086742206562,3.85623001892459,4.23086742206562,2.33689427483723,20.0200486127134,-11.1719279929153,NaN,11.1719279929153,0,142,-7.31569797399075,-4.51673055275795,4.51673055275795,0.594515897653078,-4.23086742206562,-11.1719279929153,NaN,0.594515897653078,3.85623001892459,-0.02145966859125,NaN,3.85623001892459,-11.1719279929153,NaN,16.9746066172571,41.3667336402665,14.8397220848379,16.5501349869897,21.5830966434712,3.14075639383854
