SimulationIndex,SimulationID,f0_GHz,S11ReportFreq_GHz,S11SweepSampleFreq_GHz,S11SweepSample_dB,S11_Source,Gmain_Source,MainPlane,Gmain_dBi,Gmain_Cut_dBi,PeakGain_dBi,PeakRealizedGain_dBi,FrontToBackRatio_dB,SLL_dB,HPBW_deg,SideLobeSuppression_dB,MainLobeTheta_deg,SideLobeTheta_deg,SideLobeGain_dBi,S11_f0_dB,AbsS11_f0_dB,AbsS11_f0_Linear,Objective1_Neg_Gmain,Objective2_SLL,Objective3_HPBW,Objective4_AbsS11,Gmain_Phi0_dBi,SLL_Phi0_dB,HPBW_Phi0_deg,Gmain_Phi90_dBi,SLL_Phi90_dB,HPBW_Phi90_deg,Ldir,Ldri,L1,Sdir,Sref,Wdri
142,sim_142,2.25,2.25,2.25,-1.94490563070224,ATK_OBJ_S11_F0,ATK_OBJ_PeakGain,Phi90,4.23898179800554,3.59993381179706,4.23898179800554,-0.186098038475054,12.120495887402,-9.68798854603156,NaN,9.68798854603156,32,144,-6.0880547342345,-1.94490563070224,1.94490563070224,0.799382650872542,-4.23898179800554,-9.68798854603156,NaN,0.799382650872542,3.26916919928061,-0.0258757602216102,NaN,3.59993381179706,-9.68798854603156,NaN,15.0473783309213,40.5086820183118,17.7066084721921,13.7496578154955,20.2358567726566,3.20742284505705
