f0_GHz,S11ReportFreq_GHz,S11SweepSampleFreq_GHz,S11SweepSample_dB,S11_f0_dB,AbsS11_f0_dB,AbsS11_f0_Linear,S11_Source,PeakGain_dBi,PeakRealizedGain_dBi,FrontToBackRatio_dB,Gmain_Source,Ldir,Ldri,L1,Sdir,Sref,Wdri,SimulationIndex,SimulationID
2.25,2.25,2.25,-4.42606812269399,-4.42606812269399,4.42606812269399,0.600753893095488,ATK_OBJ_S11_F0,4.12306970699766,2.17872227393136,18.3521148451738,ATK_OBJ_PeakGain,18.3421352372321,41.6431776592453,14.5389115837807,15.5252354649249,19.9690000074096,3.44165147364785,47,sim_047
