SimulationIndex,SimulationID,f0_GHz,S11ReportFreq_GHz,S11SweepSampleFreq_GHz,S11SweepSample_dB,S11_Source,Gmain_Source,MainPlane,Gmain_dBi,Gmain_Cut_dBi,PeakGain_dBi,PeakRealizedGain_dBi,FrontToBackRatio_dB,SLL_dB,HPBW_deg,SideLobeSuppression_dB,MainLobeTheta_deg,SideLobeTheta_deg,SideLobeGain_dBi,S11_f0_dB,AbsS11_f0_dB,AbsS11_f0_Linear,Objective1_Neg_Gmain,Objective2_SLL,Objective3_HPBW,Objective4_AbsS11,Gmain_Phi0_dBi,SLL_Phi0_dB,HPBW_Phi0_deg,Gmain_Phi90_dBi,SLL_Phi90_dB,HPBW_Phi90_deg,Ldir,Ldri,L1,Sdir,Sref,Wdri
158,sim_158,2.25,2.25,2.25,-4.06217419772123,ATK_OBJ_S11_F0,ATK_OBJ_PeakGain,Phi90,4.2814597440131,3.83508258245477,4.2814597440131,2.11729132081712,17.633412020236,-11.4640608458415,NaN,11.4640608458415,0,142,-7.62897826338674,-4.06217419772123,4.06217419772123,0.626457034227083,-4.2814597440131,-11.4640608458415,NaN,0.626457034227083,3.83508258245477,-0.0257949944293903,NaN,3.83508258245477,-11.4640608458415,NaN,14.8658088132855,45.3394834442237,16.5646076613464,17.3400359519052,20.2962989829926,4.21466965201918
