SimulationIndex,SimulationID,f0_GHz,S11ReportFreq_GHz,S11SweepSampleFreq_GHz,S11SweepSample_dB,S11_Source,Gmain_Source,MainPlane,Gmain_dBi,Gmain_Cut_dBi,PeakGain_dBi,PeakRealizedGain_dBi,FrontToBackRatio_dB,SLL_dB,HPBW_deg,SideLobeSuppression_dB,MainLobeTheta_deg,SideLobeTheta_deg,SideLobeGain_dBi,S11_f0_dB,AbsS11_f0_dB,AbsS11_f0_Linear,Objective1_Neg_Gmain,Objective2_SLL,Objective3_HPBW,Objective4_AbsS11,Gmain_Phi0_dBi,SLL_Phi0_dB,HPBW_Phi0_deg,Gmain_Phi90_dBi,SLL_Phi90_dB,HPBW_Phi90_deg,Ldir,Ldri,L1,Sdir,Sref,Wdri
131,sim_131,2.25,2.25,2.25,-4.29529470716619,ATK_OBJ_S11_F0,ATK_OBJ_PeakGain,Phi90,3.92765339159817,3.73564044328915,3.92765339159817,1.9076787010606,16.7427161972357,-10.0709751517361,NaN,10.0709751517361,0,144,-6.33533470844698,-4.29529470716619,4.29529470716619,0.609867183104919,-3.92765339159817,-10.0709751517361,NaN,0.609867183104919,3.73564044328915,-0.01753585651992,NaN,3.73564044328915,-10.0709751517361,NaN,16.8539621104036,40.6404071385561,15.5624954808132,17.7777478322672,19.2467099478384,4.36388981229736
