f0_GHz,S11ReportFreq_GHz,S11SweepSampleFreq_GHz,S11SweepSample_dB,S11_f0_dB,AbsS11_f0_dB,AbsS11_f0_Linear,S11_Source,PeakGain_dBi,PeakRealizedGain_dBi,FrontToBackRatio_dB,Gmain_Source,Ldir,Ldri,L1,Sdir,Sref,Wdri,SimulationIndex,SimulationID
2.25,2.25,2.25,-5.55855701900998,-5.55855701900998,5.55855701900998,0.52731745704017,ATK_OBJ_S11_F0,3.94834913493495,2.53333792509369,12.0544930464523,ATK_OBJ_PeakGain,16.3859335174644,43.2851948751545,14.7676661263725,16.3450256718317,18.7509115581748,3.42245322429102,13,sim_013
