f0_GHz,S11ReportFreq_GHz,S11SweepSampleFreq_GHz,S11SweepSample_dB,S11_f0_dB,AbsS11_f0_dB,AbsS11_f0_Linear,S11_Source,PeakGain_dBi,PeakRealizedGain_dBi,FrontToBackRatio_dB,Gmain_Source,Ldir,Ldri,L1,Sdir,Sref,Wdri,SimulationIndex,SimulationID
2.25,2.25,2.25,-6.02957634218435,-6.02957634218435,6.02957634218435,0.49948354212794,ATK_OBJ_S11_F0,4.2908653878058,3.04446604644817,20.8034858784426,ATK_OBJ_PeakGain,17.6515344303123,43.9339506323858,14.7199231222259,16.2173677047738,19.634122897376,2.93248285658292,66,sim_066
