SimulationIndex,SimulationID,f0_GHz,S11ReportFreq_GHz,S11SweepSampleFreq_GHz,S11SweepSample_dB,S11_Source,Gmain_Source,MainPlane,Gmain_dBi,Gmain_Cut_dBi,PeakGain_dBi,PeakRealizedGain_dBi,FrontToBackRatio_dB,SLL_dB,HPBW_deg,SideLobeSuppression_dB,MainLobeTheta_deg,SideLobeTheta_deg,SideLobeGain_dBi,S11_f0_dB,AbsS11_f0_dB,AbsS11_f0_Linear,Objective1_Neg_Gmain,Objective2_SLL,Objective3_HPBW,Objective4_AbsS11,Gmain_Phi0_dBi,SLL_Phi0_dB,HPBW_Phi0_deg,Gmain_Phi90_dBi,SLL_Phi90_dB,HPBW_Phi90_deg,Ldir,Ldri,L1,Sdir,Sref,Wdri
185,sim_185,2.25,2.25,2.25,-3.448776806634,ATK_OBJ_S11_F0,ATK_OBJ_PeakGain,Phi90,3.81737634029005,3.26408520451691,3.81737634029005,1.20531484389265,8.32882655815578,-10.3046984176985,NaN,10.3046984176985,0,148,-7.04061321318157,-3.448776806634,3.448776806634,0.672296978896442,-3.81737634029005,-10.3046984176985,NaN,0.672296978896442,3.26408520451691,-0.0244313355674102,NaN,3.26408520451691,-10.3046984176985,NaN,16.6413761219824,44.8562196012086,17.0637841368624,12.7471932979953,18.8415394127045,4.39430652422933
