SimulationIndex,SimulationID,f0_GHz,S11ReportFreq_GHz,S11SweepSampleFreq_GHz,S11SweepSample_dB,S11_Source,Gmain_Source,MainPlane,Gmain_dBi,Gmain_Cut_dBi,PeakGain_dBi,PeakRealizedGain_dBi,FrontToBackRatio_dB,SLL_dB,HPBW_deg,SideLobeSuppression_dB,MainLobeTheta_deg,SideLobeTheta_deg,SideLobeGain_dBi,S11_f0_dB,AbsS11_f0_dB,AbsS11_f0_Linear,Objective1_Neg_Gmain,Objective2_SLL,Objective3_HPBW,Objective4_AbsS11,Gmain_Phi0_dBi,SLL_Phi0_dB,HPBW_Phi0_deg,Gmain_Phi90_dBi,SLL_Phi90_dB,HPBW_Phi90_deg,Ldir,Ldri,L1,Sdir,Sref,Wdri
170,sim_170,2.25,2.25,2.25,-5.62542906970639,ATK_OBJ_S11_F0,ATK_OBJ_PeakGain,Phi90,3.85583477434256,3.35294734728268,3.85583477434256,2.46630805180597,8.10533994085501,-10.6688929001392,NaN,10.6688929001392,0,146,-7.31594555285647,-5.62542906970639,5.62542906970639,0.523273265141474,-3.85583477434256,-10.6688929001392,NaN,0.523273265141474,3.35294734728267,-0.0233088487213502,NaN,3.35294734728268,-10.6688929001392,NaN,16.5052145599811,44.7879636097584,14.6746210165945,12.6493660351794,17.7337660869406,4.19183127488204
