f0_GHz,S11ReportFreq_GHz,S11SweepSampleFreq_GHz,S11SweepSample_dB,S11_f0_dB,AbsS11_f0_dB,AbsS11_f0_Linear,S11_Source,PeakGain_dBi,PeakRealizedGain_dBi,FrontToBackRatio_dB,Gmain_Source,Ldir,Ldri,L1,Sdir,Sref,Wdri,SimulationIndex,SimulationID
2.25,2.25,2.25,-3.69745142729066,-3.69745142729066,3.69745142729066,0.653322219246712,ATK_OBJ_S11_F0,4.78658692629528,2.36942202741439,35.0891742875707,ATK_OBJ_PeakGain,16.3467898682678,42.2474410536676,17.1610923323045,17.3304011592138,21.3056427621959,2.55813515169936,116,sim_116
