SimulationIndex,SimulationID,f0_GHz,S11ReportFreq_GHz,S11SweepSampleFreq_GHz,S11SweepSample_dB,S11_Source,Gmain_Source,MainPlane,Gmain_dBi,Gmain_Cut_dBi,PeakGain_dBi,PeakRealizedGain_dBi,FrontToBackRatio_dB,SLL_dB,HPBW_deg,SideLobeSuppression_dB,MainLobeTheta_deg,SideLobeTheta_deg,SideLobeGain_dBi,S11_f0_dB,AbsS11_f0_dB,AbsS11_f0_Linear,Objective1_Neg_Gmain,Objective2_SLL,Objective3_HPBW,Objective4_AbsS11,Gmain_Phi0_dBi,SLL_Phi0_dB,HPBW_Phi0_deg,Gmain_Phi90_dBi,SLL_Phi90_dB,HPBW_Phi90_deg,Ldir,Ldri,L1,Sdir,Sref,Wdri
95,sim_095,2.25,2.25,2.25,-4.48770364437318,ATK_OBJ_S11_F0,ATK_OBJ_PeakGain,Phi90,3.61128546722125,3.24794390974122,3.61128546722125,1.70136181355707,9.99367930923182,-9.57505747880421,NaN,9.57505747880421,0,150,-6.32711356906299,-4.48770364437318,4.48770364437318,0.596506001881207,-3.61128546722125,-9.57505747880421,NaN,0.596506001881207,3.24794390974122,-0.0130385428855,NaN,3.24794390974122,-9.57505747880421,NaN,14.8216693962972,40.2386371413618,16.5153384333587,16.4742745216446,17.2779655006514,4.03197647564199
