f0_GHz,S11ReportFreq_GHz,S11SweepSampleFreq_GHz,S11SweepSample_dB,S11_f0_dB,AbsS11_f0_dB,AbsS11_f0_Linear,S11_Source,PeakGain_dBi,PeakRealizedGain_dBi,FrontToBackRatio_dB,Gmain_Source,Ldir,Ldri,L1,Sdir,Sref,Wdri,SimulationIndex,SimulationID
2.25,2.25,2.25,-5.35745864375928,-5.35745864375928,5.35745864375928,0.539668498028608,ATK_OBJ_S11_F0,4.21577480709253,2.72075400893894,35.7671180224643,ATK_OBJ_PeakGain,16.6290759541745,45.9995082888613,17.3647288986528,17.646620306758,19.3546950554025,2.62070867504131,92,sim_092
