SimulationIndex,SimulationID,f0_GHz,S11ReportFreq_GHz,S11SweepSampleFreq_GHz,S11SweepSample_dB,S11_Source,Gmain_Source,MainPlane,Gmain_dBi,Gmain_Cut_dBi,PeakGain_dBi,PeakRealizedGain_dBi,FrontToBackRatio_dB,SLL_dB,HPBW_deg,SideLobeSuppression_dB,MainLobeTheta_deg,SideLobeTheta_deg,SideLobeGain_dBi,S11_f0_dB,AbsS11_f0_dB,AbsS11_f0_Linear,Objective1_Neg_Gmain,Objective2_SLL,Objective3_HPBW,Objective4_AbsS11,Gmain_Phi0_dBi,SLL_Phi0_dB,HPBW_Phi0_deg,Gmain_Phi90_dBi,SLL_Phi90_dB,HPBW_Phi90_deg,Ldir,Ldri,L1,Sdir,Sref,Wdri
179,sim_179,2.25,2.25,2.25,-3.1379724966762,ATK_OBJ_S11_F0,ATK_OBJ_PeakGain,Phi90,4.08702142292542,3.54122521574561,4.08702142292542,1.20074766756649,12.7040979789761,-11.0737338557905,NaN,11.0737338557905,16,142,-7.53250864004487,-3.1379724966762,3.1379724966762,0.696789143097627,-4.08702142292542,-11.0737338557905,NaN,0.696789143097627,3.5190699290442,-0.0214786253347499,NaN,3.54122521574561,-11.0737338557905,NaN,16.5319704733751,45.415295358888,16.4175409744677,13.6108321172905,20.4072781015884,4.46404616821081
