SimulationIndex,SimulationID,f0_GHz,S11ReportFreq_GHz,S11SweepSampleFreq_GHz,S11SweepSample_dB,S11_Source,Gmain_Source,MainPlane,Gmain_dBi,Gmain_Cut_dBi,PeakGain_dBi,PeakRealizedGain_dBi,FrontToBackRatio_dB,SLL_dB,HPBW_deg,SideLobeSuppression_dB,MainLobeTheta_deg,SideLobeTheta_deg,SideLobeGain_dBi,S11_f0_dB,AbsS11_f0_dB,AbsS11_f0_Linear,Objective1_Neg_Gmain,Objective2_SLL,Objective3_HPBW,Objective4_AbsS11,Gmain_Phi0_dBi,SLL_Phi0_dB,HPBW_Phi0_deg,Gmain_Phi90_dBi,SLL_Phi90_dB,HPBW_Phi90_deg,Ldir,Ldri,L1,Sdir,Sref,Wdri
25,sim_025,2.25,2.25,2.25,-5.14871383832195,ATK_OBJ_S11_F0,ATK_OBJ_PeakGain,Phi90,4.68814121328197,4.26810948331734,4.68814121328197,3.10434718173653,23.9341165820312,-13.105938567184,NaN,13.105938567184,12,140,-8.83782908386662,-5.14871383832195,5.14871383832195,0.552795256951053,-4.68814121328197,-13.105938567184,NaN,0.552795256951053,4.19567923305071,-0.0268960380034908,NaN,4.26810948331734,-13.105938567184,NaN,16.7247456715954,45.3593079311641,15.381741544398,17.7016902905563,21.7227330052624,2.689043760404
