SimulationIndex,SimulationID,f0_GHz,S11ReportFreq_GHz,S11SweepSampleFreq_GHz,S11SweepSample_dB,S11_Source,Gmain_Source,MainPlane,Gmain_dBi,Gmain_Cut_dBi,PeakGain_dBi,PeakRealizedGain_dBi,FrontToBackRatio_dB,SLL_dB,HPBW_deg,SideLobeSuppression_dB,MainLobeTheta_deg,SideLobeTheta_deg,SideLobeGain_dBi,S11_f0_dB,AbsS11_f0_dB,AbsS11_f0_Linear,Objective1_Neg_Gmain,Objective2_SLL,Objective3_HPBW,Objective4_AbsS11,Gmain_Phi0_dBi,SLL_Phi0_dB,HPBW_Phi0_deg,Gmain_Phi90_dBi,SLL_Phi90_dB,HPBW_Phi90_deg,Ldir,Ldri,L1,Sdir,Sref,Wdri
167,sim_167,2.25,2.25,2.25,-7.23280544181097,ATK_OBJ_S11_F0,ATK_OBJ_PeakGain,Phi90,3.92529980952132,3.73683074778275,3.92529980952132,3.01490768606734,17.9720784402177,-12.243716936667,NaN,12.243716936667,0,154,-8.5068861888843,-7.23280544181097,7.23280544181097,0.43487027987846,-3.92529980952132,-12.243716936667,NaN,0.43487027987846,3.73683074778275,-16.236451027792,NaN,3.73683074778275,-12.243716936667,NaN,16.618126163013,46.6692339037455,15.1543009002659,16.6128722414637,17.4186840837198,2.52543470925125
