f0_GHz,S11ReportFreq_GHz,S11SweepSampleFreq_GHz,S11SweepSample_dB,S11_f0_dB,AbsS11_f0_dB,AbsS11_f0_Linear,S11_Source,PeakGain_dBi,PeakRealizedGain_dBi,FrontToBackRatio_dB,Gmain_Source,Ldir,Ldri,L1,Sdir,Sref,Wdri,SimulationIndex,SimulationID
2.25,2.25,2.25,-3.98324148176151,-3.98324148176151,3.98324148176151,0.632175886022649,ATK_OBJ_S11_F0,3.57902354595783,1.36309509347088,11.3760575852933,ATK_OBJ_PeakGain,18.165382388528,42.0454602719973,16.549713033398,13.1331709864084,16.6122109640887,4.16894707066495,121,sim_121
