SimulationIndex,SimulationID,f0_GHz,S11ReportFreq_GHz,S11SweepSampleFreq_GHz,S11SweepSample_dB,S11_Source,Gmain_Source,MainPlane,Gmain_dBi,Gmain_Cut_dBi,PeakGain_dBi,PeakRealizedGain_dBi,FrontToBackRatio_dB,SLL_dB,HPBW_deg,SideLobeSuppression_dB,MainLobeTheta_deg,SideLobeTheta_deg,SideLobeGain_dBi,S11_f0_dB,AbsS11_f0_dB,AbsS11_f0_Linear,Objective1_Neg_Gmain,Objective2_SLL,Objective3_HPBW,Objective4_AbsS11,Gmain_Phi0_dBi,SLL_Phi0_dB,HPBW_Phi0_deg,Gmain_Phi90_dBi,SLL_Phi90_dB,HPBW_Phi90_deg,Ldir,Ldri,L1,Sdir,Sref,Wdri
135,sim_135,2.25,2.25,2.25,-1.57903445397713,ATK_OBJ_S11_F0,ATK_OBJ_PeakGain,Phi90,4.46090021239222,3.81991255212014,4.46090021239222,-0.698648903508398,10.8244752840981,-9.69907798740549,NaN,9.69907798740549,30,138,-5.87916543528535,-1.57903445397713,1.57903445397713,0.833773863933779,-4.46090021239222,-9.69907798740549,NaN,0.833773863933779,3.35612079279633,-0.0322904329257203,NaN,3.81991255212014,-9.69907798740549,NaN,14.9799816078952,40.787689984986,17.7479656445644,12.8971306643465,22.4236927609384,3.76639344197063
