SimulationIndex,SimulationID,f0_GHz,S11ReportFreq_GHz,S11SweepSampleFreq_GHz,S11SweepSample_dB,S11_Source,Gmain_Source,MainPlane,Gmain_dBi,Gmain_Cut_dBi,PeakGain_dBi,PeakRealizedGain_dBi,FrontToBackRatio_dB,SLL_dB,HPBW_deg,SideLobeSuppression_dB,MainLobeTheta_deg,SideLobeTheta_deg,SideLobeGain_dBi,S11_f0_dB,AbsS11_f0_dB,AbsS11_f0_Linear,Objective1_Neg_Gmain,Objective2_SLL,Objective3_HPBW,Objective4_AbsS11,Gmain_Phi0_dBi,SLL_Phi0_dB,HPBW_Phi0_deg,Gmain_Phi90_dBi,SLL_Phi90_dB,HPBW_Phi90_deg,Ldir,Ldri,L1,Sdir,Sref,Wdri
105,sim_105,2.25,2.25,2.25,-1.77834672573646,ATK_OBJ_S11_F0,ATK_OBJ_PeakGain,Phi90,4.89325839049767,4.5622843841437,4.89325839049767,0.15670554749237,14.4341913094897,-10.0600978800156,NaN,10.0600978800156,24,136,-5.49781349587192,-1.77834672573646,1.77834672573646,0.814859369783713,-4.89325839049767,-10.0600978800156,NaN,0.814859369783713,4.13854984679139,-0.0325009883495104,NaN,4.5622843841437,-10.0600978800156,NaN,17.1331371978195,43.0336386912068,16.4911459031161,16.005713401109,21.1723844382821,4.1619344358797
