f0_GHz,S11ReportFreq_GHz,S11SweepSampleFreq_GHz,S11SweepSample_dB,S11_f0_dB,AbsS11_f0_dB,AbsS11_f0_Linear,S11_Source,PeakGain_dBi,PeakRealizedGain_dBi,FrontToBackRatio_dB,Gmain_Source,Ldir,Ldri,L1,Sdir,Sref,Wdri,SimulationIndex,SimulationID
2.25,2.25,2.25,-0.498375038794927,-0.498375038794927,0.498375038794927,0.944237508256705,ATK_OBJ_S11_F0,5.13962085328219,-4.50946425437509,3.67991174087147,ATK_OBJ_PeakGain,16.1580944447613,44.4094539409284,18.3910358502987,15.3459787050742,21.8510700923013,3.97422096098843,61,sim_061
