f0_GHz,S11ReportFreq_GHz,S11SweepSampleFreq_GHz,S11SweepSample_dB,S11_f0_dB,AbsS11_f0_dB,AbsS11_f0_Linear,S11_Source,PeakGain_dBi,PeakRealizedGain_dBi,FrontToBackRatio_dB,Gmain_Source,Ldir,Ldri,L1,Sdir,Sref,Wdri,SimulationIndex,SimulationID
2.25,2.25,2.25,-5.14871383832195,-5.14871383832195,5.14871383832195,0.552795256951053,ATK_OBJ_S11_F0,4.68814121328197,3.10434718173653,23.9341165820312,ATK_OBJ_PeakGain,16.7247456715954,45.3593079311641,15.381741544398,17.7016902905563,21.7227330052624,2.689043760404,25,sim_025
