f0_GHz,S11ReportFreq_GHz,S11SweepSampleFreq_GHz,S11SweepSample_dB,S11_f0_dB,AbsS11_f0_dB,AbsS11_f0_Linear,S11_Source,PeakGain_dBi,PeakRealizedGain_dBi,FrontToBackRatio_dB,Gmain_Source,Ldir,Ldri,L1,Sdir,Sref,Wdri,SimulationIndex,SimulationID
2.25,2.25,2.25,-1.90128862149391,-1.90128862149391,1.90128862149391,0.803406921473783,ATK_OBJ_S11_F0,4.16271103472658,-0.340669408509179,10.5479999533702,ATK_OBJ_PeakGain,16.1996327590194,46.2939033100249,17.18721273142,12.3164569889957,17.5127062641295,3.47694027026174,144,sim_144
