SimulationIndex,SimulationID,f0_GHz,S11ReportFreq_GHz,S11SweepSampleFreq_GHz,S11SweepSample_dB,S11_Source,Gmain_Source,MainPlane,Gmain_dBi,Gmain_Cut_dBi,PeakGain_dBi,PeakRealizedGain_dBi,FrontToBackRatio_dB,SLL_dB,HPBW_deg,SideLobeSuppression_dB,MainLobeTheta_deg,SideLobeTheta_deg,SideLobeGain_dBi,S11_f0_dB,AbsS11_f0_dB,AbsS11_f0_Linear,Objective1_Neg_Gmain,Objective2_SLL,Objective3_HPBW,Objective4_AbsS11,Gmain_Phi0_dBi,SLL_Phi0_dB,HPBW_Phi0_deg,Gmain_Phi90_dBi,SLL_Phi90_dB,HPBW_Phi90_deg,Ldir,Ldri,L1,Sdir,Sref,Wdri
85,sim_085,2.25,2.25,2.25,-3.56809083015512,ATK_OBJ_S11_F0,ATK_OBJ_PeakGain,Phi90,3.49281209707996,3.12292674423562,3.49281209707996,0.976747942717408,10.7401606300796,-9.93126954774836,NaN,9.93126954774836,0,154,-6.80834280351274,-3.56809083015512,3.56809083015512,0.663125087410287,-3.49281209707996,-9.93126954774836,NaN,0.663125087410287,3.12292674423561,-13.119686093418,NaN,3.12292674423562,-9.93126954774836,NaN,17.2544487918473,41.0114470148242,17.7940867924897,14.414852007714,16.9741533726212,2.77646956855777
