f0_GHz,S11ReportFreq_GHz,S11SweepSampleFreq_GHz,S11SweepSample_dB,S11_f0_dB,AbsS11_f0_dB,AbsS11_f0_Linear,S11_Source,PeakGain_dBi,PeakRealizedGain_dBi,FrontToBackRatio_dB,Gmain_Source,Ldir,Ldri,L1,Sdir,Sref,Wdri,SimulationIndex,SimulationID
2.25,2.25,2.25,-2.92823468638985,-2.92823468638985,2.92823468638985,0.713819266466224,ATK_OBJ_S11_F0,3.9712782882755,0.877332421356856,8.00018120626322,ATK_OBJ_PeakGain,14.8051612939182,41.2561763240714,17.2132123364901,12.533526977947,21.2421370371577,3.6653476338102,5,sim_005
