f0_GHz,S11ReportFreq_GHz,S11SweepSampleFreq_GHz,S11SweepSample_dB,S11_f0_dB,AbsS11_f0_dB,AbsS11_f0_Linear,S11_Source,PeakGain_dBi,PeakRealizedGain_dBi,FrontToBackRatio_dB,Gmain_Source,Ldir,Ldri,L1,Sdir,Sref,Wdri,SimulationIndex,SimulationID
2.25,2.25,2.25,-1.16905736194209,-1.16905736194209,1.16905736194209,0.874071846280289,ATK_OBJ_S11_F0,5.19749021151021,-1.07341906382479,10.7328062209407,ATK_OBJ_PeakGain,18.4086478300757,46.7362693979569,17.76354247509,13.890039017061,21.6137192616165,3.22862731958291,93,sim_093
