SimulationIndex,SimulationID,f0_GHz,S11ReportFreq_GHz,S11SweepSampleFreq_GHz,S11SweepSample_dB,S11_Source,Gmain_Source,MainPlane,Gmain_dBi,Gmain_Cut_dBi,PeakGain_dBi,PeakRealizedGain_dBi,FrontToBackRatio_dB,SLL_dB,HPBW_deg,SideLobeSuppression_dB,MainLobeTheta_deg,SideLobeTheta_deg,SideLobeGain_dBi,S11_f0_dB,AbsS11_f0_dB,AbsS11_f0_Linear,Objective1_Neg_Gmain,Objective2_SLL,Objective3_HPBW,Objective4_AbsS11,Gmain_Phi0_dBi,SLL_Phi0_dB,HPBW_Phi0_deg,Gmain_Phi90_dBi,SLL_Phi90_dB,HPBW_Phi90_deg,Ldir,Ldri,L1,Sdir,Sref,Wdri
121,sim_121,2.25,2.25,2.25,-3.98324148176151,ATK_OBJ_S11_F0,ATK_OBJ_PeakGain,Phi90,3.57902354595783,3.18747283221207,3.57902354595783,1.36309509347088,11.3760575852933,-10.2668701640721,NaN,10.2668701640721,0,152,-7.07939733186007,-3.98324148176151,3.98324148176151,0.632175886022649,-3.57902354595783,-10.2668701640721,NaN,0.632175886022649,3.18747283221206,-0.0167354262433999,NaN,3.18747283221207,-10.2668701640721,NaN,18.165382388528,42.0454602719973,16.549713033398,13.1331709864084,16.6122109640887,4.16894707066495
