SimulationIndex,SimulationID,f0_GHz,S11ReportFreq_GHz,S11SweepSampleFreq_GHz,S11SweepSample_dB,S11_Source,Gmain_Source,MainPlane,Gmain_dBi,Gmain_Cut_dBi,PeakGain_dBi,PeakRealizedGain_dBi,FrontToBackRatio_dB,SLL_dB,HPBW_deg,SideLobeSuppression_dB,MainLobeTheta_deg,SideLobeTheta_deg,SideLobeGain_dBi,S11_f0_dB,AbsS11_f0_dB,AbsS11_f0_Linear,Objective1_Neg_Gmain,Objective2_SLL,Objective3_HPBW,Objective4_AbsS11,Gmain_Phi0_dBi,SLL_Phi0_dB,HPBW_Phi0_deg,Gmain_Phi90_dBi,SLL_Phi90_dB,HPBW_Phi90_deg,Ldir,Ldri,L1,Sdir,Sref,Wdri
56,sim_056,2.25,2.25,2.25,-4.08984708980969,ATK_OBJ_S11_F0,ATK_OBJ_PeakGain,Phi90,4.00586119188362,3.43800633701997,4.00586119188362,1.85947481171079,11.1170234054692,-11.3166661928166,NaN,11.3166661928166,0,146,-7.87865985579668,-4.08984708980969,4.08984708980969,0.624464343526456,-4.00586119188362,-11.3166661928166,NaN,0.624464343526456,3.43800633701997,-0.0237932046733098,NaN,3.43800633701997,-11.3166661928166,NaN,15.5639561965337,44.6455031588587,16.7905569366084,13.9332190404228,19.9382229783121,3.34783927903545
