SimulationIndex,SimulationID,f0_GHz,S11ReportFreq_GHz,S11SweepSampleFreq_GHz,S11SweepSample_dB,S11_Source,Gmain_Source,MainPlane,Gmain_dBi,Gmain_Cut_dBi,PeakGain_dBi,PeakRealizedGain_dBi,FrontToBackRatio_dB,SLL_dB,HPBW_deg,SideLobeSuppression_dB,MainLobeTheta_deg,SideLobeTheta_deg,SideLobeGain_dBi,S11_f0_dB,AbsS11_f0_dB,AbsS11_f0_Linear,Objective1_Neg_Gmain,Objective2_SLL,Objective3_HPBW,Objective4_AbsS11,Gmain_Phi0_dBi,SLL_Phi0_dB,HPBW_Phi0_deg,Gmain_Phi90_dBi,SLL_Phi90_dB,HPBW_Phi90_deg,Ldir,Ldri,L1,Sdir,Sref,Wdri
21,sim_021,2.25,2.25,2.25,-5.23524742918151,ATK_OBJ_S11_F0,ATK_OBJ_PeakGain,Phi90,4.09447796482576,3.41137520607874,4.09447796482576,2.54822398745307,8.82176814173758,-11.087070658289,NaN,11.087070658289,0,144,-7.67569545221024,-5.23524742918151,5.23524742918151,0.54731535001207,-4.09447796482576,-11.087070658289,NaN,0.54731535001207,3.41137520607874,-0.0256476544793101,NaN,3.41137520607874,-11.087070658289,NaN,15.1185770827896,44.1076844011796,15.0360889916723,13.1736656745277,19.2130996992491,3.70933996180163
