f0_GHz,S11ReportFreq_GHz,S11SweepSampleFreq_GHz,S11SweepSample_dB,S11_f0_dB,AbsS11_f0_dB,AbsS11_f0_Linear,S11_Source,PeakGain_dBi,PeakRealizedGain_dBi,FrontToBackRatio_dB,Gmain_Source,Ldir,Ldri,L1,Sdir,Sref,Wdri,SimulationIndex,SimulationID
2.25,2.25,2.25,-4.46472571070773,-4.46472571070773,4.46472571070773,0.598086107280722,ATK_OBJ_S11_F0,4.18697059238117,2.26430253737194,8.99128046353616,ATK_OBJ_PeakGain,15.1484690583793,45.4378678521453,16.162440410365,12.8512154299752,20.7580836053251,2.26099854478022,198,sim_198
