f0_GHz,S11ReportFreq_GHz,S11SweepSampleFreq_GHz,S11SweepSample_dB,S11_f0_dB,AbsS11_f0_dB,AbsS11_f0_Linear,S11_Source,PeakGain_dBi,PeakRealizedGain_dBi,FrontToBackRatio_dB,Gmain_Source,Ldir,Ldri,L1,Sdir,Sref,Wdri,SimulationIndex,SimulationID
2.25,2.25,2.25,-3.61075259611793,-3.61075259611793,3.61075259611793,0.659876056277818,ATK_OBJ_S11_F0,4.46441617127917,1.9815448346552,28.45284412371,ATK_OBJ_PeakGain,17.5279103043134,45.0924690604719,16.2777071890186,17.2172415660956,20.4461036341354,4.25818603623062,34,sim_034
