f0_GHz,S11ReportFreq_GHz,S11SweepSampleFreq_GHz,S11SweepSample_dB,S11_f0_dB,AbsS11_f0_dB,AbsS11_f0_Linear,S11_Source,PeakGain_dBi,PeakRealizedGain_dBi,FrontToBackRatio_dB,Gmain_Source,Ldir,Ldri,L1,Sdir,Sref,Wdri,SimulationIndex,SimulationID
2.25,2.25,2.25,-4.37090442453665,-4.37090442453665,4.37090442453665,0.604581395592357,ATK_OBJ_S11_F0,4.06649103992129,2.09067955408771,18.7572910420707,ATK_OBJ_PeakGain,15.751659727655,43.4750791941465,18.3132530766857,15.8208111293113,20.1824260098522,2.05630915396947,156,sim_156
