f0_GHz,S11ReportFreq_GHz,S11SweepSampleFreq_GHz,S11SweepSample_dB,S11_f0_dB,AbsS11_f0_dB,AbsS11_f0_Linear,S11_Source,PeakGain_dBi,PeakRealizedGain_dBi,FrontToBackRatio_dB,Gmain_Source,Ldir,Ldri,L1,Sdir,Sref,Wdri,SimulationIndex,SimulationID
2.25,2.25,2.25,-7.02785749975873,-7.02785749975873,7.02785749975873,0.4452532775333,ATK_OBJ_S11_F0,3.94362840508392,2.98401548475688,13.4614494507204,ATK_OBJ_PeakGain,15.9612094235834,43.8267547141137,14.9838649066094,17.6981813929765,18.4810459710014,2.43008537668318,101,sim_101
