SimulationIndex,SimulationID,f0_GHz,S11ReportFreq_GHz,S11SweepSampleFreq_GHz,S11SweepSample_dB,S11_Source,Gmain_Source,MainPlane,Gmain_dBi,Gmain_Cut_dBi,PeakGain_dBi,PeakRealizedGain_dBi,FrontToBackRatio_dB,SLL_dB,HPBW_deg,SideLobeSuppression_dB,MainLobeTheta_deg,SideLobeTheta_deg,SideLobeGain_dBi,S11_f0_dB,AbsS11_f0_dB,AbsS11_f0_Linear,Objective1_Neg_Gmain,Objective2_SLL,Objective3_HPBW,Objective4_AbsS11,Gmain_Phi0_dBi,SLL_Phi0_dB,HPBW_Phi0_deg,Gmain_Phi90_dBi,SLL_Phi90_dB,HPBW_Phi90_deg,Ldir,Ldri,L1,Sdir,Sref,Wdri
63,sim_063,2.25,2.25,2.25,-4.51079864538969,ATK_OBJ_S11_F0,ATK_OBJ_PeakGain,Phi90,4.58994668540495,4.07254102184291,4.58994668540495,2.69272732116095,15.3722366294314,-13.2816507806323,NaN,13.2816507806323,16,140,-9.20910975878934,-4.51079864538969,4.51079864538969,0.594922052679301,-4.58994668540495,-13.2816507806323,NaN,0.594922052679301,3.93169297920398,-0.02724877369001,NaN,4.07254102184291,-13.2816507806323,NaN,15.0323533277918,45.0674945646243,15.1902363983992,16.0404019659025,22.3332282982957,2.47567472073963
