SimulationIndex,SimulationID,f0_GHz,S11ReportFreq_GHz,S11SweepSampleFreq_GHz,S11SweepSample_dB,S11_Source,Gmain_Source,MainPlane,Gmain_dBi,Gmain_Cut_dBi,PeakGain_dBi,PeakRealizedGain_dBi,FrontToBackRatio_dB,SLL_dB,HPBW_deg,SideLobeSuppression_dB,MainLobeTheta_deg,SideLobeTheta_deg,SideLobeGain_dBi,S11_f0_dB,AbsS11_f0_dB,AbsS11_f0_Linear,Objective1_Neg_Gmain,Objective2_SLL,Objective3_HPBW,Objective4_AbsS11,Gmain_Phi0_dBi,SLL_Phi0_dB,HPBW_Phi0_deg,Gmain_Phi90_dBi,SLL_Phi90_dB,HPBW_Phi90_deg,Ldir,Ldri,L1,Sdir,Sref,Wdri
66,sim_066,2.25,2.25,2.25,-6.02957634218435,ATK_OBJ_S11_F0,ATK_OBJ_PeakGain,Phi90,4.2908653878058,3.92565178225052,4.2908653878058,3.04446604644817,20.8034858784426,-12.0242484841817,NaN,12.0242484841817,0,146,-8.09859670193114,-6.02957634218435,6.02957634218435,0.49948354212794,-4.2908653878058,-12.0242484841817,NaN,0.49948354212794,3.92565178225052,-0.0263065554309003,NaN,3.92565178225052,-12.0242484841817,NaN,17.6515344303123,43.9339506323858,14.7199231222259,16.2173677047738,19.634122897376,2.93248285658292
