SimulationIndex,SimulationID,f0_GHz,S11ReportFreq_GHz,S11SweepSampleFreq_GHz,S11SweepSample_dB,S11_Source,Gmain_Source,MainPlane,Gmain_dBi,Gmain_Cut_dBi,PeakGain_dBi,PeakRealizedGain_dBi,FrontToBackRatio_dB,SLL_dB,HPBW_deg,SideLobeSuppression_dB,MainLobeTheta_deg,SideLobeTheta_deg,SideLobeGain_dBi,S11_f0_dB,AbsS11_f0_dB,AbsS11_f0_Linear,Objective1_Neg_Gmain,Objective2_SLL,Objective3_HPBW,Objective4_AbsS11,Gmain_Phi0_dBi,SLL_Phi0_dB,HPBW_Phi0_deg,Gmain_Phi90_dBi,SLL_Phi90_dB,HPBW_Phi90_deg,Ldir,Ldri,L1,Sdir,Sref,Wdri
125,sim_125,2.25,2.25,2.25,-3.51174106730069,ATK_OBJ_S11_F0,ATK_OBJ_PeakGain,Phi90,4.33906872478868,3.73667427567973,4.33906872478868,1.77825949002266,14.1110154766231,-10.7858567424532,NaN,10.7858567424532,6,138,-7.04918246677347,-3.51174106730069,3.51174106730069,0.667441100467462,-4.33906872478868,-10.7858567424532,NaN,0.667441100467462,3.73180308089524,-0.0256823047563,NaN,3.73667427567973,-10.7858567424532,NaN,16.7683548820863,42.9082679680864,14.8985471245,14.3356913072318,22.0888010380203,4.1784701390283
