SimulationIndex,SimulationID,f0_GHz,S11ReportFreq_GHz,S11SweepSampleFreq_GHz,S11SweepSample_dB,S11_Source,Gmain_Source,MainPlane,Gmain_dBi,Gmain_Cut_dBi,PeakGain_dBi,PeakRealizedGain_dBi,FrontToBackRatio_dB,SLL_dB,HPBW_deg,SideLobeSuppression_dB,MainLobeTheta_deg,SideLobeTheta_deg,SideLobeGain_dBi,S11_f0_dB,AbsS11_f0_dB,AbsS11_f0_Linear,Objective1_Neg_Gmain,Objective2_SLL,Objective3_HPBW,Objective4_AbsS11,Gmain_Phi0_dBi,SLL_Phi0_dB,HPBW_Phi0_deg,Gmain_Phi90_dBi,SLL_Phi90_dB,HPBW_Phi90_deg,Ldir,Ldri,L1,Sdir,Sref,Wdri
157,sim_157,2.25,2.25,2.25,-3.99722594348016,ATK_OBJ_S11_F0,ATK_OBJ_PeakGain,Phi90,3.98958592969164,3.54455055467643,3.98958592969164,1.78294181891431,16.429229496557,-10.2453739603565,NaN,10.2453739603565,0,146,-6.70082340568005,-3.99722594348016,3.99722594348016,0.631158888702005,-3.98958592969164,-10.2453739603565,NaN,0.631158888702005,3.54455055467643,-0.0284316272487803,NaN,3.54455055467643,-10.2453739603565,NaN,14.5250361224494,41.6692386195235,16.845630031183,17.0756636991792,19.5224552687218,3.75506198100147
