f0_GHz,S11ReportFreq_GHz,S11SweepSampleFreq_GHz,S11SweepSample_dB,S11_f0_dB,AbsS11_f0_dB,AbsS11_f0_Linear,S11_Source,PeakGain_dBi,PeakRealizedGain_dBi,FrontToBackRatio_dB,Gmain_Source,Ldir,Ldri,L1,Sdir,Sref,Wdri,SimulationIndex,SimulationID
2.25,2.25,2.25,-4.91853972606492,-4.91853972606492,4.91853972606492,0.56764002917045,ATK_OBJ_S11_F0,4.11407378228032,2.42499201611086,14.4049189484601,ATK_OBJ_PeakGain,16.7947571619103,43.5018814037273,15.9562320516199,13.8665432618935,20.3770235400738,2.93890577972979,120,sim_120
