f0_GHz,S11ReportFreq_GHz,S11SweepSampleFreq_GHz,S11SweepSample_dB,S11_f0_dB,AbsS11_f0_dB,AbsS11_f0_Linear,S11_Source,PeakGain_dBi,PeakRealizedGain_dBi,FrontToBackRatio_dB,Gmain_Source,Ldir,Ldri,L1,Sdir,Sref,Wdri,SimulationIndex,SimulationID
2.25,2.25,2.25,-5.17063922727005,-5.17063922727005,5.17063922727005,0.551401621170395,ATK_OBJ_S11_F0,3.95195440849684,2.3777738155505,7.80896538809391,ATK_OBJ_PeakGain,17.0178184500866,45.7950798417694,17.6448833057358,12.0651314405258,18.9338111082658,2.16286665428443,53,sim_053
