SimulationIndex,SimulationID,f0_GHz,S11ReportFreq_GHz,S11SweepSampleFreq_GHz,S11SweepSample_dB,S11_Source,Gmain_Source,MainPlane,Gmain_dBi,Gmain_Cut_dBi,PeakGain_dBi,PeakRealizedGain_dBi,FrontToBackRatio_dB,SLL_dB,HPBW_deg,SideLobeSuppression_dB,MainLobeTheta_deg,SideLobeTheta_deg,SideLobeGain_dBi,S11_f0_dB,AbsS11_f0_dB,AbsS11_f0_Linear,Objective1_Neg_Gmain,Objective2_SLL,Objective3_HPBW,Objective4_AbsS11,Gmain_Phi0_dBi,SLL_Phi0_dB,HPBW_Phi0_deg,Gmain_Phi90_dBi,SLL_Phi90_dB,HPBW_Phi90_deg,Ldir,Ldri,L1,Sdir,Sref,Wdri
33,sim_033,2.25,2.25,2.25,-0.898148288620488,ATK_OBJ_S11_F0,ATK_OBJ_PeakGain,Phi90,3.98208788957427,3.56345955479356,3.98208788957427,-3.30361237750192,5.3623784439258,-5.13543642769282,NaN,5.13543642769282,36,140,-1.57197687289926,-0.898148288620488,0.898148288620488,0.9017633605755,-3.98208788957427,-5.13543642769282,NaN,0.9017633605755,2.01144784756199,-0.11551808297912,NaN,3.56345955479356,-5.13543642769282,NaN,16.1135827108173,42.1243307063806,16.2306827513577,14.6429309375448,16.6867862592252,4.44365798248077
