f0_GHz,S11ReportFreq_GHz,S11SweepSampleFreq_GHz,S11SweepSample_dB,S11_f0_dB,AbsS11_f0_dB,AbsS11_f0_Linear,S11_Source,PeakGain_dBi,PeakRealizedGain_dBi,FrontToBackRatio_dB,Gmain_Source,Ldir,Ldri,L1,Sdir,Sref,Wdri,SimulationIndex,SimulationID
2.25,2.25,2.25,-6.00893505713291,-6.00893505713291,6.00893505713291,0.500671934188344,ATK_OBJ_S11_F0,4.01770094792568,2.76441832360807,23.809939908625,ATK_OBJ_PeakGain,18.3930751469734,44.6928724922484,15.8735328935687,16.7875682737711,18.4687200166294,2.211218498655,48,sim_048
