f0_GHz,S11ReportFreq_GHz,S11SweepSampleFreq_GHz,S11SweepSample_dB,S11_f0_dB,AbsS11_f0_dB,AbsS11_f0_Linear,S11_Source,PeakGain_dBi,PeakRealizedGain_dBi,FrontToBackRatio_dB,Gmain_Source,Ldir,Ldri,L1,Sdir,Sref,Wdri,SimulationIndex,SimulationID
2.25,2.25,2.25,-4.93700130262342,-4.93700130262342,4.93700130262342,0.566434809989881,ATK_OBJ_S11_F0,3.90141520679179,2.22108252711648,12.0654635991066,ATK_OBJ_PeakGain,18.0225602879944,40.4566222942714,14.6166630397134,15.5832719367912,17.7970095943633,2.44275944604186,134,sim_134
