SimulationIndex,SimulationID,f0_GHz,S11ReportFreq_GHz,S11SweepSampleFreq_GHz,S11SweepSample_dB,S11_Source,Gmain_Source,MainPlane,Gmain_dBi,Gmain_Cut_dBi,PeakGain_dBi,PeakRealizedGain_dBi,FrontToBackRatio_dB,SLL_dB,HPBW_deg,SideLobeSuppression_dB,MainLobeTheta_deg,SideLobeTheta_deg,SideLobeGain_dBi,S11_f0_dB,AbsS11_f0_dB,AbsS11_f0_Linear,Objective1_Neg_Gmain,Objective2_SLL,Objective3_HPBW,Objective4_AbsS11,Gmain_Phi0_dBi,SLL_Phi0_dB,HPBW_Phi0_deg,Gmain_Phi90_dBi,SLL_Phi90_dB,HPBW_Phi90_deg,Ldir,Ldri,L1,Sdir,Sref,Wdri
103,sim_103,2.25,2.25,2.25,-0.910778495910462,ATK_OBJ_S11_F0,ATK_OBJ_PeakGain,Phi90,4.97564274523151,4.67334043495567,4.97564274523151,-2.25550637235525,9.03391603462956,-9.51874247761829,NaN,9.51874247761829,30,136,-4.84540204266262,-0.910778495910462,0.910778495910462,0.900453053639156,-4.97564274523151,-9.51874247761829,NaN,0.900453053639156,3.41848395294532,-0.38749802882237,NaN,4.67334043495567,-9.51874247761829,NaN,15.6105375166102,42.7023131335898,17.9619817929936,13.4244801412619,21.3422319243407,2.11569284318672
