SimulationIndex,SimulationID,f0_GHz,S11ReportFreq_GHz,S11SweepSampleFreq_GHz,S11SweepSample_dB,S11_Source,Gmain_Source,MainPlane,Gmain_dBi,Gmain_Cut_dBi,PeakGain_dBi,PeakRealizedGain_dBi,FrontToBackRatio_dB,SLL_dB,HPBW_deg,SideLobeSuppression_dB,MainLobeTheta_deg,SideLobeTheta_deg,SideLobeGain_dBi,S11_f0_dB,AbsS11_f0_dB,AbsS11_f0_Linear,Objective1_Neg_Gmain,Objective2_SLL,Objective3_HPBW,Objective4_AbsS11,Gmain_Phi0_dBi,SLL_Phi0_dB,HPBW_Phi0_deg,Gmain_Phi90_dBi,SLL_Phi90_dB,HPBW_Phi90_deg,Ldir,Ldri,L1,Sdir,Sref,Wdri
54,sim_054,2.25,2.25,2.25,-5.33268276286781,ATK_OBJ_S11_F0,ATK_OBJ_PeakGain,Phi90,4.0026129123321,3.83523522074214,4.0026129123321,2.49737011827749,15.8704988315885,-10.5957877559906,NaN,10.5957877559906,0,146,-6.76055253524845,-5.33268276286781,5.33268276286781,0.54121006149576,-4.0026129123321,-10.5957877559906,NaN,0.54121006149576,3.83523522074214,-0.0185689035899599,NaN,3.83523522074214,-10.5957877559906,NaN,17.2666832610548,41.12182272616,14.5859101450166,17.90815673593,18.6069672043789,3.58159853359673
