f0_GHz,S11ReportFreq_GHz,S11SweepSampleFreq_GHz,S11SweepSample_dB,S11_f0_dB,AbsS11_f0_dB,AbsS11_f0_Linear,S11_Source,PeakGain_dBi,PeakRealizedGain_dBi,FrontToBackRatio_dB,Gmain_Source,Ldir,Ldri,L1,Sdir,Sref,Wdri,SimulationIndex,SimulationID
2.25,2.25,2.25,-5.15553865192746,-5.15553865192746,5.15553865192746,0.552361076578775,ATK_OBJ_S11_F0,4.12692936494301,2.54613523917325,22.2701575186266,ATK_OBJ_PeakGain,17.5406520164106,45.9720874499725,16.7167044102096,17.595972794475,18.5561580431609,4.27614839791589,137,sim_137
