SimulationIndex,SimulationID,f0_GHz,S11ReportFreq_GHz,S11SweepSampleFreq_GHz,S11SweepSample_dB,S11_Source,Gmain_Source,MainPlane,Gmain_dBi,Gmain_Cut_dBi,PeakGain_dBi,PeakRealizedGain_dBi,FrontToBackRatio_dB,SLL_dB,HPBW_deg,SideLobeSuppression_dB,MainLobeTheta_deg,SideLobeTheta_deg,SideLobeGain_dBi,S11_f0_dB,AbsS11_f0_dB,AbsS11_f0_Linear,Objective1_Neg_Gmain,Objective2_SLL,Objective3_HPBW,Objective4_AbsS11,Gmain_Phi0_dBi,SLL_Phi0_dB,HPBW_Phi0_deg,Gmain_Phi90_dBi,SLL_Phi90_dB,HPBW_Phi90_deg,Ldir,Ldri,L1,Sdir,Sref,Wdri
78,sim_078,2.25,2.25,2.25,-2.6753942274584,ATK_OBJ_S11_F0,ATK_OBJ_PeakGain,Phi90,4.31863315928237,3.77469609561015,4.31863315928237,0.945426966362858,13.7029478295442,-11.533639348419,NaN,11.533639348419,24,140,-7.75894325280888,-2.6753942274584,2.6753942274584,0.734903454145347,-4.31863315928237,-11.533639348419,NaN,0.734903454145347,3.60960014332034,-0.02266896002619,NaN,3.77469609561015,-11.533639348419,NaN,15.633639438083,44.5798934982246,18.0538757522997,14.8878039058234,21.9526327374446,3.66072940950286
