SimulationIndex,SimulationID,f0_GHz,S11ReportFreq_GHz,S11SweepSampleFreq_GHz,S11SweepSample_dB,S11_Source,Gmain_Source,MainPlane,Gmain_dBi,Gmain_Cut_dBi,PeakGain_dBi,PeakRealizedGain_dBi,FrontToBackRatio_dB,SLL_dB,HPBW_deg,SideLobeSuppression_dB,MainLobeTheta_deg,SideLobeTheta_deg,SideLobeGain_dBi,S11_f0_dB,AbsS11_f0_dB,AbsS11_f0_Linear,Objective1_Neg_Gmain,Objective2_SLL,Objective3_HPBW,Objective4_AbsS11,Gmain_Phi0_dBi,SLL_Phi0_dB,HPBW_Phi0_deg,Gmain_Phi90_dBi,SLL_Phi90_dB,HPBW_Phi90_deg,Ldir,Ldri,L1,Sdir,Sref,Wdri
115,sim_115,2.25,2.25,2.25,-4.66910239438359,ATK_OBJ_S11_F0,ATK_OBJ_PeakGain,Phi90,3.81961840512074,3.3610069414724,3.81961840512074,2.00673609947993,12.2878379175247,-10.3999090341257,NaN,10.3999090341257,0,148,-7.0389020926533,-4.66910239438359,4.66910239438359,0.584177573272879,-3.81961840512074,-10.3999090341257,NaN,0.584177573272879,3.3610069414724,-0.01622043503603,NaN,3.3610069414724,-10.3999090341257,NaN,18.0897937527603,40.844694302649,15.5278170950545,15.4502204598331,17.88500672168,2.70627126315455
