f0_GHz,S11ReportFreq_GHz,S11SweepSampleFreq_GHz,S11SweepSample_dB,S11_f0_dB,AbsS11_f0_dB,AbsS11_f0_Linear,S11_Source,PeakGain_dBi,PeakRealizedGain_dBi,FrontToBackRatio_dB,Gmain_Source,Ldir,Ldri,L1,Sdir,Sref,Wdri,SimulationIndex,SimulationID
2.25,2.25,2.25,-4.17620251876347,-4.17620251876347,4.17620251876347,0.618286656714421,ATK_OBJ_S11_F0,3.47397479082472,1.38190273872603,7.37226452847613,ATK_OBJ_PeakGain,15.6796610493294,43.0557578414856,18.1383498766483,14.1720730064944,17.5892810772727,3.40815649950935,126,sim_126
