SimulationIndex,SimulationID,f0_GHz,S11ReportFreq_GHz,S11SweepSampleFreq_GHz,S11SweepSample_dB,S11_Source,Gmain_Source,MainPlane,Gmain_dBi,Gmain_Cut_dBi,PeakGain_dBi,PeakRealizedGain_dBi,FrontToBackRatio_dB,SLL_dB,HPBW_deg,SideLobeSuppression_dB,MainLobeTheta_deg,SideLobeTheta_deg,SideLobeGain_dBi,S11_f0_dB,AbsS11_f0_dB,AbsS11_f0_Linear,Objective1_Neg_Gmain,Objective2_SLL,Objective3_HPBW,Objective4_AbsS11,Gmain_Phi0_dBi,SLL_Phi0_dB,HPBW_Phi0_deg,Gmain_Phi90_dBi,SLL_Phi90_dB,HPBW_Phi90_deg,Ldir,Ldri,L1,Sdir,Sref,Wdri
11,sim_011,2.25,2.25,2.25,-4.40153206033794,ATK_OBJ_S11_F0,ATK_OBJ_PeakGain,Phi90,4.09139452147779,3.80907845804096,4.09139452147779,2.13312976053023,20.1470445557356,-10.9504905247137,NaN,10.9504905247137,0,144,-7.14141206667275,-4.40153206033794,4.40153206033794,0.602453312995749,-4.09139452147779,-10.9504905247137,NaN,0.602453312995749,3.80907845804095,-0.0219472566283199,NaN,3.80907845804096,-10.9504905247137,NaN,15.8244349346803,41.7505944028418,15.8949169496869,16.8615101996022,20.359282252174,3.31607522840624
