f0_GHz,S11ReportFreq_GHz,S11SweepSampleFreq_GHz,S11SweepSample_dB,S11_f0_dB,AbsS11_f0_dB,AbsS11_f0_Linear,S11_Source,PeakGain_dBi,PeakRealizedGain_dBi,FrontToBackRatio_dB,Gmain_Source,Ldir,Ldri,L1,Sdir,Sref,Wdri,SimulationIndex,SimulationID
2.25,2.25,2.25,-4.51079864538969,-4.51079864538969,4.51079864538969,0.594922052679301,ATK_OBJ_S11_F0,4.58994668540495,2.69272732116095,15.3722366294314,ATK_OBJ_PeakGain,15.0323533277918,45.0674945646243,15.1902363983992,16.0404019659025,22.3332282982957,2.47567472073963,63,sim_063
