SimulationIndex,SimulationID,f0_GHz,S11ReportFreq_GHz,S11SweepSampleFreq_GHz,S11SweepSample_dB,S11_Source,Gmain_Source,MainPlane,Gmain_dBi,Gmain_Cut_dBi,PeakGain_dBi,PeakRealizedGain_dBi,FrontToBackRatio_dB,SLL_dB,HPBW_deg,SideLobeSuppression_dB,MainLobeTheta_deg,SideLobeTheta_deg,SideLobeGain_dBi,S11_f0_dB,AbsS11_f0_dB,AbsS11_f0_Linear,Objective1_Neg_Gmain,Objective2_SLL,Objective3_HPBW,Objective4_AbsS11,Gmain_Phi0_dBi,SLL_Phi0_dB,HPBW_Phi0_deg,Gmain_Phi90_dBi,SLL_Phi90_dB,HPBW_Phi90_deg,Ldir,Ldri,L1,Sdir,Sref,Wdri
7,sim_007,2.25,2.25,2.25,-6.74798886264993,ATK_OBJ_S11_F0,ATK_OBJ_PeakGain,Phi90,3.55344966035248,2.97172866802323,3.55344966035248,2.52175965381877,5.15938402904357,-10.1591140412055,NaN,10.1591140412055,0,152,-7.18738537318227,-6.74798886264993,6.74798886264993,0.459833446384075,-3.55344966035248,-10.1591140412055,NaN,0.459833446384075,2.97172866802323,-14.9026711539946,NaN,2.97172866802323,-10.1591140412055,NaN,14.6918979214802,46.1519160179868,15.3125469300489,12.4532800271857,16.5027896678061,3.56036952255499
