SimulationIndex,SimulationID,f0_GHz,S11ReportFreq_GHz,S11SweepSampleFreq_GHz,S11SweepSample_dB,S11_Source,Gmain_Source,MainPlane,Gmain_dBi,Gmain_Cut_dBi,PeakGain_dBi,PeakRealizedGain_dBi,FrontToBackRatio_dB,SLL_dB,HPBW_deg,SideLobeSuppression_dB,MainLobeTheta_deg,SideLobeTheta_deg,SideLobeGain_dBi,S11_f0_dB,AbsS11_f0_dB,AbsS11_f0_Linear,Objective1_Neg_Gmain,Objective2_SLL,Objective3_HPBW,Objective4_AbsS11,Gmain_Phi0_dBi,SLL_Phi0_dB,HPBW_Phi0_deg,Gmain_Phi90_dBi,SLL_Phi90_dB,HPBW_Phi90_deg,Ldir,Ldri,L1,Sdir,Sref,Wdri
94,sim_094,2.25,2.25,2.25,-3.36619795261308,ATK_OBJ_S11_F0,ATK_OBJ_PeakGain,Phi90,4.58765853246279,4.21596229750577,4.58765853246279,1.90628739028737,33.5805180895175,-12.3119722137175,NaN,12.3119722137175,4,144,-8.09600991621177,-3.36619795261308,3.36619795261308,0.678719149101569,-4.58765853246279,-12.3119722137175,NaN,0.678719149101569,4.21067873394046,-0.0284638110450404,NaN,4.21596229750577,-12.3119722137175,NaN,17.896506275908,45.4867384977472,18.216592867714,17.3756753901298,20.9285430148828,4.23443170799645
