f0_GHz,S11ReportFreq_GHz,S11SweepSampleFreq_GHz,S11SweepSample_dB,S11_f0_dB,AbsS11_f0_dB,AbsS11_f0_Linear,S11_Source,PeakGain_dBi,PeakRealizedGain_dBi,FrontToBackRatio_dB,Gmain_Source,Ldir,Ldri,L1,Sdir,Sref,Wdri,SimulationIndex,SimulationID
2.25,2.25,2.25,-1.61013476654908,-1.61013476654908,1.61013476654908,0.830793828360165,ATK_OBJ_S11_F0,5.49922707018248,0.409783462458353,15.3466874357616,ATK_OBJ_PeakGain,17.7092145187452,43.7138203974215,15.2323894311036,17.8621157013369,22.471543081607,3.95353409395306,143,sim_143
