f0_GHz,S11ReportFreq_GHz,S11SweepSampleFreq_GHz,S11SweepSample_dB,S11_f0_dB,AbsS11_f0_dB,AbsS11_f0_Linear,S11_Source,PeakGain_dBi,PeakRealizedGain_dBi,FrontToBackRatio_dB,Gmain_Source,Ldir,Ldri,L1,Sdir,Sref,Wdri,SimulationIndex,SimulationID
2.25,2.25,2.25,-3.40793443208472,-3.40793443208472,3.40793443208472,0.675465665559485,ATK_OBJ_S11_F0,4.39679219837991,1.75075402525246,12.6813327296349,ATK_OBJ_PeakGain,15.5907825293009,46.9766232491708,18.0387205465338,12.417272945634,21.7143088437223,2.28996598677622,130,sim_130
