f0_GHz,S11ReportFreq_GHz,S11SweepSampleFreq_GHz,S11SweepSample_dB,S11_f0_dB,AbsS11_f0_dB,AbsS11_f0_Linear,S11_Source,PeakGain_dBi,PeakRealizedGain_dBi,FrontToBackRatio_dB,Gmain_Source,Ldir,Ldri,L1,Sdir,Sref,Wdri,SimulationIndex,SimulationID
2.25,2.25,2.25,-4.63059883205612,-4.63059883205612,4.63059883205612,0.5867729142874,ATK_OBJ_S11_F0,3.83231654039639,1.99935213028897,8.00165743844291,ATK_OBJ_PeakGain,16.8218845867778,43.85462290345,16.9897918867745,12.4329453354871,19.4067680156469,2.63986839352107,178,sim_178
