SimulationIndex,SimulationID,f0_GHz,S11ReportFreq_GHz,S11SweepSampleFreq_GHz,S11SweepSample_dB,S11_Source,Gmain_Source,MainPlane,Gmain_dBi,Gmain_Cut_dBi,PeakGain_dBi,PeakRealizedGain_dBi,FrontToBackRatio_dB,SLL_dB,HPBW_deg,SideLobeSuppression_dB,MainLobeTheta_deg,SideLobeTheta_deg,SideLobeGain_dBi,S11_f0_dB,AbsS11_f0_dB,AbsS11_f0_Linear,Objective1_Neg_Gmain,Objective2_SLL,Objective3_HPBW,Objective4_AbsS11,Gmain_Phi0_dBi,SLL_Phi0_dB,HPBW_Phi0_deg,Gmain_Phi90_dBi,SLL_Phi90_dB,HPBW_Phi90_deg,Ldir,Ldri,L1,Sdir,Sref,Wdri
104,sim_104,2.25,2.25,2.25,-4.27174055248176,ATK_OBJ_S11_F0,ATK_OBJ_PeakGain,Phi90,3.9802156953182,3.5270168042865,3.9802156953182,1.94623178224754,11.8354632451576,-10.6749838134971,NaN,10.6749838134971,0,144,-7.14796700921062,-4.27174055248176,4.27174055248176,0.611523248443287,-3.9802156953182,-10.6749838134971,NaN,0.611523248443287,3.52701680428649,-0.02280681190883,NaN,3.5270168042865,-10.6749838134971,NaN,17.8683359893586,43.1116803745652,15.2608833114353,13.0012803334777,19.6510914609134,3.61916454050761
