f0_GHz,S11ReportFreq_GHz,S11SweepSampleFreq_GHz,S11SweepSample_dB,S11_f0_dB,AbsS11_f0_dB,AbsS11_f0_Linear,S11_Source,PeakGain_dBi,PeakRealizedGain_dBi,FrontToBackRatio_dB,Gmain_Source,Ldir,Ldri,L1,Sdir,Sref,Wdri,SimulationIndex,SimulationID
2.25,2.25,2.25,-3.3406433707316,-3.3406433707316,3.3406433707316,0.680718935435103,ATK_OBJ_S11_F0,3.62157911952151,0.918261677578393,15.2477091866125,ATK_OBJ_PeakGain,15.8520568617876,40.557490957181,17.6782113997705,16.9377271419122,18.8702799753608,4.20713353563102,9,sim_009
