SimulationIndex,SimulationID,f0_GHz,S11ReportFreq_GHz,S11SweepSampleFreq_GHz,S11SweepSample_dB,S11_Source,Gmain_Source,MainPlane,Gmain_dBi,Gmain_Cut_dBi,PeakGain_dBi,PeakRealizedGain_dBi,FrontToBackRatio_dB,SLL_dB,HPBW_deg,SideLobeSuppression_dB,MainLobeTheta_deg,SideLobeTheta_deg,SideLobeGain_dBi,S11_f0_dB,AbsS11_f0_dB,AbsS11_f0_Linear,Objective1_Neg_Gmain,Objective2_SLL,Objective3_HPBW,Objective4_AbsS11,Gmain_Phi0_dBi,SLL_Phi0_dB,HPBW_Phi0_deg,Gmain_Phi90_dBi,SLL_Phi90_dB,HPBW_Phi90_deg,Ldir,Ldri,L1,Sdir,Sref,Wdri
126,sim_126,2.25,2.25,2.25,-4.17620251876347,ATK_OBJ_S11_F0,ATK_OBJ_PeakGain,Phi90,3.47397479082472,3.10624213813616,3.47397479082472,1.38190273872603,7.37226452847613,-10.1352773875045,NaN,10.1352773875045,0,152,-7.02903524936836,-4.17620251876347,4.17620251876347,0.618286656714421,-3.47397479082472,-10.1352773875045,NaN,0.618286656714421,3.10624213813616,-0.0180665880104196,NaN,3.10624213813616,-10.1352773875045,NaN,15.6796610493294,43.0557578414856,18.1383498766483,14.1720730064944,17.5892810772727,3.40815649950935
