f0_GHz,S11ReportFreq_GHz,S11SweepSampleFreq_GHz,S11SweepSample_dB,S11_f0_dB,AbsS11_f0_dB,AbsS11_f0_Linear,S11_Source,PeakGain_dBi,PeakRealizedGain_dBi,FrontToBackRatio_dB,Gmain_Source,Ldir,Ldri,L1,Sdir,Sref,Wdri,SimulationIndex,SimulationID
2.25,2.25,2.25,-2.87853641238063,-2.87853641238063,2.87853641238063,0.717915251057506,ATK_OBJ_S11_F0,4.9732471059017,1.82706052244359,21.38526962108,ATK_OBJ_PeakGain,17.44084862275,44.3171757718015,16.5201960450453,17.432604453026,22.0303878214999,3.73372749707724,79,sim_079
