f0_GHz,S11ReportFreq_GHz,S11SweepSampleFreq_GHz,S11SweepSample_dB,S11_f0_dB,AbsS11_f0_dB,AbsS11_f0_Linear,S11_Source,PeakGain_dBi,PeakRealizedGain_dBi,FrontToBackRatio_dB,Gmain_Source,Ldir,Ldri,L1,Sdir,Sref,Wdri,SimulationIndex,SimulationID
2.25,2.25,2.25,-3.51174106730069,-3.51174106730069,3.51174106730069,0.667441100467462,ATK_OBJ_S11_F0,4.33906872478868,1.77825949002266,14.1110154766231,ATK_OBJ_PeakGain,16.7683548820863,42.9082679680864,14.8985471245,14.3356913072318,22.0888010380203,4.1784701390283,125,sim_125
