f0_GHz,S11ReportFreq_GHz,S11SweepSampleFreq_GHz,S11SweepSample_dB,S11_f0_dB,AbsS11_f0_dB,AbsS11_f0_Linear,S11_Source,PeakGain_dBi,PeakRealizedGain_dBi,FrontToBackRatio_dB,Gmain_Source,Ldir,Ldri,L1,Sdir,Sref,Wdri,SimulationIndex,SimulationID
2.25,2.25,2.25,-3.1379724966762,-3.1379724966762,3.1379724966762,0.696789143097627,ATK_OBJ_S11_F0,4.08702142292542,1.20074766756649,12.7040979789761,ATK_OBJ_PeakGain,16.5319704733751,45.415295358888,16.4175409744677,13.6108321172905,20.4072781015884,4.46404616821081,179,sim_179
