SimulationIndex,SimulationID,f0_GHz,S11ReportFreq_GHz,S11SweepSampleFreq_GHz,S11SweepSample_dB,S11_Source,Gmain_Source,MainPlane,Gmain_dBi,Gmain_Cut_dBi,PeakGain_dBi,PeakRealizedGain_dBi,FrontToBackRatio_dB,SLL_dB,HPBW_deg,SideLobeSuppression_dB,MainLobeTheta_deg,SideLobeTheta_deg,SideLobeGain_dBi,S11_f0_dB,AbsS11_f0_dB,AbsS11_f0_Linear,Objective1_Neg_Gmain,Objective2_SLL,Objective3_HPBW,Objective4_AbsS11,Gmain_Phi0_dBi,SLL_Phi0_dB,HPBW_Phi0_deg,Gmain_Phi90_dBi,SLL_Phi90_dB,HPBW_Phi90_deg,Ldir,Ldri,L1,Sdir,Sref,Wdri
171,sim_171,2.25,2.25,2.25,-5.62358618157078,ATK_OBJ_S11_F0,ATK_OBJ_PeakGain,Phi90,4.08169886588998,3.67663676945975,4.08169886588998,2.69147706199587,13.2580682721029,-11.5071910418519,NaN,11.5071910418519,0,148,-7.83055427239213,-5.62358618157078,5.62358618157078,0.523384299985454,-4.08169886588998,-11.5071910418519,NaN,0.523384299985454,3.67663676945975,-0.02716809135595,NaN,3.67663676945975,-11.5071910418519,NaN,17.9918871250133,45.7307019379294,14.8427552578504,15.0036965855497,18.2646718202028,3.7760414493103
