f0_GHz,S11ReportFreq_GHz,S11SweepSampleFreq_GHz,S11SweepSample_dB,S11_f0_dB,AbsS11_f0_dB,AbsS11_f0_Linear,S11_Source,PeakGain_dBi,PeakRealizedGain_dBi,FrontToBackRatio_dB,Gmain_Source,Ldir,Ldri,L1,Sdir,Sref,Wdri,SimulationIndex,SimulationID
2.25,2.25,2.25,-2.48357705724211,-2.48357705724211,2.48357705724211,0.751313421449493,ATK_OBJ_S11_F0,4.21644281510611,0.606605047947616,12.7329578334238,ATK_OBJ_PeakGain,17.8063755660385,43.3069503778924,15.4323455846463,12.1504693407809,18.0062541066992,4.14301986320189,14,sim_014
