f0_GHz,S11ReportFreq_GHz,S11SweepSampleFreq_GHz,S11SweepSample_dB,S11_f0_dB,AbsS11_f0_dB,AbsS11_f0_Linear,S11_Source,PeakGain_dBi,PeakRealizedGain_dBi,FrontToBackRatio_dB,Gmain_Source,Ldir,Ldri,L1,Sdir,Sref,Wdri,SimulationIndex,SimulationID
2.25,2.25,2.25,-4.86399669308293,-4.86399669308293,4.86399669308293,0.571215739097913,ATK_OBJ_S11_F0,3.7497490343124,2.03449559906623,9.98140699371355,ATK_OBJ_PeakGain,16.7494184851272,46.4788623718225,18.2870628362588,15.2777035368981,17.7638879092751,4.13526245598739,180,sim_180
