f0_GHz,S11ReportFreq_GHz,S11SweepSampleFreq_GHz,S11SweepSample_dB,S11_f0_dB,AbsS11_f0_dB,AbsS11_f0_Linear,S11_Source,PeakGain_dBi,PeakRealizedGain_dBi,FrontToBackRatio_dB,Gmain_Source,Ldir,Ldri,L1,Sdir,Sref,Wdri,SimulationIndex,SimulationID
2.25,2.25,2.25,-1.94490563070224,-1.94490563070224,1.94490563070224,0.799382650872542,ATK_OBJ_S11_F0,4.23898179800554,-0.186098038475054,12.120495887402,ATK_OBJ_PeakGain,15.0473783309213,40.5086820183118,17.7066084721921,13.7496578154955,20.2358567726566,3.20742284505705,142,sim_142
