SimulationIndex,SimulationID,f0_GHz,S11ReportFreq_GHz,S11SweepSampleFreq_GHz,S11SweepSample_dB,S11_Source,Gmain_Source,MainPlane,Gmain_dBi,Gmain_Cut_dBi,PeakGain_dBi,PeakRealizedGain_dBi,FrontToBackRatio_dB,SLL_dB,HPBW_deg,SideLobeSuppression_dB,MainLobeTheta_deg,SideLobeTheta_deg,SideLobeGain_dBi,S11_f0_dB,AbsS11_f0_dB,AbsS11_f0_Linear,Objective1_Neg_Gmain,Objective2_SLL,Objective3_HPBW,Objective4_AbsS11,Gmain_Phi0_dBi,SLL_Phi0_dB,HPBW_Phi0_deg,Gmain_Phi90_dBi,SLL_Phi90_dB,HPBW_Phi90_deg,Ldir,Ldri,L1,Sdir,Sref,Wdri
119,sim_119,2.25,2.25,2.25,-4.70240304159137,ATK_OBJ_S11_F0,ATK_OBJ_PeakGain,Phi90,4.05964883096165,3.77639203479805,4.05964883096165,2.26391829066496,18.512000897438,-11.1364217076238,NaN,11.1364217076238,0,144,-7.36002967282571,-4.70240304159137,4.70240304159137,0.581942195144509,-4.05964883096165,-11.1364217076238,NaN,0.581942195144509,3.77639203479805,-0.0197107571614503,NaN,3.77639203479805,-11.1364217076238,NaN,15.6810535399536,42.6334870295628,15.8399512069902,16.5765692953352,19.8830879078782,3.59501048673043
