SimulationIndex,SimulationID,f0_GHz,S11ReportFreq_GHz,S11SweepSampleFreq_GHz,S11SweepSample_dB,S11_Source,Gmain_Source,MainPlane,Gmain_dBi,Gmain_Cut_dBi,PeakGain_dBi,PeakRealizedGain_dBi,FrontToBackRatio_dB,SLL_dB,HPBW_deg,SideLobeSuppression_dB,MainLobeTheta_deg,SideLobeTheta_deg,SideLobeGain_dBi,S11_f0_dB,AbsS11_f0_dB,AbsS11_f0_Linear,Objective1_Neg_Gmain,Objective2_SLL,Objective3_HPBW,Objective4_AbsS11,Gmain_Phi0_dBi,SLL_Phi0_dB,HPBW_Phi0_deg,Gmain_Phi90_dBi,SLL_Phi90_dB,HPBW_Phi90_deg,Ldir,Ldri,L1,Sdir,Sref,Wdri
151,sim_151,2.25,2.25,2.25,-2.98705438078775,ATK_OBJ_S11_F0,ATK_OBJ_PeakGain,Phi90,4.57369656922147,3.96677772555821,4.57369656922147,1.54002594512708,12.2015852445334,-12.3542756791195,NaN,12.3542756791195,18,138,-8.3874979535613,-2.98705438078775,2.98705438078775,0.709001707268233,-4.57369656922147,-12.3542756791195,NaN,0.709001707268233,3.84482698968125,-0.0290816974749801,NaN,3.96677772555821,-12.3542756791195,NaN,17.6696404412206,46.8811213794341,15.8167560636616,13.2886924908302,22.1862263496829,3.83913717607956
