f0_GHz,S11ReportFreq_GHz,S11SweepSampleFreq_GHz,S11SweepSample_dB,S11_f0_dB,AbsS11_f0_dB,AbsS11_f0_Linear,S11_Source,PeakGain_dBi,PeakRealizedGain_dBi,FrontToBackRatio_dB,Gmain_Source,Ldir,Ldri,L1,Sdir,Sref,Wdri,SimulationIndex,SimulationID
2.25,2.25,2.25,-4.75177307405256,-4.75177307405256,4.75177307405256,0.578643856162921,ATK_OBJ_S11_F0,3.9635420301849,2.19287697547091,9.63449602049461,ATK_OBJ_PeakGain,17.5081743969223,44.2343806128009,15.2076773720214,12.2611671557439,19.4754594140151,3.15401279021361,6,sim_006
