f0_GHz,S11ReportFreq_GHz,S11SweepSampleFreq_GHz,S11SweepSample_dB,S11_f0_dB,AbsS11_f0_dB,AbsS11_f0_Linear,S11_Source,PeakGain_dBi,PeakRealizedGain_dBi,FrontToBackRatio_dB,Gmain_Source,Ldir,Ldri,L1,Sdir,Sref,Wdri,SimulationIndex,SimulationID
2.25,2.25,2.25,-5.02601062167947,-5.02601062167947,5.02601062167947,0.560659866035368,ATK_OBJ_S11_F0,3.53239213922067,1.89348354232392,5.76568572977912,ATK_OBJ_PeakGain,17.3315705012205,45.5717378638622,16.6307132838133,12.0316792847216,16.8314889570456,3.36414788331844,24,sim_024
