SimulationIndex,SimulationID,f0_GHz,S11ReportFreq_GHz,S11SweepSampleFreq_GHz,S11SweepSample_dB,S11_Source,Gmain_Source,MainPlane,Gmain_dBi,Gmain_Cut_dBi,PeakGain_dBi,PeakRealizedGain_dBi,FrontToBackRatio_dB,SLL_dB,HPBW_deg,SideLobeSuppression_dB,MainLobeTheta_deg,SideLobeTheta_deg,SideLobeGain_dBi,S11_f0_dB,AbsS11_f0_dB,AbsS11_f0_Linear,Objective1_Neg_Gmain,Objective2_SLL,Objective3_HPBW,Objective4_AbsS11,Gmain_Phi0_dBi,SLL_Phi0_dB,HPBW_Phi0_deg,Gmain_Phi90_dBi,SLL_Phi90_dB,HPBW_Phi90_deg,Ldir,Ldri,L1,Sdir,Sref,Wdri
67,sim_067,2.25,2.25,2.25,-4.02485270141905,ATK_OBJ_S11_F0,ATK_OBJ_PeakGain,Phi90,4.37322460360563,3.83619537336665,4.37322460360563,2.18477670555005,16.012714121308,-12.8177330715248,NaN,12.8177330715248,10,142,-8.98153769815813,-4.02485270141905,4.02485270141905,0.62915458359776,-4.37322460360563,-12.8177330715248,NaN,0.62915458359776,3.80737356318202,-0.0292383480173499,NaN,3.83619537336665,-12.8177330715248,NaN,18.2436584493883,44.4496875937846,16.3670906860991,14.3060066116402,21.6857068898335,3.07642537543145
