SimulationIndex,SimulationID,f0_GHz,S11ReportFreq_GHz,S11SweepSampleFreq_GHz,S11SweepSample_dB,S11_Source,Gmain_Source,MainPlane,Gmain_dBi,Gmain_Cut_dBi,PeakGain_dBi,PeakRealizedGain_dBi,FrontToBackRatio_dB,SLL_dB,HPBW_deg,SideLobeSuppression_dB,MainLobeTheta_deg,SideLobeTheta_deg,SideLobeGain_dBi,S11_f0_dB,AbsS11_f0_dB,AbsS11_f0_Linear,Objective1_Neg_Gmain,Objective2_SLL,Objective3_HPBW,Objective4_AbsS11,Gmain_Phi0_dBi,SLL_Phi0_dB,HPBW_Phi0_deg,Gmain_Phi90_dBi,SLL_Phi90_dB,HPBW_Phi90_deg,Ldir,Ldri,L1,Sdir,Sref,Wdri
82,sim_082,2.25,2.25,2.25,-3.55066652010686,ATK_OBJ_S11_F0,ATK_OBJ_PeakGain,Phi90,4.18603471776254,3.78183912678978,4.18603471776254,1.65624562209481,18.5583502172897,-11.0369765177816,NaN,11.0369765177816,0,140,-7.25513739099187,-3.55066652010686,3.55066652010686,0.6644566832279,-4.18603471776254,-11.0369765177816,NaN,0.6644566832279,3.78183912678978,-0.0236028331507501,NaN,3.78183912678978,-11.0369765177816,NaN,18.0419346005156,40.1461987636826,16.2554190844135,15.5489266615245,22.3145700175178,3.71895338207218
