f0_GHz,S11ReportFreq_GHz,S11SweepSampleFreq_GHz,S11SweepSample_dB,S11_f0_dB,AbsS11_f0_dB,AbsS11_f0_Linear,S11_Source,PeakGain_dBi,PeakRealizedGain_dBi,FrontToBackRatio_dB,Gmain_Source,Ldir,Ldri,L1,Sdir,Sref,Wdri,SimulationIndex,SimulationID
2.25,2.25,2.25,-4.24282846067549,-4.24282846067549,4.24282846067549,0.613562173121772,ATK_OBJ_S11_F0,3.80087051685522,1.74952387008392,19.2855168892484,ATK_OBJ_PeakGain,17.3722191731749,43.6259279572384,18.3646247563233,16.6395012225578,17.9800100454114,2.95220648286202,196,sim_196
