f0_GHz,S11ReportFreq_GHz,S11SweepSampleFreq_GHz,S11SweepSample_dB,S11_f0_dB,AbsS11_f0_dB,AbsS11_f0_Linear,S11_Source,PeakGain_dBi,PeakRealizedGain_dBi,FrontToBackRatio_dB,Gmain_Source,Ldir,Ldri,L1,Sdir,Sref,Wdri,SimulationIndex,SimulationID
2.25,2.25,2.25,-4.81220553581925,-4.81220553581925,4.81220553581925,0.574631888815711,ATK_OBJ_S11_F0,3.57704502586619,1.83648473722932,13.9234217618908,ATK_OBJ_PeakGain,15.9509574180243,43.0064016972841,17.5627509318953,16.1211259415692,17.634722346401,2.91150987634998,123,sim_123
