f0_GHz,S11ReportFreq_GHz,S11SweepSampleFreq_GHz,S11SweepSample_dB,S11_f0_dB,AbsS11_f0_dB,AbsS11_f0_Linear,S11_Source,PeakGain_dBi,PeakRealizedGain_dBi,FrontToBackRatio_dB,Gmain_Source,Ldir,Ldri,L1,Sdir,Sref,Wdri,SimulationIndex,SimulationID
2.25,2.25,2.25,-5.96384276162872,-5.96384276162872,5.96384276162872,0.503277902195447,ATK_OBJ_S11_F0,3.69393739423447,2.42546493909619,9.25350431877118,ATK_OBJ_PeakGain,16.4923418176879,44.9138782277404,16.8742225710236,15.309492585412,17.9201439694957,2.38218979515585,159,sim_159
