SimulationIndex,SimulationID,f0_GHz,S11ReportFreq_GHz,S11SweepSampleFreq_GHz,S11SweepSample_dB,S11_Source,Gmain_Source,MainPlane,Gmain_dBi,Gmain_Cut_dBi,PeakGain_dBi,PeakRealizedGain_dBi,FrontToBackRatio_dB,SLL_dB,HPBW_deg,SideLobeSuppression_dB,MainLobeTheta_deg,SideLobeTheta_deg,SideLobeGain_dBi,S11_f0_dB,AbsS11_f0_dB,AbsS11_f0_Linear,Objective1_Neg_Gmain,Objective2_SLL,Objective3_HPBW,Objective4_AbsS11,Gmain_Phi0_dBi,SLL_Phi0_dB,HPBW_Phi0_deg,Gmain_Phi90_dBi,SLL_Phi90_dB,HPBW_Phi90_deg,Ldir,Ldri,L1,Sdir,Sref,Wdri
91,sim_091,2.25,2.25,2.25,-3.73894169527663,ATK_OBJ_S11_F0,ATK_OBJ_PeakGain,Phi90,4.77508979110362,4.37204059514857,4.77508979110362,2.38856651370483,22.8051106094648,-12.3141566727157,NaN,12.3141566727157,10,140,-7.94211607756715,-3.73894169527663,3.73894169527663,0.65020890816282,-4.77508979110362,-12.3141566727157,NaN,0.65020890816282,4.32466492428346,-0.0295190558556602,NaN,4.37204059514857,-12.3141566727157,NaN,18.476006611507,46.0650747270685,14.7924743282533,16.7401018236889,21.9249338872713,4.40584262533468
