f0_GHz,S11ReportFreq_GHz,S11SweepSampleFreq_GHz,S11SweepSample_dB,S11_f0_dB,AbsS11_f0_dB,AbsS11_f0_Linear,S11_Source,PeakGain_dBi,PeakRealizedGain_dBi,FrontToBackRatio_dB,Gmain_Source,Ldir,Ldri,L1,Sdir,Sref,Wdri,SimulationIndex,SimulationID
2.25,2.25,2.25,-3.77884741207818,-3.77884741207818,3.77884741207818,0.647228495063694,ATK_OBJ_S11_F0,4.29506673201061,1.93754017453042,22.6316382504909,ATK_OBJ_PeakGain,16.3653294298156,43.1880333291588,18.0651569234023,16.6834835553834,21.1188634138717,3.12108400023101,200,sim_200
