f0_GHz,S11ReportFreq_GHz,S11SweepSampleFreq_GHz,S11SweepSample_dB,S11_f0_dB,AbsS11_f0_dB,AbsS11_f0_Linear,S11_Source,PeakGain_dBi,PeakRealizedGain_dBi,FrontToBackRatio_dB,Gmain_Source,Ldir,Ldri,L1,Sdir,Sref,Wdri,SimulationIndex,SimulationID
2.25,2.25,2.25,-3.11220463605201,-3.11220463605201,3.11220463605201,0.698859331097155,ATK_OBJ_S11_F0,3.90134987109962,0.990618177631033,14.144070384752,ATK_OBJ_PeakGain,17.1904329968493,42.2768983819554,18.4584466399559,14.6177184835431,20.1946715949106,3.82063163280569,81,sim_081
