f0_GHz,S11ReportFreq_GHz,S11SweepSampleFreq_GHz,S11SweepSample_dB,S11_f0_dB,AbsS11_f0_dB,AbsS11_f0_Linear,S11_Source,PeakGain_dBi,PeakRealizedGain_dBi,FrontToBackRatio_dB,Gmain_Source,Ldir,Ldri,L1,Sdir,Sref,Wdri,SimulationIndex,SimulationID
2.25,2.25,2.25,-4.05668077070838,-4.05668077070838,4.05668077070838,0.626853364900131,ATK_OBJ_S11_F0,3.36923037462337,1.20150977049649,10.7207392543484,ATK_OBJ_PeakGain,16.3046318877342,43.6622319270901,18.1603635506727,14.9285217051436,16.6789083660285,3.04777907777732,30,sim_030
