f0_GHz,S11ReportFreq_GHz,S11SweepSampleFreq_GHz,S11SweepSample_dB,S11_f0_dB,AbsS11_f0_dB,AbsS11_f0_Linear,S11_Source,PeakGain_dBi,PeakRealizedGain_dBi,FrontToBackRatio_dB,Gmain_Source,Ldir,Ldri,L1,Sdir,Sref,Wdri,SimulationIndex,SimulationID
2.25,2.25,2.25,-4.89613722596884,-4.89613722596884,4.89613722596884,0.569105966410004,ATK_OBJ_S11_F0,3.84191112106886,2.14213866522436,13.3063384382689,ATK_OBJ_PeakGain,15.3691769765636,41.2671922959818,15.5960418288111,16.3545750191101,19.3078211109433,2.82738628566556,26,sim_026
