f0_GHz,S11ReportFreq_GHz,S11SweepSampleFreq_GHz,S11SweepSample_dB,S11_f0_dB,AbsS11_f0_dB,AbsS11_f0_Linear,S11_Source,PeakGain_dBi,PeakRealizedGain_dBi,FrontToBackRatio_dB,Gmain_Source,Ldir,Ldri,L1,Sdir,Sref,Wdri,SimulationIndex,SimulationID
2.25,2.25,2.25,-4.67498636812309,-4.67498636812309,4.67498636812309,0.583781975162878,ATK_OBJ_S11_F0,4.27913981429499,2.46930261375866,12.6300016472642,ATK_OBJ_PeakGain,16.0297779548784,44.7348653399558,14.6536767722749,14.2056038824593,20.0546669935848,3.92153628716586,31,sim_031
