f0_GHz,S11ReportFreq_GHz,S11SweepSampleFreq_GHz,S11SweepSample_dB,S11_f0_dB,AbsS11_f0_dB,AbsS11_f0_Linear,S11_Source,PeakGain_dBi,PeakRealizedGain_dBi,FrontToBackRatio_dB,Gmain_Source,Ldir,Ldri,L1,Sdir,Sref,Wdri,SimulationIndex,SimulationID
2.25,2.25,2.25,-4.00760230598509,-4.00760230598509,4.00760230598509,0.630405342043566,ATK_OBJ_S11_F0,4.17102742901429,1.97124017929632,8.51457396796767,ATK_OBJ_PeakGain,16.3262543777364,42.5230984610886,15.1117641877078,12.1227644305442,21.8919422240392,2.65924349381109,174,sim_174
