f0_GHz,S11ReportFreq_GHz,S11SweepSampleFreq_GHz,S11SweepSample_dB,S11_f0_dB,AbsS11_f0_dB,AbsS11_f0_Linear,S11_Source,PeakGain_dBi,PeakRealizedGain_dBi,FrontToBackRatio_dB,Gmain_Source,Ldir,Ldri,L1,Sdir,Sref,Wdri,SimulationIndex,SimulationID
2.25,2.25,2.25,-5.17738125874662,-5.17738125874662,5.17738125874662,0.55097378650785,ATK_OBJ_S11_F0,4.09175139027501,2.52051291975174,15.3919195982833,ATK_OBJ_PeakGain,15.3904227166161,41.4714928343819,15.6587879672377,17.4249666442585,20.6657163829227,2.75091702112601,29,sim_029
