f0_GHz,S11ReportFreq_GHz,S11SweepSampleFreq_GHz,S11SweepSample_dB,S11_f0_dB,AbsS11_f0_dB,AbsS11_f0_Linear,S11_Source,PeakGain_dBi,PeakRealizedGain_dBi,FrontToBackRatio_dB,Gmain_Source,Ldir,Ldri,L1,Sdir,Sref,Wdri,SimulationIndex,SimulationID
2.25,2.25,2.25,-5.85241958791059,-5.85241958791059,5.85241958791059,0.509775571982074,ATK_OBJ_S11_F0,3.92914030314518,2.62221373034109,13.82826780411,ATK_OBJ_PeakGain,14.7697980277702,42.4953436842066,15.7290938972998,17.4690055320364,19.5684980369548,2.4883659871571,71,sim_071
