SimulationIndex,SimulationID,f0_GHz,S11ReportFreq_GHz,S11SweepSampleFreq_GHz,S11SweepSample_dB,S11_Source,Gmain_Source,MainPlane,Gmain_dBi,Gmain_Cut_dBi,PeakGain_dBi,PeakRealizedGain_dBi,FrontToBackRatio_dB,SLL_dB,HPBW_deg,SideLobeSuppression_dB,MainLobeTheta_deg,SideLobeTheta_deg,SideLobeGain_dBi,S11_f0_dB,AbsS11_f0_dB,AbsS11_f0_Linear,Objective1_Neg_Gmain,Objective2_SLL,Objective3_HPBW,Objective4_AbsS11,Gmain_Phi0_dBi,SLL_Phi0_dB,HPBW_Phi0_deg,Gmain_Phi90_dBi,SLL_Phi90_dB,HPBW_Phi90_deg,Ldir,Ldri,L1,Sdir,Sref,Wdri
58,sim_058,2.25,2.25,2.25,-3.95528061419524,ATK_OBJ_S11_F0,ATK_OBJ_PeakGain,Phi90,3.50176365856711,3.24872041912599,3.50176365856711,1.26712177298929,11.5508875223112,-10.1151088326681,NaN,10.1151088326681,0,150,-6.86638841354208,-3.95528061419524,3.95528061419524,0.634214211208289,-3.50176365856711,-10.1151088326681,NaN,0.634214211208289,3.24872041912599,-0.01963765210261,NaN,3.24872041912599,-10.1151088326681,NaN,15.2548814852073,40.7022191575242,17.4120527643607,15.9496774146077,18.3122237852364,2.79808388698601
