SimulationIndex,SimulationID,f0_GHz,S11ReportFreq_GHz,S11SweepSampleFreq_GHz,S11SweepSample_dB,S11_Source,Gmain_Source,MainPlane,Gmain_dBi,Gmain_Cut_dBi,PeakGain_dBi,PeakRealizedGain_dBi,FrontToBackRatio_dB,SLL_dB,HPBW_deg,SideLobeSuppression_dB,MainLobeTheta_deg,SideLobeTheta_deg,SideLobeGain_dBi,S11_f0_dB,AbsS11_f0_dB,AbsS11_f0_Linear,Objective1_Neg_Gmain,Objective2_SLL,Objective3_HPBW,Objective4_AbsS11,Gmain_Phi0_dBi,SLL_Phi0_dB,HPBW_Phi0_deg,Gmain_Phi90_dBi,SLL_Phi90_dB,HPBW_Phi90_deg,Ldir,Ldri,L1,Sdir,Sref,Wdri
110,sim_110,2.25,2.25,2.25,-2.87082315965808,ATK_OBJ_S11_F0,ATK_OBJ_PeakGain,Phi90,4.01879654313873,3.49472496282085,4.01879654313873,0.864391334689713,14.549788207015,-11.1098347939545,NaN,11.1098347939545,0,144,-7.61510983113366,-2.87082315965808,2.87082315965808,0.718553058054238,-4.01879654313873,-11.1098347939545,NaN,0.718553058054238,3.49472496282085,-0.0250384357259601,NaN,3.49472496282085,-11.1098347939545,NaN,17.9596812744876,42.6857693609459,17.9042029127409,12.6607832132446,21.0397246261502,3.62874250483201
