SimulationIndex,SimulationID,f0_GHz,S11ReportFreq_GHz,S11SweepSampleFreq_GHz,S11SweepSample_dB,S11_Source,Gmain_Source,MainPlane,Gmain_dBi,Gmain_Cut_dBi,PeakGain_dBi,PeakRealizedGain_dBi,FrontToBackRatio_dB,SLL_dB,HPBW_deg,SideLobeSuppression_dB,MainLobeTheta_deg,SideLobeTheta_deg,SideLobeGain_dBi,S11_f0_dB,AbsS11_f0_dB,AbsS11_f0_Linear,Objective1_Neg_Gmain,Objective2_SLL,Objective3_HPBW,Objective4_AbsS11,Gmain_Phi0_dBi,SLL_Phi0_dB,HPBW_Phi0_deg,Gmain_Phi90_dBi,SLL_Phi90_dB,HPBW_Phi90_deg,Ldir,Ldri,L1,Sdir,Sref,Wdri
60,sim_060,2.25,2.25,2.25,-5.16281377001194,ATK_OBJ_S11_F0,ATK_OBJ_PeakGain,Phi90,3.57814595160198,3.38023196392158,3.57814595160198,2.0005422054375,8.68138507561107,-10.7630068172311,NaN,10.7630068172311,0,150,-7.3827748533095,-5.16281377001194,5.16281377001194,0.551898624280578,-3.57814595160198,-10.7630068172311,NaN,0.551898624280578,3.38023196392157,-15.7280054436064,NaN,3.38023196392158,-10.7630068172311,NaN,16.5895984428229,42.4477041791636,16.0716706634852,14.6051909226216,18.0464439833243,2.4072686406546
