f0_GHz,S11ReportFreq_GHz,S11SweepSampleFreq_GHz,S11SweepSample_dB,S11_f0_dB,AbsS11_f0_dB,AbsS11_f0_Linear,S11_Source,PeakGain_dBi,PeakRealizedGain_dBi,FrontToBackRatio_dB,Gmain_Source,Ldir,Ldri,L1,Sdir,Sref,Wdri,SimulationIndex,SimulationID
2.25,2.25,2.25,-3.88295017796782,-3.88295017796782,3.88295017796782,0.639517585297115,ATK_OBJ_S11_F0,4.45107524944908,2.16707687698109,38.1675503248683,ATK_OBJ_PeakGain,17.763562649088,43.9654385390161,18.4929295486485,17.5755919088763,20.8404169860691,3.29245523169452,133,sim_133
