SimulationIndex,SimulationID,f0_GHz,S11ReportFreq_GHz,S11SweepSampleFreq_GHz,S11SweepSample_dB,S11_Source,Gmain_Source,MainPlane,Gmain_dBi,Gmain_Cut_dBi,PeakGain_dBi,PeakRealizedGain_dBi,FrontToBackRatio_dB,SLL_dB,HPBW_deg,SideLobeSuppression_dB,MainLobeTheta_deg,SideLobeTheta_deg,SideLobeGain_dBi,S11_f0_dB,AbsS11_f0_dB,AbsS11_f0_Linear,Objective1_Neg_Gmain,Objective2_SLL,Objective3_HPBW,Objective4_AbsS11,Gmain_Phi0_dBi,SLL_Phi0_dB,HPBW_Phi0_deg,Gmain_Phi90_dBi,SLL_Phi90_dB,HPBW_Phi90_deg,Ldir,Ldri,L1,Sdir,Sref,Wdri
186,sim_186,2.25,2.25,2.25,-5.44274689405211,ATK_OBJ_S11_F0,ATK_OBJ_PeakGain,Phi90,3.80703376857277,3.27639488519066,3.80703376857277,2.3465797167776,7.47415635817346,-10.9290096341987,NaN,10.9290096341987,0,148,-7.65261474900804,-5.44274689405211,5.44274689405211,0.534395331288501,-3.80703376857277,-10.9290096341987,NaN,0.534395331288501,3.27639488519066,-0.0240225495070101,NaN,3.27639488519066,-10.9290096341987,NaN,16.2863919947036,46.7754115006009,15.9133424060008,12.1917805372792,17.5677800026562,4.42008052760311
