SimulationIndex,SimulationID,f0_GHz,S11ReportFreq_GHz,S11SweepSampleFreq_GHz,S11SweepSample_dB,S11_Source,Gmain_Source,MainPlane,Gmain_dBi,Gmain_Cut_dBi,PeakGain_dBi,PeakRealizedGain_dBi,FrontToBackRatio_dB,SLL_dB,HPBW_deg,SideLobeSuppression_dB,MainLobeTheta_deg,SideLobeTheta_deg,SideLobeGain_dBi,S11_f0_dB,AbsS11_f0_dB,AbsS11_f0_Linear,Objective1_Neg_Gmain,Objective2_SLL,Objective3_HPBW,Objective4_AbsS11,Gmain_Phi0_dBi,SLL_Phi0_dB,HPBW_Phi0_deg,Gmain_Phi90_dBi,SLL_Phi90_dB,HPBW_Phi90_deg,Ldir,Ldri,L1,Sdir,Sref,Wdri
24,sim_024,2.25,2.25,2.25,-5.02601062167947,ATK_OBJ_S11_F0,ATK_OBJ_PeakGain,Phi90,3.53239213922067,3.06030183372254,3.53239213922067,1.89348354232392,5.76568572977912,-10.4631410218806,NaN,10.4631410218806,0,152,-7.40283918815806,-5.02601062167947,5.02601062167947,0.560659866035368,-3.53239213922067,-10.4631410218806,NaN,0.560659866035368,3.06030183372254,-15.2696381438921,NaN,3.06030183372254,-10.4631410218806,NaN,17.3315705012205,45.5717378638622,16.6307132838133,12.0316792847216,16.8314889570456,3.36414788331844
