SimulationIndex,SimulationID,f0_GHz,S11ReportFreq_GHz,S11SweepSampleFreq_GHz,S11SweepSample_dB,S11_Source,Gmain_Source,MainPlane,Gmain_dBi,Gmain_Cut_dBi,PeakGain_dBi,PeakRealizedGain_dBi,FrontToBackRatio_dB,SLL_dB,HPBW_deg,SideLobeSuppression_dB,MainLobeTheta_deg,SideLobeTheta_deg,SideLobeGain_dBi,S11_f0_dB,AbsS11_f0_dB,AbsS11_f0_Linear,Objective1_Neg_Gmain,Objective2_SLL,Objective3_HPBW,Objective4_AbsS11,Gmain_Phi0_dBi,SLL_Phi0_dB,HPBW_Phi0_deg,Gmain_Phi90_dBi,SLL_Phi90_dB,HPBW_Phi90_deg,Ldir,Ldri,L1,Sdir,Sref,Wdri
139,sim_139,2.25,2.25,2.25,-4.0853891361836,ATK_OBJ_S11_F0,ATK_OBJ_PeakGain,Phi90,4.27473787473576,3.66929212551905,4.27473787473576,2.12549945867411,12.924827347109,-10.3062215436688,NaN,10.3062215436688,0,140,-6.63692941814976,-4.0853891361836,4.0853891361836,0.624784926415638,-4.27473787473576,-10.3062215436688,NaN,0.624784926415638,3.66929212551905,-0.0272963122713197,NaN,3.66929212551905,-10.3062215436688,NaN,15.077637330009,41.8228301848096,15.0110452323372,15.6353790553147,21.5026566120503,4.05368976005037
