SimulationIndex,SimulationID,f0_GHz,S11ReportFreq_GHz,S11SweepSampleFreq_GHz,S11SweepSample_dB,S11_Source,Gmain_Source,MainPlane,Gmain_dBi,Gmain_Cut_dBi,PeakGain_dBi,PeakRealizedGain_dBi,FrontToBackRatio_dB,SLL_dB,HPBW_deg,SideLobeSuppression_dB,MainLobeTheta_deg,SideLobeTheta_deg,SideLobeGain_dBi,S11_f0_dB,AbsS11_f0_dB,AbsS11_f0_Linear,Objective1_Neg_Gmain,Objective2_SLL,Objective3_HPBW,Objective4_AbsS11,Gmain_Phi0_dBi,SLL_Phi0_dB,HPBW_Phi0_deg,Gmain_Phi90_dBi,SLL_Phi90_dB,HPBW_Phi90_deg,Ldir,Ldri,L1,Sdir,Sref,Wdri
122,sim_122,2.25,2.25,2.25,-2.42910529794539,ATK_OBJ_S11_F0,ATK_OBJ_PeakGain,Phi90,4.16979292425985,3.61632625155969,4.16979292425985,0.488324236775945,12.7456643227785,-10.8166788507334,NaN,10.8166788507334,30,142,-7.20035259917376,-2.42910529794539,2.42910529794539,0.756039933265324,-4.16979292425985,-10.8166788507334,NaN,0.756039933265324,3.42230733366924,-0.0244406998020996,NaN,3.61632625155969,-10.8166788507334,NaN,15.8084567123002,40.2804649120164,18.3378889551113,14.226840849708,22.370784552415,3.02297300863588
