f0_GHz,S11ReportFreq_GHz,S11SweepSampleFreq_GHz,S11SweepSample_dB,S11_f0_dB,AbsS11_f0_dB,AbsS11_f0_Linear,S11_Source,PeakGain_dBi,PeakRealizedGain_dBi,FrontToBackRatio_dB,Gmain_Source,Ldir,Ldri,L1,Sdir,Sref,Wdri,SimulationIndex,SimulationID
2.25,2.25,2.25,-2.87082315965808,-2.87082315965808,2.87082315965808,0.718553058054238,ATK_OBJ_S11_F0,4.01879654313873,0.864391334689713,14.549788207015,ATK_OBJ_PeakGain,17.9596812744876,42.6857693609459,17.9042029127409,12.6607832132446,21.0397246261502,3.62874250483201,110,sim_110
