f0_GHz,S11ReportFreq_GHz,S11SweepSampleFreq_GHz,S11SweepSample_dB,S11_f0_dB,AbsS11_f0_dB,AbsS11_f0_Linear,S11_Source,PeakGain_dBi,PeakRealizedGain_dBi,FrontToBackRatio_dB,Gmain_Source,Ldir,Ldri,L1,Sdir,Sref,Wdri,SimulationIndex,SimulationID
2.25,2.25,2.25,-5.45290812624791,-5.45290812624791,5.45290812624791,0.533770531724373,ATK_OBJ_S11_F0,4.05928399416534,2.60288508707047,17.6184844192753,ATK_OBJ_PeakGain,18.2227310627471,44.1795960133075,15.0682125818012,16.3881426487325,18.7317915526613,3.43644707130051,45,sim_045
