SimulationIndex,SimulationID,f0_GHz,S11ReportFreq_GHz,S11SweepSampleFreq_GHz,S11SweepSample_dB,S11_Source,Gmain_Source,MainPlane,Gmain_dBi,Gmain_Cut_dBi,PeakGain_dBi,PeakRealizedGain_dBi,FrontToBackRatio_dB,SLL_dB,HPBW_deg,SideLobeSuppression_dB,MainLobeTheta_deg,SideLobeTheta_deg,SideLobeGain_dBi,S11_f0_dB,AbsS11_f0_dB,AbsS11_f0_Linear,Objective1_Neg_Gmain,Objective2_SLL,Objective3_HPBW,Objective4_AbsS11,Gmain_Phi0_dBi,SLL_Phi0_dB,HPBW_Phi0_deg,Gmain_Phi90_dBi,SLL_Phi90_dB,HPBW_Phi90_deg,Ldir,Ldri,L1,Sdir,Sref,Wdri
128,sim_128,2.25,2.25,2.25,-4.36527168230869,ATK_OBJ_S11_F0,ATK_OBJ_PeakGain,Phi90,3.73440462715026,3.41817010569859,3.73440462715026,1.7553448523647,12.0880872108378,-10.3507286821155,NaN,10.3507286821155,0,150,-6.93255857641687,-4.36527168230869,4.36527168230869,0.604973589799767,-3.73440462715026,-10.3507286821155,NaN,0.604973589799767,3.41817010569859,-0.0166236295997497,NaN,3.41817010569859,-10.3507286821155,NaN,18.214021975118,42.3485584287769,16.2123667476724,15.078259062919,17.2897589697748,3.09387299316893
