f0_GHz,S11ReportFreq_GHz,S11SweepSampleFreq_GHz,S11SweepSample_dB,S11_f0_dB,AbsS11_f0_dB,AbsS11_f0_Linear,S11_Source,PeakGain_dBi,PeakRealizedGain_dBi,FrontToBackRatio_dB,Gmain_Source,Ldir,Ldri,L1,Sdir,Sref,Wdri,SimulationIndex,SimulationID
2.25,2.25,2.25,-3.97485431335479,-3.97485431335479,3.97485431335479,0.632786615213543,ATK_OBJ_S11_F0,3.64142898307609,1.41990832580687,11.3135132320126,ATK_OBJ_PeakGain,18.1393729866046,40.2480182085452,16.7403851495483,13.693509714382,17.380662214538,2.57914986665781,192,sim_192
