f0_GHz,S11ReportFreq_GHz,S11SweepSampleFreq_GHz,S11SweepSample_dB,S11_f0_dB,AbsS11_f0_dB,AbsS11_f0_Linear,S11_Source,PeakGain_dBi,PeakRealizedGain_dBi,FrontToBackRatio_dB,Gmain_Source,Ldir,Ldri,L1,Sdir,Sref,Wdri,SimulationIndex,SimulationID
2.25,2.25,2.25,-4.34833657719931,-4.34833657719931,4.34833657719931,0.606154273184989,ATK_OBJ_S11_F0,3.36143265489838,1.37256660761041,10.4537818180536,ATK_OBJ_PeakGain,14.7821125840666,40.3389759965432,16.7330269906483,14.5115829825779,16.5419351737231,3.53535269087542,195,sim_195
