SimulationIndex,SimulationID,f0_GHz,S11ReportFreq_GHz,S11SweepSampleFreq_GHz,S11SweepSample_dB,S11_Source,Gmain_Source,MainPlane,Gmain_dBi,Gmain_Cut_dBi,PeakGain_dBi,PeakRealizedGain_dBi,FrontToBackRatio_dB,SLL_dB,HPBW_deg,SideLobeSuppression_dB,MainLobeTheta_deg,SideLobeTheta_deg,SideLobeGain_dBi,S11_f0_dB,AbsS11_f0_dB,AbsS11_f0_Linear,Objective1_Neg_Gmain,Objective2_SLL,Objective3_HPBW,Objective4_AbsS11,Gmain_Phi0_dBi,SLL_Phi0_dB,HPBW_Phi0_deg,Gmain_Phi90_dBi,SLL_Phi90_dB,HPBW_Phi90_deg,Ldir,Ldri,L1,Sdir,Sref,Wdri
129,sim_129,2.25,2.25,2.25,-4.83627875416635,ATK_OBJ_S11_F0,ATK_OBJ_PeakGain,Phi90,3.95138419169743,3.6092125274829,3.95138419169743,2.22264275925715,12.5085753532733,-10.910427756594,NaN,10.910427756594,0,144,-7.30121522911109,-4.83627875416635,4.83627875416635,0.573041483276178,-3.95138419169743,-10.910427756594,NaN,0.573041483276178,3.6092125274829,-0.0206838150883399,NaN,3.6092125274829,-10.910427756594,NaN,16.1333267770317,42.4848386404679,16.0068657578048,15.7173058568008,19.7949552753146,3.22467739354753
