SimulationIndex,SimulationID,f0_GHz,S11ReportFreq_GHz,S11SweepSampleFreq_GHz,S11SweepSample_dB,S11_Source,Gmain_Source,MainPlane,Gmain_dBi,Gmain_Cut_dBi,PeakGain_dBi,PeakRealizedGain_dBi,FrontToBackRatio_dB,SLL_dB,HPBW_deg,SideLobeSuppression_dB,MainLobeTheta_deg,SideLobeTheta_deg,SideLobeGain_dBi,S11_f0_dB,AbsS11_f0_dB,AbsS11_f0_Linear,Objective1_Neg_Gmain,Objective2_SLL,Objective3_HPBW,Objective4_AbsS11,Gmain_Phi0_dBi,SLL_Phi0_dB,HPBW_Phi0_deg,Gmain_Phi90_dBi,SLL_Phi90_dB,HPBW_Phi90_deg,Ldir,Ldri,L1,Sdir,Sref,Wdri
83,sim_083,2.25,2.25,2.25,-2.97380461713712,ATK_OBJ_S11_F0,ATK_OBJ_PeakGain,Phi0,4.04884110771444,3.29153776057054,4.04884110771444,1.00173652714097,11.1903840946666,-0.02250173996529,NaN,0.02250173996529,0,2,3.26903602060525,-2.97380461713712,2.97380461713712,0.710084068907151,-4.04884110771444,-0.02250173996529,NaN,0.710084068907151,3.29153776057054,-0.02250173996529,NaN,3.29153776057053,-0.0316831936984201,NaN,15.7963629710772,42.3331982821686,18.1408531971187,12.9727457523511,21.4387477058354,3.56657985168861
