SimulationIndex,SimulationID,f0_GHz,S11ReportFreq_GHz,S11SweepSampleFreq_GHz,S11SweepSample_dB,S11_Source,Gmain_Source,MainPlane,Gmain_dBi,Gmain_Cut_dBi,PeakGain_dBi,PeakRealizedGain_dBi,FrontToBackRatio_dB,SLL_dB,HPBW_deg,SideLobeSuppression_dB,MainLobeTheta_deg,SideLobeTheta_deg,SideLobeGain_dBi,S11_f0_dB,AbsS11_f0_dB,AbsS11_f0_Linear,Objective1_Neg_Gmain,Objective2_SLL,Objective3_HPBW,Objective4_AbsS11,Gmain_Phi0_dBi,SLL_Phi0_dB,HPBW_Phi0_deg,Gmain_Phi90_dBi,SLL_Phi90_dB,HPBW_Phi90_deg,Ldir,Ldri,L1,Sdir,Sref,Wdri
15,sim_015,2.25,2.25,2.25,-5.13305326438115,ATK_OBJ_S11_F0,ATK_OBJ_PeakGain,Phi90,3.75316415317812,3.60633235918803,3.75316415317812,2.16246065720761,16.1838594733838,-11.1651431217717,NaN,11.1651431217717,0,150,-7.55881076258367,-5.13305326438115,5.13305326438115,0.55379284043119,-3.75316415317812,-11.1651431217717,NaN,0.55379284043119,3.60633235918803,-0.01914782350552,NaN,3.60633235918803,-11.1651431217717,NaN,16.2484833351943,45.9095699486102,16.9715098971941,16.5259113259517,17.6836489843501,4.43057769514614
