f0_GHz,S11ReportFreq_GHz,S11SweepSampleFreq_GHz,S11SweepSample_dB,S11_f0_dB,AbsS11_f0_dB,AbsS11_f0_Linear,S11_Source,PeakGain_dBi,PeakRealizedGain_dBi,FrontToBackRatio_dB,Gmain_Source,Ldir,Ldri,L1,Sdir,Sref,Wdri,SimulationIndex,SimulationID
2.25,2.25,2.25,-4.49423535643283,-4.49423535643283,4.49423535643283,0.596057603269253,ATK_OBJ_S11_F0,3.7759260098253,1.86960600357782,14.0161140508804,ATK_OBJ_PeakGain,16.8192617707857,41.6851280218715,15.419782898194,17.160588632003,17.6472325216551,3.9393216512437,27,sim_027
