f0_GHz,S11ReportFreq_GHz,S11SweepSampleFreq_GHz,S11SweepSample_dB,S11_f0_dB,AbsS11_f0_dB,AbsS11_f0_Linear,S11_Source,PeakGain_dBi,PeakRealizedGain_dBi,FrontToBackRatio_dB,Gmain_Source,Ldir,Ldri,L1,Sdir,Sref,Wdri,SimulationIndex,SimulationID
2.25,2.25,2.25,-5.55853656611182,-5.55853656611182,5.55853656611182,0.527318698730244,ATK_OBJ_S11_F0,3.64214067244181,2.22712158485968,7.08474606141142,ATK_OBJ_PeakGain,15.2603097425127,41.8110941125796,15.126779113565,13.775215591121,18.1576344253215,3.63835727935694,109,sim_109
