f0_GHz,S11ReportFreq_GHz,S11SweepSampleFreq_GHz,S11SweepSample_dB,S11_f0_dB,AbsS11_f0_dB,AbsS11_f0_Linear,S11_Source,PeakGain_dBi,PeakRealizedGain_dBi,FrontToBackRatio_dB,Gmain_Source,Ldir,Ldri,L1,Sdir,Sref,Wdri,SimulationIndex,SimulationID
2.25,2.25,2.25,-4.63619324610298,-4.63619324610298,4.63619324610298,0.586395106848936,ATK_OBJ_S11_F0,3.89658639020249,2.06655668696846,9.73821845353106,ATK_OBJ_PeakGain,17.737703360164,42.1871625052714,15.6643560318742,15.0467811171721,19.159179712866,3.3621994689735,38,sim_038
