SimulationIndex,SimulationID,f0_GHz,S11ReportFreq_GHz,S11SweepSampleFreq_GHz,S11SweepSample_dB,S11_Source,Gmain_Source,MainPlane,Gmain_dBi,Gmain_Cut_dBi,PeakGain_dBi,PeakRealizedGain_dBi,FrontToBackRatio_dB,SLL_dB,HPBW_deg,SideLobeSuppression_dB,MainLobeTheta_deg,SideLobeTheta_deg,SideLobeGain_dBi,S11_f0_dB,AbsS11_f0_dB,AbsS11_f0_Linear,Objective1_Neg_Gmain,Objective2_SLL,Objective3_HPBW,Objective4_AbsS11,Gmain_Phi0_dBi,SLL_Phi0_dB,HPBW_Phi0_deg,Gmain_Phi90_dBi,SLL_Phi90_dB,HPBW_Phi90_deg,Ldir,Ldri,L1,Sdir,Sref,Wdri
146,sim_146,2.25,2.25,2.25,-4.89148979764538,ATK_OBJ_S11_F0,ATK_OBJ_PeakGain,Phi90,3.54504845194445,3.20266607844643,3.54504845194445,1.84304797134401,7.92959067268513,-10.3982504091915,NaN,10.3982504091915,0,150,-7.19558433074505,-4.89148979764538,4.89148979764538,0.569410550856925,-3.54504845194445,-10.3982504091915,NaN,0.569410550856925,3.20266607844642,-0.0224325199042799,NaN,3.20266607844643,-10.3982504091915,NaN,15.2971104561169,42.1452890568559,16.1282780149738,14.4465819639954,18.3857150612737,2.09104494271348
