f0_GHz,S11ReportFreq_GHz,S11SweepSampleFreq_GHz,S11SweepSample_dB,S11_f0_dB,AbsS11_f0_dB,AbsS11_f0_Linear,S11_Source,PeakGain_dBi,PeakRealizedGain_dBi,FrontToBackRatio_dB,Gmain_Source,Ldir,Ldri,L1,Sdir,Sref,Wdri,SimulationIndex,SimulationID
2.25,2.25,2.25,-3.48399501710283,-3.48399501710283,3.48399501710283,0.669576571296416,ATK_OBJ_S11_F0,3.59068051798076,1.00745226994849,10.6022649689021,ATK_OBJ_PeakGain,15.9297721794761,40.0171349496212,17.2605998390054,14.8379875664437,19.3214763954107,3.52112047300093,23,sim_023
