f0_GHz,S11ReportFreq_GHz,S11SweepSampleFreq_GHz,S11SweepSample_dB,S11_f0_dB,AbsS11_f0_dB,AbsS11_f0_Linear,S11_Source,PeakGain_dBi,PeakRealizedGain_dBi,FrontToBackRatio_dB,Gmain_Source,Ldir,Ldri,L1,Sdir,Sref,Wdri,SimulationIndex,SimulationID
2.25,2.25,2.25,-5.10537067551604,-5.10537067551604,5.10537067551604,0.555560635756289,ATK_OBJ_S11_F0,3.63747971224711,2.03447433477233,6.85288310943757,ATK_OBJ_PeakGain,15.1860290989742,41.9759620183395,15.2942714802319,13.3295405735249,18.7056908939533,3.13646623504751,127,sim_127
