SimulationIndex,SimulationID,f0_GHz,S11ReportFreq_GHz,S11SweepSampleFreq_GHz,S11SweepSample_dB,S11_Source,Gmain_Source,MainPlane,Gmain_dBi,Gmain_Cut_dBi,PeakGain_dBi,PeakRealizedGain_dBi,FrontToBackRatio_dB,SLL_dB,HPBW_deg,SideLobeSuppression_dB,MainLobeTheta_deg,SideLobeTheta_deg,SideLobeGain_dBi,S11_f0_dB,AbsS11_f0_dB,AbsS11_f0_Linear,Objective1_Neg_Gmain,Objective2_SLL,Objective3_HPBW,Objective4_AbsS11,Gmain_Phi0_dBi,SLL_Phi0_dB,HPBW_Phi0_deg,Gmain_Phi90_dBi,SLL_Phi90_dB,HPBW_Phi90_deg,Ldir,Ldri,L1,Sdir,Sref,Wdri
152,sim_152,2.25,2.25,2.25,-5.71720885687986,ATK_OBJ_S11_F0,ATK_OBJ_PeakGain,Phi90,3.63192602911994,3.14556431884381,3.63192602911994,2.27650833400747,5.84222147361822,-11.2962664512644,NaN,11.2962664512644,0,150,-8.15070213242057,-5.71720885687986,5.71720885687986,0.517773187609797,-3.63192602911994,-11.2962664512644,NaN,0.517773187609797,3.14556431884381,-0.01714658209485,NaN,3.14556431884381,-11.2962664512644,NaN,16.2024122322659,44.0084135863028,15.9347814445455,12.3580698412655,18.2762319186599,2.13542161185154
