SimulationIndex,SimulationID,f0_GHz,S11ReportFreq_GHz,S11SweepSampleFreq_GHz,S11SweepSample_dB,S11_Source,Gmain_Source,MainPlane,Gmain_dBi,Gmain_Cut_dBi,PeakGain_dBi,PeakRealizedGain_dBi,FrontToBackRatio_dB,SLL_dB,HPBW_deg,SideLobeSuppression_dB,MainLobeTheta_deg,SideLobeTheta_deg,SideLobeGain_dBi,S11_f0_dB,AbsS11_f0_dB,AbsS11_f0_Linear,Objective1_Neg_Gmain,Objective2_SLL,Objective3_HPBW,Objective4_AbsS11,Gmain_Phi0_dBi,SLL_Phi0_dB,HPBW_Phi0_deg,Gmain_Phi90_dBi,SLL_Phi90_dB,HPBW_Phi90_deg,Ldir,Ldri,L1,Sdir,Sref,Wdri
14,sim_014,2.25,2.25,2.25,-2.48357705724211,ATK_OBJ_S11_F0,ATK_OBJ_PeakGain,Phi90,4.21644281510611,3.54063746316197,4.21644281510611,0.606605047947616,12.7329578334238,-9.94636421646853,NaN,9.94636421646853,26,146,-6.40572675330656,-2.48357705724211,2.48357705724211,0.751313421449493,-4.21644281510611,-9.94636421646853,NaN,0.751313421449493,3.39609343534913,-0.0291308638731502,NaN,3.54063746316197,-9.94636421646853,NaN,17.8063755660385,43.3069503778924,15.4323455846463,12.1504693407809,18.0062541066992,4.14301986320189
