SimulationIndex,SimulationID,f0_GHz,S11ReportFreq_GHz,S11SweepSampleFreq_GHz,S11SweepSample_dB,S11_Source,Gmain_Source,MainPlane,Gmain_dBi,Gmain_Cut_dBi,PeakGain_dBi,PeakRealizedGain_dBi,FrontToBackRatio_dB,SLL_dB,HPBW_deg,SideLobeSuppression_dB,MainLobeTheta_deg,SideLobeTheta_deg,SideLobeGain_dBi,S11_f0_dB,AbsS11_f0_dB,AbsS11_f0_Linear,Objective1_Neg_Gmain,Objective2_SLL,Objective3_HPBW,Objective4_AbsS11,Gmain_Phi0_dBi,SLL_Phi0_dB,HPBW_Phi0_deg,Gmain_Phi90_dBi,SLL_Phi90_dB,HPBW_Phi90_deg,Ldir,Ldri,L1,Sdir,Sref,Wdri
29,sim_029,2.25,2.25,2.25,-5.17738125874662,ATK_OBJ_S11_F0,ATK_OBJ_PeakGain,Phi90,4.09175139027501,3.78116383642145,4.09175139027501,2.52051291975174,15.3919195982833,-11.1500674342261,NaN,11.1500674342261,0,142,-7.36890359780467,-5.17738125874662,5.17738125874662,0.55097378650785,-4.09175139027501,-11.1500674342261,NaN,0.55097378650785,3.78116383642144,-0.0193427855214701,NaN,3.78116383642145,-11.1500674342261,NaN,15.3904227166161,41.4714928343819,15.6587879672377,17.4249666442585,20.6657163829227,2.75091702112601
