SimulationIndex,SimulationID,f0_GHz,S11ReportFreq_GHz,S11SweepSampleFreq_GHz,S11SweepSample_dB,S11_Source,Gmain_Source,MainPlane,Gmain_dBi,Gmain_Cut_dBi,PeakGain_dBi,PeakRealizedGain_dBi,FrontToBackRatio_dB,SLL_dB,HPBW_deg,SideLobeSuppression_dB,MainLobeTheta_deg,SideLobeTheta_deg,SideLobeGain_dBi,S11_f0_dB,AbsS11_f0_dB,AbsS11_f0_Linear,Objective1_Neg_Gmain,Objective2_SLL,Objective3_HPBW,Objective4_AbsS11,Gmain_Phi0_dBi,SLL_Phi0_dB,HPBW_Phi0_deg,Gmain_Phi90_dBi,SLL_Phi90_dB,HPBW_Phi90_deg,Ldir,Ldri,L1,Sdir,Sref,Wdri
153,sim_153,2.25,2.25,2.25,-3.33996628351097,ATK_OBJ_S11_F0,ATK_OBJ_PeakGain,Phi90,4.01256506834477,3.28444454637012,4.01256506834477,1.30866286982303,9.60420554419504,-10.7414100179263,NaN,10.7414100179263,0,144,-7.45696547155621,-3.33996628351097,3.33996628351097,0.680772001278223,-4.01256506834477,-10.7414100179263,NaN,0.680772001278223,3.28444454637012,-0.0268756204803902,NaN,3.28444454637012,-10.7414100179263,NaN,15.2317901496939,45.6955398306878,17.7390834891276,12.7745614331162,19.5965785076455,4.36000585468624
