SimulationIndex,SimulationID,f0_GHz,S11ReportFreq_GHz,S11SweepSampleFreq_GHz,S11SweepSample_dB,S11_Source,Gmain_Source,MainPlane,Gmain_dBi,Gmain_Cut_dBi,PeakGain_dBi,PeakRealizedGain_dBi,FrontToBackRatio_dB,SLL_dB,HPBW_deg,SideLobeSuppression_dB,MainLobeTheta_deg,SideLobeTheta_deg,SideLobeGain_dBi,S11_f0_dB,AbsS11_f0_dB,AbsS11_f0_Linear,Objective1_Neg_Gmain,Objective2_SLL,Objective3_HPBW,Objective4_AbsS11,Gmain_Phi0_dBi,SLL_Phi0_dB,HPBW_Phi0_deg,Gmain_Phi90_dBi,SLL_Phi90_dB,HPBW_Phi90_deg,Ldir,Ldri,L1,Sdir,Sref,Wdri
5,sim_005,2.25,2.25,2.25,-2.92823468638985,ATK_OBJ_S11_F0,ATK_OBJ_PeakGain,Phi90,3.9712782882755,3.17791487024379,3.9712782882755,0.877332421356856,8.00018120626322,-10.1681582637804,NaN,10.1681582637804,0,142,-6.99024339353661,-2.92823468638985,2.92823468638985,0.713819266466224,-3.9712782882755,-10.1681582637804,NaN,0.713819266466224,3.17791487024378,-0.0232696552874598,NaN,3.17791487024379,-10.1681582637804,NaN,14.8051612939182,41.2561763240714,17.2132123364901,12.533526977947,21.2421370371577,3.6653476338102
