f0_GHz,S11ReportFreq_GHz,S11SweepSampleFreq_GHz,S11SweepSample_dB,S11_f0_dB,AbsS11_f0_dB,AbsS11_f0_Linear,S11_Source,PeakGain_dBi,PeakRealizedGain_dBi,FrontToBackRatio_dB,Gmain_Source,Ldir,Ldri,L1,Sdir,Sref,Wdri,SimulationIndex,SimulationID
2.25,2.25,2.25,-4.02485270141905,-4.02485270141905,4.02485270141905,0.62915458359776,ATK_OBJ_S11_F0,4.37322460360563,2.18477670555005,16.012714121308,ATK_OBJ_PeakGain,18.2436584493883,44.4496875937846,16.3670906860991,14.3060066116402,21.6857068898335,3.07642537543145,67,sim_067
