SimulationIndex,SimulationID,f0_GHz,S11ReportFreq_GHz,S11SweepSampleFreq_GHz,S11SweepSample_dB,S11_Source,Gmain_Source,MainPlane,Gmain_dBi,Gmain_Cut_dBi,PeakGain_dBi,PeakRealizedGain_dBi,FrontToBackRatio_dB,SLL_dB,HPBW_deg,SideLobeSuppression_dB,MainLobeTheta_deg,SideLobeTheta_deg,SideLobeGain_dBi,S11_f0_dB,AbsS11_f0_dB,AbsS11_f0_Linear,Objective1_Neg_Gmain,Objective2_SLL,Objective3_HPBW,Objective4_AbsS11,Gmain_Phi0_dBi,SLL_Phi0_dB,HPBW_Phi0_deg,Gmain_Phi90_dBi,SLL_Phi90_dB,HPBW_Phi90_deg,Ldir,Ldri,L1,Sdir,Sref,Wdri
108,sim_108,2.25,2.25,2.25,-7.26587097123703,ATK_OBJ_S11_F0,ATK_OBJ_PeakGain,Phi90,4.25816263067106,3.78607018096499,4.25816263067106,3.35544585560553,11.1595756256742,-12.7327264857466,NaN,12.7327264857466,0,148,-8.94665630478165,-7.26587097123703,7.26587097123703,0.433217958485832,-4.25816263067106,-12.7327264857466,NaN,0.433217958485832,3.78607018096498,-0.0246675745017098,NaN,3.78607018096499,-12.7327264857466,NaN,15.128633023405,46.7936404051173,14.6235796495863,15.4930898123244,19.4281787715997,2.34909590900299
