SimulationIndex,SimulationID,f0_GHz,S11ReportFreq_GHz,S11SweepSampleFreq_GHz,S11SweepSample_dB,S11_Source,Gmain_Source,MainPlane,Gmain_dBi,Gmain_Cut_dBi,PeakGain_dBi,PeakRealizedGain_dBi,FrontToBackRatio_dB,SLL_dB,HPBW_deg,SideLobeSuppression_dB,MainLobeTheta_deg,SideLobeTheta_deg,SideLobeGain_dBi,S11_f0_dB,AbsS11_f0_dB,AbsS11_f0_Linear,Objective1_Neg_Gmain,Objective2_SLL,Objective3_HPBW,Objective4_AbsS11,Gmain_Phi0_dBi,SLL_Phi0_dB,HPBW_Phi0_deg,Gmain_Phi90_dBi,SLL_Phi90_dB,HPBW_Phi90_deg,Ldir,Ldri,L1,Sdir,Sref,Wdri
51,sim_051,2.25,2.25,2.25,-3.54044844412444,ATK_OBJ_S11_F0,ATK_OBJ_PeakGain,Phi90,3.69060967428986,3.38461828430731,3.69060967428986,1.15272594758244,10.7649843428519,-9.94401371178794,NaN,9.94401371178794,0,152,-6.55939542748063,-3.54044844412444,3.54044844412444,0.66523880967546,-3.69060967428986,-9.94401371178794,NaN,0.66523880967546,3.3846182843073,-13.2141084872526,NaN,3.38461828430731,-9.94401371178794,NaN,17.434300741568,40.4258261154307,18.4267339852878,15.9198478857925,17.4899843357591,2.76978916210111
