f0_GHz,S11ReportFreq_GHz,S11SweepSampleFreq_GHz,S11SweepSample_dB,S11_f0_dB,AbsS11_f0_dB,AbsS11_f0_Linear,S11_Source,PeakGain_dBi,PeakRealizedGain_dBi,FrontToBackRatio_dB,Gmain_Source,Ldir,Ldri,L1,Sdir,Sref,Wdri,SimulationIndex,SimulationID
2.25,2.25,2.25,-2.05872814872947,-2.05872814872947,2.05872814872947,0.788975636724189,ATK_OBJ_S11_F0,4.66065012261458,0.430020369489093,12.0681687565287,ATK_OBJ_PeakGain,14.8821553803049,45.1144760932924,17.6848180999424,14.0328463855701,22.0604004525376,3.54264277284235,166,sim_166
