SimulationIndex,SimulationID,f0_GHz,S11ReportFreq_GHz,S11SweepSampleFreq_GHz,S11SweepSample_dB,S11_Source,Gmain_Source,MainPlane,Gmain_dBi,Gmain_Cut_dBi,PeakGain_dBi,PeakRealizedGain_dBi,FrontToBackRatio_dB,SLL_dB,HPBW_deg,SideLobeSuppression_dB,MainLobeTheta_deg,SideLobeTheta_deg,SideLobeGain_dBi,S11_f0_dB,AbsS11_f0_dB,AbsS11_f0_Linear,Objective1_Neg_Gmain,Objective2_SLL,Objective3_HPBW,Objective4_AbsS11,Gmain_Phi0_dBi,SLL_Phi0_dB,HPBW_Phi0_deg,Gmain_Phi90_dBi,SLL_Phi90_dB,HPBW_Phi90_deg,Ldir,Ldri,L1,Sdir,Sref,Wdri
113,sim_113,2.25,2.25,2.25,-5.49437905771395,ATK_OBJ_S11_F0,ATK_OBJ_PeakGain,Phi90,3.81150386818091,3.37024917610992,3.81150386818091,2.37151841727596,8.93834963818514,-12.0539591611473,NaN,12.0539591611473,0,148,-8.68370998503735,-5.49437905771395,5.49437905771395,0.531228109267325,-3.81150386818091,-12.0539591611473,NaN,0.531228109267325,3.37024917610992,-0.0204824302022999,NaN,3.37024917610992,-12.0539591611473,NaN,16.0874481948011,44.1509023972618,16.392578478773,13.6488467571931,19.2715857341568,2.24544853998609
