SimulationIndex,SimulationID,f0_GHz,S11ReportFreq_GHz,S11SweepSampleFreq_GHz,S11SweepSample_dB,S11_Source,Gmain_Source,MainPlane,Gmain_dBi,Gmain_Cut_dBi,PeakGain_dBi,PeakRealizedGain_dBi,FrontToBackRatio_dB,SLL_dB,HPBW_deg,SideLobeSuppression_dB,MainLobeTheta_deg,SideLobeTheta_deg,SideLobeGain_dBi,S11_f0_dB,AbsS11_f0_dB,AbsS11_f0_Linear,Objective1_Neg_Gmain,Objective2_SLL,Objective3_HPBW,Objective4_AbsS11,Gmain_Phi0_dBi,SLL_Phi0_dB,HPBW_Phi0_deg,Gmain_Phi90_dBi,SLL_Phi90_dB,HPBW_Phi90_deg,Ldir,Ldri,L1,Sdir,Sref,Wdri
48,sim_048,2.25,2.25,2.25,-6.00893505713291,ATK_OBJ_S11_F0,ATK_OBJ_PeakGain,Phi90,4.01770094792568,3.87557313312807,4.01770094792568,2.76441832360807,23.809939908625,-12.3199702102772,NaN,12.3199702102772,0,154,-8.44439707714914,-6.00893505713291,6.00893505713291,0.500671934188344,-4.01770094792568,-12.3199702102772,NaN,0.500671934188344,3.87557313312807,-0.0248769098213999,NaN,3.87557313312807,-12.3199702102772,NaN,18.3930751469734,44.6928724922484,15.8735328935687,16.7875682737711,18.4687200166294,2.211218498655
