f0_GHz,S11ReportFreq_GHz,S11SweepSampleFreq_GHz,S11SweepSample_dB,S11_f0_dB,AbsS11_f0_dB,AbsS11_f0_Linear,S11_Source,PeakGain_dBi,PeakRealizedGain_dBi,FrontToBackRatio_dB,Gmain_Source,Ldir,Ldri,L1,Sdir,Sref,Wdri,SimulationIndex,SimulationID
2.25,2.25,2.25,-4.31356338183286,-4.31356338183286,4.31356338183286,0.608585822514464,ATK_OBJ_S11_F0,3.60583015730296,1.59663804669268,9.56471519391232,ATK_OBJ_PeakGain,16.2698834787328,40.0386998299304,16.9597660452463,12.0228866128773,16.8098382479092,4.10624560972309,49,sim_049
