SimulationIndex,SimulationID,f0_GHz,S11ReportFreq_GHz,S11SweepSampleFreq_GHz,S11SweepSample_dB,S11_Source,Gmain_Source,MainPlane,Gmain_dBi,Gmain_Cut_dBi,PeakGain_dBi,PeakRealizedGain_dBi,FrontToBackRatio_dB,SLL_dB,HPBW_deg,SideLobeSuppression_dB,MainLobeTheta_deg,SideLobeTheta_deg,SideLobeGain_dBi,S11_f0_dB,AbsS11_f0_dB,AbsS11_f0_Linear,Objective1_Neg_Gmain,Objective2_SLL,Objective3_HPBW,Objective4_AbsS11,Gmain_Phi0_dBi,SLL_Phi0_dB,HPBW_Phi0_deg,Gmain_Phi90_dBi,SLL_Phi90_dB,HPBW_Phi90_deg,Ldir,Ldri,L1,Sdir,Sref,Wdri
1,sim_001,2.25,2.25,2.25,-6.84803525534813,ATK_OBJ_S11_F0,ATK_OBJ_PeakGain,Phi90,3.70574997441351,3.54959587761451,3.70574997441351,2.70049964682818,15.9277684823798,-11.6059106590876,NaN,11.6059106590876,0,156,-8.05631478147312,-6.84803525534813,6.84803525534813,0.45456734852779,-3.70574997441351,-11.6059106590876,NaN,0.45456734852779,3.5495958776145,-0.0188734082874698,NaN,3.54959587761451,-11.6059106590876,NaN,16.4780976193736,46.4429218984761,15.4436123377551,16.4620281331706,17.0686230835941,2.02689807152893
