f0_GHz,S11ReportFreq_GHz,S11SweepSampleFreq_GHz,S11SweepSample_dB,S11_f0_dB,AbsS11_f0_dB,AbsS11_f0_Linear,S11_Source,PeakGain_dBi,PeakRealizedGain_dBi,FrontToBackRatio_dB,Gmain_Source,Ldir,Ldri,L1,Sdir,Sref,Wdri,SimulationIndex,SimulationID
2.25,2.25,2.25,-4.08984708980969,-4.08984708980969,4.08984708980969,0.624464343526456,ATK_OBJ_S11_F0,4.00586119188362,1.85947481171079,11.1170234054692,ATK_OBJ_PeakGain,15.5639561965337,44.6455031588587,16.7905569366084,13.9332190404228,19.9382229783121,3.34783927903545,56,sim_056
