SimulationIndex,SimulationID,f0_GHz,S11ReportFreq_GHz,S11SweepSampleFreq_GHz,S11SweepSample_dB,S11_Source,Gmain_Source,MainPlane,Gmain_dBi,Gmain_Cut_dBi,PeakGain_dBi,PeakRealizedGain_dBi,FrontToBackRatio_dB,SLL_dB,HPBW_deg,SideLobeSuppression_dB,MainLobeTheta_deg,SideLobeTheta_deg,SideLobeGain_dBi,S11_f0_dB,AbsS11_f0_dB,AbsS11_f0_Linear,Objective1_Neg_Gmain,Objective2_SLL,Objective3_HPBW,Objective4_AbsS11,Gmain_Phi0_dBi,SLL_Phi0_dB,HPBW_Phi0_deg,Gmain_Phi90_dBi,SLL_Phi90_dB,HPBW_Phi90_deg,Ldir,Ldri,L1,Sdir,Sref,Wdri
188,sim_188,2.25,2.25,2.25,-1.60972727439875,ATK_OBJ_S11_F0,ATK_OBJ_PeakGain,Phi90,4.49120856119733,4.0258078268754,4.49120856119733,-0.599143109376603,14.0428903581994,-9.87937694722374,NaN,9.87937694722374,26,142,-5.85356912034834,-1.60972727439875,1.60972727439875,0.830832805358383,-4.49120856119733,-9.87937694722374,NaN,0.830832805358383,3.6964976280895,-0.0298506978825199,NaN,4.0258078268754,-9.87937694722374,NaN,18.4530889141551,41.5832189420162,17.4535022483281,14.1501431038972,20.8151521730902,4.29819183589846
