f0_GHz,S11ReportFreq_GHz,S11SweepSampleFreq_GHz,S11SweepSample_dB,S11_f0_dB,AbsS11_f0_dB,AbsS11_f0_Linear,S11_Source,PeakGain_dBi,PeakRealizedGain_dBi,FrontToBackRatio_dB,Gmain_Source,Ldir,Ldri,L1,Sdir,Sref,Wdri,SimulationIndex,SimulationID
2.25,2.25,2.25,-3.95528061419524,-3.95528061419524,3.95528061419524,0.634214211208289,ATK_OBJ_S11_F0,3.50176365856711,1.26712177298929,11.5508875223112,ATK_OBJ_PeakGain,15.2548814852073,40.7022191575242,17.4120527643607,15.9496774146077,18.3122237852364,2.79808388698601,58,sim_058
