SimulationIndex,SimulationID,f0_GHz,S11ReportFreq_GHz,S11SweepSampleFreq_GHz,S11SweepSample_dB,S11_Source,Gmain_Source,MainPlane,Gmain_dBi,Gmain_Cut_dBi,PeakGain_dBi,PeakRealizedGain_dBi,FrontToBackRatio_dB,SLL_dB,HPBW_deg,SideLobeSuppression_dB,MainLobeTheta_deg,SideLobeTheta_deg,SideLobeGain_dBi,S11_f0_dB,AbsS11_f0_dB,AbsS11_f0_Linear,Objective1_Neg_Gmain,Objective2_SLL,Objective3_HPBW,Objective4_AbsS11,Gmain_Phi0_dBi,SLL_Phi0_dB,HPBW_Phi0_deg,Gmain_Phi90_dBi,SLL_Phi90_dB,HPBW_Phi90_deg,Ldir,Ldri,L1,Sdir,Sref,Wdri
71,sim_071,2.25,2.25,2.25,-5.85241958791059,ATK_OBJ_S11_F0,ATK_OBJ_PeakGain,Phi90,3.92914030314518,3.66601644645856,3.92914030314518,2.62221373034109,13.82826780411,-11.4848513843819,NaN,11.4848513843819,0,146,-7.81883493792335,-5.85241958791059,5.85241958791059,0.509775571982074,-3.92914030314518,-11.4848513843819,NaN,0.509775571982074,3.66601644645856,-0.0156075557857198,NaN,3.66601644645856,-11.4848513843819,NaN,14.7697980277702,42.4953436842066,15.7290938972998,17.4690055320364,19.5684980369548,2.4883659871571
