f0_GHz,S11ReportFreq_GHz,S11SweepSampleFreq_GHz,S11SweepSample_dB,S11_f0_dB,AbsS11_f0_dB,AbsS11_f0_Linear,S11_Source,PeakGain_dBi,PeakRealizedGain_dBi,FrontToBackRatio_dB,Gmain_Source,Ldir,Ldri,L1,Sdir,Sref,Wdri,SimulationIndex,SimulationID
2.25,2.25,2.25,-5.28862725612214,-5.28862725612214,5.28862725612214,0.543962094317448,ATK_OBJ_S11_F0,4.17604091248377,2.65241667594851,25.212556537435,ATK_OBJ_PeakGain,17.0865029136364,45.1579219581515,17.1594960333437,17.5105991344349,19.8064098175536,2.87964654135021,194,sim_194
