f0_GHz,S11ReportFreq_GHz,S11SweepSampleFreq_GHz,S11SweepSample_dB,S11_f0_dB,AbsS11_f0_dB,AbsS11_f0_Linear,S11_Source,PeakGain_dBi,PeakRealizedGain_dBi,FrontToBackRatio_dB,Gmain_Source,Ldir,Ldri,L1,Sdir,Sref,Wdri,SimulationIndex,SimulationID
2.25,2.25,2.25,-3.26188727140773,-3.26188727140773,3.26188727140773,0.68691916989749,ATK_OBJ_S11_F0,3.98593238812517,1.2134398896501,11.6339340794526,ATK_OBJ_PeakGain,16.9223483530171,43.7492300849884,18.4762622562722,14.2568606275206,19.8300425717461,3.88373916949126,12,sim_012
