f0_GHz,S11ReportFreq_GHz,S11SweepSampleFreq_GHz,S11SweepSample_dB,S11_f0_dB,AbsS11_f0_dB,AbsS11_f0_Linear,S11_Source,PeakGain_dBi,PeakRealizedGain_dBi,FrontToBackRatio_dB,Gmain_Source,Ldir,Ldri,L1,Sdir,Sref,Wdri,SimulationIndex,SimulationID
2.25,2.25,2.25,-4.41318415863098,-4.41318415863098,4.41318415863098,0.601645665297576,ATK_OBJ_S11_F0,4.28880007081068,2.33715997087082,17.0670155017056,ATK_OBJ_PeakGain,15.2144245499716,42.7722091430436,15.6996869883397,15.8430225153576,21.6353692545788,2.53919347757102,46,sim_046
