SimulationIndex,SimulationID,f0_GHz,S11ReportFreq_GHz,S11SweepSampleFreq_GHz,S11SweepSample_dB,S11_Source,Gmain_Source,MainPlane,Gmain_dBi,Gmain_Cut_dBi,PeakGain_dBi,PeakRealizedGain_dBi,FrontToBackRatio_dB,SLL_dB,HPBW_deg,SideLobeSuppression_dB,MainLobeTheta_deg,SideLobeTheta_deg,SideLobeGain_dBi,S11_f0_dB,AbsS11_f0_dB,AbsS11_f0_Linear,Objective1_Neg_Gmain,Objective2_SLL,Objective3_HPBW,Objective4_AbsS11,Gmain_Phi0_dBi,SLL_Phi0_dB,HPBW_Phi0_deg,Gmain_Phi90_dBi,SLL_Phi90_dB,HPBW_Phi90_deg,Ldir,Ldri,L1,Sdir,Sref,Wdri
47,sim_047,2.25,2.25,2.25,-4.42606812269399,ATK_OBJ_S11_F0,ATK_OBJ_PeakGain,Phi90,4.12306970699766,3.81969780139454,4.12306970699766,2.17872227393136,18.3521148451738,-10.9219349891156,NaN,10.9219349891156,0,144,-7.10223718772104,-4.42606812269399,4.42606812269399,0.600753893095488,-4.12306970699766,-10.9219349891156,NaN,0.600753893095488,3.81969780139453,-0.02102169113124,NaN,3.81969780139454,-10.9219349891156,NaN,18.3421352372321,41.6431776592453,14.5389115837807,15.5252354649249,19.9690000074096,3.44165147364785
