f0_GHz,S11ReportFreq_GHz,S11SweepSampleFreq_GHz,S11SweepSample_dB,S11_f0_dB,AbsS11_f0_dB,AbsS11_f0_Linear,S11_Source,PeakGain_dBi,PeakRealizedGain_dBi,FrontToBackRatio_dB,Gmain_Source,Ldir,Ldri,L1,Sdir,Sref,Wdri,SimulationIndex,SimulationID
2.25,2.25,2.25,-5.07031543872626,-5.07031543872626,5.07031543872626,0.55780734431609,ATK_OBJ_S11_F0,4.02431999234139,2.40557271399275,18.3414073193599,ATK_OBJ_PeakGain,17.7996532679944,43.5468154352418,14.9732087593263,16.2462918652603,18.9887262935089,4.00649915318821,162,sim_162
