f0_GHz,S11ReportFreq_GHz,S11SweepSampleFreq_GHz,S11SweepSample_dB,S11_f0_dB,AbsS11_f0_dB,AbsS11_f0_Linear,S11_Source,PeakGain_dBi,PeakRealizedGain_dBi,FrontToBackRatio_dB,Gmain_Source,Ldir,Ldri,L1,Sdir,Sref,Wdri,SimulationIndex,SimulationID
2.25,2.25,2.25,-3.30696701756812,-3.30696701756812,3.30696701756812,0.683363296540154,ATK_OBJ_S11_F0,4.19630432605927,1.4636954174267,10.7899523884247,ATK_OBJ_PeakGain,16.4360202924554,43.6761196855517,16.889032775409,13.3565398139625,21.2206234939817,4.07379580657954,19,sim_019
