SimulationIndex,SimulationID,f0_GHz,S11ReportFreq_GHz,S11SweepSampleFreq_GHz,S11SweepSample_dB,S11_Source,Gmain_Source,MainPlane,Gmain_dBi,Gmain_Cut_dBi,PeakGain_dBi,PeakRealizedGain_dBi,FrontToBackRatio_dB,SLL_dB,HPBW_deg,SideLobeSuppression_dB,MainLobeTheta_deg,SideLobeTheta_deg,SideLobeGain_dBi,S11_f0_dB,AbsS11_f0_dB,AbsS11_f0_Linear,Objective1_Neg_Gmain,Objective2_SLL,Objective3_HPBW,Objective4_AbsS11,Gmain_Phi0_dBi,SLL_Phi0_dB,HPBW_Phi0_deg,Gmain_Phi90_dBi,SLL_Phi90_dB,HPBW_Phi90_deg,Ldir,Ldri,L1,Sdir,Sref,Wdri
144,sim_144,2.25,2.25,2.25,-1.90128862149391,ATK_OBJ_S11_F0,ATK_OBJ_PeakGain,Phi90,4.16271103472658,3.55897768398689,4.16271103472658,-0.340669408509179,10.5479999533702,-9.84381212594374,NaN,9.84381212594374,32,146,-6.28483444195685,-1.90128862149391,1.90128862149391,0.803406921473783,-4.16271103472658,-9.84381212594374,NaN,0.803406921473783,3.18136299251971,-0.0304980650958901,NaN,3.55897768398689,-9.84381212594374,NaN,16.1996327590194,46.2939033100249,17.18721273142,12.3164569889957,17.5127062641295,3.47694027026174
