SimulationIndex,SimulationID,f0_GHz,S11ReportFreq_GHz,S11SweepSampleFreq_GHz,S11SweepSample_dB,S11_Source,Gmain_Source,MainPlane,Gmain_dBi,Gmain_Cut_dBi,PeakGain_dBi,PeakRealizedGain_dBi,FrontToBackRatio_dB,SLL_dB,HPBW_deg,SideLobeSuppression_dB,MainLobeTheta_deg,SideLobeTheta_deg,SideLobeGain_dBi,S11_f0_dB,AbsS11_f0_dB,AbsS11_f0_Linear,Objective1_Neg_Gmain,Objective2_SLL,Objective3_HPBW,Objective4_AbsS11,Gmain_Phi0_dBi,SLL_Phi0_dB,HPBW_Phi0_deg,Gmain_Phi90_dBi,SLL_Phi90_dB,HPBW_Phi90_deg,Ldir,Ldri,L1,Sdir,Sref,Wdri
173,sim_173,2.25,2.25,2.25,-2.98021062549281,ATK_OBJ_S11_F0,ATK_OBJ_PeakGain,Phi90,4.37102396562893,3.61046623958403,4.37102396562893,1.33042475392427,11.6000628186183,-11.756970264531,NaN,11.756970264531,22,140,-8.14650402494694,-2.98021062549281,2.98021062549281,0.709560561510023,-4.37102396562893,-11.756970264531,NaN,0.709560561510023,3.48898396932405,-0.0311372914598,NaN,3.61046623958403,-11.756970264531,NaN,14.7285051864043,45.2875509854685,17.5427720343148,13.6604178393816,22.1524328664277,3.45458541759815
