f0_GHz,S11ReportFreq_GHz,S11SweepSampleFreq_GHz,S11SweepSample_dB,S11_f0_dB,AbsS11_f0_dB,AbsS11_f0_Linear,S11_Source,PeakGain_dBi,PeakRealizedGain_dBi,FrontToBackRatio_dB,Gmain_Source,Ldir,Ldri,L1,Sdir,Sref,Wdri,SimulationIndex,SimulationID
2.25,2.25,2.25,-4.69667837292758,-4.69667837292758,4.69667837292758,0.5823258661859,ATK_OBJ_S11_F0,4.57587794089631,2.77721302244563,22.7280529889369,ATK_OBJ_PeakGain,17.1058396815992,46.2269246365984,16.9262388011499,16.6520507166141,21.4543172498602,2.56562605775737,107,sim_107
