SimulationIndex,SimulationID,f0_GHz,S11ReportFreq_GHz,S11SweepSampleFreq_GHz,S11SweepSample_dB,S11_Source,Gmain_Source,MainPlane,Gmain_dBi,Gmain_Cut_dBi,PeakGain_dBi,PeakRealizedGain_dBi,FrontToBackRatio_dB,SLL_dB,HPBW_deg,SideLobeSuppression_dB,MainLobeTheta_deg,SideLobeTheta_deg,SideLobeGain_dBi,S11_f0_dB,AbsS11_f0_dB,AbsS11_f0_Linear,Objective1_Neg_Gmain,Objective2_SLL,Objective3_HPBW,Objective4_AbsS11,Gmain_Phi0_dBi,SLL_Phi0_dB,HPBW_Phi0_deg,Gmain_Phi90_dBi,SLL_Phi90_dB,HPBW_Phi90_deg,Ldir,Ldri,L1,Sdir,Sref,Wdri
65,sim_065,2.25,2.25,2.25,-5.97140632847625,ATK_OBJ_S11_F0,ATK_OBJ_PeakGain,Phi90,4.19984818422889,3.51196402896319,4.19984818422889,2.93393834405826,8.67723763854444,-12.3489662166683,NaN,12.3489662166683,2,144,-8.83700218770508,-5.97140632847625,5.97140632847625,0.502839844686587,-4.19984818422889,-12.3489662166683,NaN,0.502839844686587,3.51166890989917,-0.0258416783662598,NaN,3.51196402896319,-12.3489662166683,NaN,15.7361097884906,44.8712160861177,14.8743914026972,12.2171787181858,20.3137207774994,2.33351848142745
