f0_GHz,S11ReportFreq_GHz,S11SweepSampleFreq_GHz,S11SweepSample_dB,S11_f0_dB,AbsS11_f0_dB,AbsS11_f0_Linear,S11_Source,PeakGain_dBi,PeakRealizedGain_dBi,FrontToBackRatio_dB,Gmain_Source,Ldir,Ldri,L1,Sdir,Sref,Wdri,SimulationIndex,SimulationID
2.25,2.25,2.25,-0.663927877714498,-0.663927877714498,0.663927877714498,0.926410793049921,ATK_OBJ_S11_F0,5.13247073121048,-3.35189901401051,8.48692174498946,ATK_OBJ_PeakGain,14.5038086653436,44.3716797160478,17.0509861706604,16.1756313884573,18.1270434792199,2.45131951413419,141,sim_141
