f0_GHz,S11ReportFreq_GHz,S11SweepSampleFreq_GHz,S11SweepSample_dB,S11_f0_dB,AbsS11_f0_dB,AbsS11_f0_Linear,S11_Source,PeakGain_dBi,PeakRealizedGain_dBi,FrontToBackRatio_dB,Gmain_Source,Ldir,Ldri,L1,Sdir,Sref,Wdri,SimulationIndex,SimulationID
2.25,2.25,2.25,-5.20067011259699,-5.20067011259699,5.20067011259699,0.54949847865431,ATK_OBJ_S11_F0,3.68014232691939,2.11901648795652,12.4319545908874,ATK_OBJ_PeakGain,16.5501571656932,42.8423291779407,15.6306010340953,15.782342071591,16.9838179809998,4.31832078010456,16,sim_016
