SimulationIndex,SimulationID,f0_GHz,S11ReportFreq_GHz,S11SweepSampleFreq_GHz,S11SweepSample_dB,S11_Source,Gmain_Source,MainPlane,Gmain_dBi,Gmain_Cut_dBi,PeakGain_dBi,PeakRealizedGain_dBi,FrontToBackRatio_dB,SLL_dB,HPBW_deg,SideLobeSuppression_dB,MainLobeTheta_deg,SideLobeTheta_deg,SideLobeGain_dBi,S11_f0_dB,AbsS11_f0_dB,AbsS11_f0_Linear,Objective1_Neg_Gmain,Objective2_SLL,Objective3_HPBW,Objective4_AbsS11,Gmain_Phi0_dBi,SLL_Phi0_dB,HPBW_Phi0_deg,Gmain_Phi90_dBi,SLL_Phi90_dB,HPBW_Phi90_deg,Ldir,Ldri,L1,Sdir,Sref,Wdri
164,sim_164,2.25,2.25,2.25,-4.35782698473867,ATK_OBJ_S11_F0,ATK_OBJ_PeakGain,Phi0,3.75249113268142,3.4097666356446,3.75249113268142,1.76912794209441,11.2493891879504,-0.0115159294893799,NaN,0.0115159294893799,0,2,3.39825070615522,-4.35782698473867,4.35782698473867,0.605492336443088,-3.75249113268142,-0.0115159294893799,NaN,0.605492336443088,3.4097666356446,-0.0115159294893799,NaN,3.40976663564459,-10.1663408404792,NaN,16.0468775400823,41.1809438917326,16.8269756961702,17.8286228180245,17.3506951085138,2.39362393953017
