f0_GHz,S11ReportFreq_GHz,S11SweepSampleFreq_GHz,S11SweepSample_dB,S11_f0_dB,AbsS11_f0_dB,AbsS11_f0_Linear,S11_Source,PeakGain_dBi,PeakRealizedGain_dBi,FrontToBackRatio_dB,Gmain_Source,Ldir,Ldri,L1,Sdir,Sref,Wdri,SimulationIndex,SimulationID
2.25,2.25,2.25,-4.57893557122713,-4.57893557122713,4.57893557122713,0.590273411911355,ATK_OBJ_S11_F0,3.5945421592971,1.73420161105736,13.184409018467,ATK_OBJ_PeakGain,16.5731921050582,41.3645946275075,16.0844855414133,15.3673072011804,17.1885237094952,2.60024705829661,87,sim_087
