f0_GHz,S11ReportFreq_GHz,S11SweepSampleFreq_GHz,S11SweepSample_dB,S11_f0_dB,AbsS11_f0_dB,AbsS11_f0_Linear,S11_Source,PeakGain_dBi,PeakRealizedGain_dBi,FrontToBackRatio_dB,Gmain_Source,Ldir,Ldri,L1,Sdir,Sref,Wdri,SimulationIndex,SimulationID
2.25,2.25,2.25,-3.14197167538726,-3.14197167538726,3.14197167538726,0.696468399567753,ATK_OBJ_S11_F0,3.94276650863692,1.06026337052454,7.66383111530817,ATK_OBJ_PeakGain,14.9434677722624,43.156234093386,16.5821577781017,12.3652467619601,20.2768627054903,4.26583992571593,97,sim_097
