f0_GHz,S11ReportFreq_GHz,S11SweepSampleFreq_GHz,S11SweepSample_dB,S11_f0_dB,AbsS11_f0_dB,AbsS11_f0_Linear,S11_Source,PeakGain_dBi,PeakRealizedGain_dBi,FrontToBackRatio_dB,Gmain_Source,Ldir,Ldri,L1,Sdir,Sref,Wdri,SimulationIndex,SimulationID
2.25,2.25,2.25,-5.33268276286781,-5.33268276286781,5.33268276286781,0.54121006149576,ATK_OBJ_S11_F0,4.0026129123321,2.49737011827749,15.8704988315885,ATK_OBJ_PeakGain,17.2666832610548,41.12182272616,14.5859101450166,17.90815673593,18.6069672043789,3.58159853359673,54,sim_054
