SimulationIndex,SimulationID,f0_GHz,S11ReportFreq_GHz,S11SweepSampleFreq_GHz,S11SweepSample_dB,S11_Source,Gmain_Source,MainPlane,Gmain_dBi,Gmain_Cut_dBi,PeakGain_dBi,PeakRealizedGain_dBi,FrontToBackRatio_dB,SLL_dB,HPBW_deg,SideLobeSuppression_dB,MainLobeTheta_deg,SideLobeTheta_deg,SideLobeGain_dBi,S11_f0_dB,AbsS11_f0_dB,AbsS11_f0_Linear,Objective1_Neg_Gmain,Objective2_SLL,Objective3_HPBW,Objective4_AbsS11,Gmain_Phi0_dBi,SLL_Phi0_dB,HPBW_Phi0_deg,Gmain_Phi90_dBi,SLL_Phi90_dB,HPBW_Phi90_deg,Ldir,Ldri,L1,Sdir,Sref,Wdri
45,sim_045,2.25,2.25,2.25,-5.45290812624791,ATK_OBJ_S11_F0,ATK_OBJ_PeakGain,Phi90,4.05928399416534,3.87939654453047,4.05928399416534,2.60288508707047,17.6184844192753,-11.4819293058488,NaN,11.4819293058488,0,150,-7.60253276131834,-5.45290812624791,5.45290812624791,0.533770531724373,-4.05928399416534,-11.4819293058488,NaN,0.533770531724373,3.87939654453046,-0.0194840263053102,NaN,3.87939654453047,-11.4819293058488,NaN,18.2227310627471,44.1795960133075,15.0682125818012,16.3881426487325,18.7317915526613,3.43644707130051
