f0_GHz,S11ReportFreq_GHz,S11SweepSampleFreq_GHz,S11SweepSample_dB,S11_f0_dB,AbsS11_f0_dB,AbsS11_f0_Linear,S11_Source,PeakGain_dBi,PeakRealizedGain_dBi,FrontToBackRatio_dB,Gmain_Source,Ldir,Ldri,L1,Sdir,Sref,Wdri,SimulationIndex,SimulationID
2.25,2.25,2.25,-4.36527168230869,-4.36527168230869,4.36527168230869,0.604973589799767,ATK_OBJ_S11_F0,3.73440462715026,1.7553448523647,12.0880872108378,ATK_OBJ_PeakGain,18.214021975118,42.3485584287769,16.2123667476724,15.078259062919,17.2897589697748,3.09387299316893,128,sim_128
