f0_GHz,S11ReportFreq_GHz,S11SweepSampleFreq_GHz,S11SweepSample_dB,S11_f0_dB,AbsS11_f0_dB,AbsS11_f0_Linear,S11_Source,PeakGain_dBi,PeakRealizedGain_dBi,FrontToBackRatio_dB,Gmain_Source,Ldir,Ldri,L1,Sdir,Sref,Wdri,SimulationIndex,SimulationID
2.25,2.25,2.25,-5.66702611343507,-5.66702611343507,5.66702611343507,0.520773281337004,ATK_OBJ_S11_F0,3.70839827337214,2.33445324666353,16.0828537914197,ATK_OBJ_PeakGain,16.8821243268986,46.901446793413,17.2981272864653,17.2629178955958,17.202191199642,2.04004123931695,112,sim_112
