SimulationIndex,SimulationID,f0_GHz,S11ReportFreq_GHz,S11SweepSampleFreq_GHz,S11SweepSample_dB,S11_Source,Gmain_Source,MainPlane,Gmain_dBi,Gmain_Cut_dBi,PeakGain_dBi,PeakRealizedGain_dBi,FrontToBackRatio_dB,SLL_dB,HPBW_deg,SideLobeSuppression_dB,MainLobeTheta_deg,SideLobeTheta_deg,SideLobeGain_dBi,S11_f0_dB,AbsS11_f0_dB,AbsS11_f0_Linear,Objective1_Neg_Gmain,Objective2_SLL,Objective3_HPBW,Objective4_AbsS11,Gmain_Phi0_dBi,SLL_Phi0_dB,HPBW_Phi0_deg,Gmain_Phi90_dBi,SLL_Phi90_dB,HPBW_Phi90_deg,Ldir,Ldri,L1,Sdir,Sref,Wdri
57,sim_057,2.25,2.25,2.25,-4.2636059191931,ATK_OBJ_S11_F0,ATK_OBJ_PeakGain,Phi90,3.66321675555665,3.16773927561932,3.66321675555665,1.62436639086042,7.69225427230413,-9.59573077726273,NaN,9.59573077726273,0,146,-6.42799150164341,-4.2636059191931,4.2636059191931,0.61209622918692,-3.66321675555665,-9.59573077726273,NaN,0.61209622918692,3.16773927561931,-0.0188867352656601,NaN,3.16773927561932,-9.59573077726273,NaN,15.4406108189261,41.4258244578829,15.7682318702682,14.0682575679093,18.5733242796386,3.86674982758103
