f0_GHz,S11ReportFreq_GHz,S11SweepSampleFreq_GHz,S11SweepSample_dB,S11_f0_dB,AbsS11_f0_dB,AbsS11_f0_Linear,S11_Source,PeakGain_dBi,PeakRealizedGain_dBi,FrontToBackRatio_dB,Gmain_Source,Ldir,Ldri,L1,Sdir,Sref,Wdri,SimulationIndex,SimulationID
2.25,2.25,2.25,-5.02457725765969,-5.02457725765969,5.02457725765969,0.560752394955812,ATK_OBJ_S11_F0,3.73877938429034,2.09921350676951,18.4063108313134,ATK_OBJ_PeakGain,17.9078187560465,43.7925872219719,16.603644550112,15.9641594691478,17.44747555574,3.74692170092666,98,sim_098
