f0_GHz,S11ReportFreq_GHz,S11SweepSampleFreq_GHz,S11SweepSample_dB,S11_f0_dB,AbsS11_f0_dB,AbsS11_f0_Linear,S11_Source,PeakGain_dBi,PeakRealizedGain_dBi,FrontToBackRatio_dB,Gmain_Source,Ldir,Ldri,L1,Sdir,Sref,Wdri,SimulationIndex,SimulationID
2.25,2.25,2.25,-3.54044844412444,-3.54044844412444,3.54044844412444,0.66523880967546,ATK_OBJ_S11_F0,3.69060967428986,1.15272594758244,10.7649843428519,ATK_OBJ_PeakGain,17.434300741568,40.4258261154307,18.4267339852878,15.9198478857925,17.4899843357591,2.76978916210111,51,sim_051
