f0_GHz,S11ReportFreq_GHz,S11SweepSampleFreq_GHz,S11SweepSample_dB,S11_f0_dB,AbsS11_f0_dB,AbsS11_f0_Linear,S11_Source,PeakGain_dBi,PeakRealizedGain_dBi,FrontToBackRatio_dB,Gmain_Source,Ldir,Ldri,L1,Sdir,Sref,Wdri,SimulationIndex,SimulationID
2.25,2.25,2.25,-6.12270371705952,-6.12270371705952,6.12270371705952,0.494156843419019,ATK_OBJ_S11_F0,3.77249570892349,2.55661638086311,11.0929003255577,ATK_OBJ_PeakGain,15.8639623680509,45.5404977946531,14.7420306777762,14.8128724345201,17.0882940547151,3.17247962822288,114,sim_114
