SimulationIndex,SimulationID,f0_GHz,S11ReportFreq_GHz,S11SweepSampleFreq_GHz,S11SweepSample_dB,S11_Source,Gmain_Source,MainPlane,Gmain_dBi,Gmain_Cut_dBi,PeakGain_dBi,PeakRealizedGain_dBi,FrontToBackRatio_dB,SLL_dB,HPBW_deg,SideLobeSuppression_dB,MainLobeTheta_deg,SideLobeTheta_deg,SideLobeGain_dBi,S11_f0_dB,AbsS11_f0_dB,AbsS11_f0_Linear,Objective1_Neg_Gmain,Objective2_SLL,Objective3_HPBW,Objective4_AbsS11,Gmain_Phi0_dBi,SLL_Phi0_dB,HPBW_Phi0_deg,Gmain_Phi90_dBi,SLL_Phi90_dB,HPBW_Phi90_deg,Ldir,Ldri,L1,Sdir,Sref,Wdri
88,sim_088,2.25,2.25,2.25,-4.19934388816036,ATK_OBJ_S11_F0,ATK_OBJ_PeakGain,Phi90,4.07732461890593,3.87630024700621,4.07732461890593,1.99951213190524,23.5811548564545,-11.1520049069959,NaN,11.1520049069959,0,146,-7.27570465998968,-4.19934388816036,4.19934388816036,0.616641579768618,-4.07732461890593,-11.1520049069959,NaN,0.616641579768618,3.8763002470062,-19.8344647019089,NaN,3.87630024700621,-11.1520049069959,NaN,16.9103718988502,42.9588993734663,17.3453810946355,17.303552102458,19.5449273103307,3.91205364662874
