f0_GHz,S11ReportFreq_GHz,S11SweepSampleFreq_GHz,S11SweepSample_dB,S11_f0_dB,AbsS11_f0_dB,AbsS11_f0_Linear,S11_Source,PeakGain_dBi,PeakRealizedGain_dBi,FrontToBackRatio_dB,Gmain_Source,Ldir,Ldri,L1,Sdir,Sref,Wdri,SimulationIndex,SimulationID
2.25,2.25,2.25,-5.23048564910848,-5.23048564910848,5.23048564910848,0.547615481599161,ATK_OBJ_S11_F0,3.74416841900345,2.19587641433543,7.50472993226724,ATK_OBJ_PeakGain,17.4142243156087,45.8653031628015,16.1160111731256,12.703781401439,17.2474507773521,4.33214787045286,10,sim_010
