f0_GHz,S11ReportFreq_GHz,S11SweepSampleFreq_GHz,S11SweepSample_dB,S11_f0_dB,AbsS11_f0_dB,AbsS11_f0_Linear,S11_Source,PeakGain_dBi,PeakRealizedGain_dBi,FrontToBackRatio_dB,Gmain_Source,Ldir,Ldri,L1,Sdir,Sref,Wdri,SimulationIndex,SimulationID
2.25,2.25,2.25,-6.35185237564904,-6.35185237564904,6.35185237564904,0.481290601756122,ATK_OBJ_S11_F0,3.49821255034131,2.35385639276121,6.65593295733736,ATK_OBJ_PeakGain,15.7645237535951,44.259753871986,15.5006384525901,13.5818478554347,17.109774187882,2.81147350114998,154,sim_154
