SimulationIndex,SimulationID,f0_GHz,S11ReportFreq_GHz,S11SweepSampleFreq_GHz,S11SweepSample_dB,S11_Source,Gmain_Source,MainPlane,Gmain_dBi,Gmain_Cut_dBi,PeakGain_dBi,PeakRealizedGain_dBi,FrontToBackRatio_dB,SLL_dB,HPBW_deg,SideLobeSuppression_dB,MainLobeTheta_deg,SideLobeTheta_deg,SideLobeGain_dBi,S11_f0_dB,AbsS11_f0_dB,AbsS11_f0_Linear,Objective1_Neg_Gmain,Objective2_SLL,Objective3_HPBW,Objective4_AbsS11,Gmain_Phi0_dBi,SLL_Phi0_dB,HPBW_Phi0_deg,Gmain_Phi90_dBi,SLL_Phi90_dB,HPBW_Phi90_deg,Ldir,Ldri,L1,Sdir,Sref,Wdri
86,sim_086,2.25,2.25,2.25,-5.17174695510016,ATK_OBJ_S11_F0,ATK_OBJ_PeakGain,Phi90,3.7535597428916,3.49420580813221,3.7535597428916,2.17986299646958,10.8087789569593,-10.4740436952893,NaN,10.4740436952893,0,146,-6.97983788715708,-5.17174695510016,5.17174695510016,0.551331304369236,-3.7535597428916,-10.4740436952893,NaN,0.551331304369236,3.49420580813221,-0.0176961618565099,NaN,3.49420580813221,-10.4740436952893,NaN,14.5629973088496,41.1941354319456,15.1745902609101,16.8511922168261,19.0220166797269,3.00184771767727
