SimulationIndex,SimulationID,f0_GHz,S11ReportFreq_GHz,S11SweepSampleFreq_GHz,S11SweepSample_dB,S11_Source,Gmain_Source,MainPlane,Gmain_dBi,Gmain_Cut_dBi,PeakGain_dBi,PeakRealizedGain_dBi,FrontToBackRatio_dB,SLL_dB,HPBW_deg,SideLobeSuppression_dB,MainLobeTheta_deg,SideLobeTheta_deg,SideLobeGain_dBi,S11_f0_dB,AbsS11_f0_dB,AbsS11_f0_Linear,Objective1_Neg_Gmain,Objective2_SLL,Objective3_HPBW,Objective4_AbsS11,Gmain_Phi0_dBi,SLL_Phi0_dB,HPBW_Phi0_deg,Gmain_Phi90_dBi,SLL_Phi90_dB,HPBW_Phi90_deg,Ldir,Ldri,L1,Sdir,Sref,Wdri
61,sim_061,2.25,2.25,2.25,-0.498375038794927,ATK_OBJ_S11_F0,ATK_OBJ_PeakGain,Phi90,5.13962085328219,4.96975849472624,5.13962085328219,-4.50946425437509,3.67991174087147,-5.97657544934355,NaN,5.97657544934355,30,128,-1.00681695461731,-0.498375038794927,0.498375038794927,0.944237508256705,-5.13962085328219,-5.97657544934355,NaN,0.944237508256705,2.8708684928991,-0.0500909119133,NaN,4.96975849472624,-5.97657544934355,NaN,16.1580944447613,44.4094539409284,18.3910358502987,15.3459787050742,21.8510700923013,3.97422096098843
