f0_GHz,S11ReportFreq_GHz,S11SweepSampleFreq_GHz,S11SweepSample_dB,S11_f0_dB,AbsS11_f0_dB,AbsS11_f0_Linear,S11_Source,PeakGain_dBi,PeakRealizedGain_dBi,FrontToBackRatio_dB,Gmain_Source,Ldir,Ldri,L1,Sdir,Sref,Wdri,SimulationIndex,SimulationID
2.25,2.25,2.25,-4.61020222262243,-4.61020222262243,4.61020222262243,0.588152420772017,ATK_OBJ_S11_F0,3.74890993119879,1.90519691650387,10.4297698233966,ATK_OBJ_PeakGain,16.2366275948568,40.1069846641174,15.2419819056484,13.727966568311,18.0774824041909,2.97372970406257,99,sim_099
