SimulationIndex,SimulationID,f0_GHz,S11ReportFreq_GHz,S11SweepSampleFreq_GHz,S11SweepSample_dB,S11_Source,Gmain_Source,MainPlane,Gmain_dBi,Gmain_Cut_dBi,PeakGain_dBi,PeakRealizedGain_dBi,FrontToBackRatio_dB,SLL_dB,HPBW_deg,SideLobeSuppression_dB,MainLobeTheta_deg,SideLobeTheta_deg,SideLobeGain_dBi,S11_f0_dB,AbsS11_f0_dB,AbsS11_f0_Linear,Objective1_Neg_Gmain,Objective2_SLL,Objective3_HPBW,Objective4_AbsS11,Gmain_Phi0_dBi,SLL_Phi0_dB,HPBW_Phi0_deg,Gmain_Phi90_dBi,SLL_Phi90_dB,HPBW_Phi90_deg,Ldir,Ldri,L1,Sdir,Sref,Wdri
118,sim_118,2.25,2.25,2.25,-5.96442007835556,ATK_OBJ_S11_F0,ATK_OBJ_PeakGain,Phi90,4.33088951644363,3.88471200691548,4.33088951644363,3.0626128729224,19.9283440392489,-11.7489902867294,NaN,11.7489902867294,0,146,-7.86427827981388,-5.96442007835556,5.96442007835556,0.503244452415674,-4.33088951644363,-11.7489902867294,NaN,0.503244452415674,3.88471200691547,-0.02840660895736,NaN,3.88471200691548,-11.7489902867294,NaN,15.3584066407967,46.5125008484475,14.5686344234377,17.5393538635982,18.8196955881828,4.34041717210089
