SimulationIndex,SimulationID,f0_GHz,S11ReportFreq_GHz,S11SweepSampleFreq_GHz,S11SweepSample_dB,S11_Source,Gmain_Source,MainPlane,Gmain_dBi,Gmain_Cut_dBi,PeakGain_dBi,PeakRealizedGain_dBi,FrontToBackRatio_dB,SLL_dB,HPBW_deg,SideLobeSuppression_dB,MainLobeTheta_deg,SideLobeTheta_deg,SideLobeGain_dBi,S11_f0_dB,AbsS11_f0_dB,AbsS11_f0_Linear,Objective1_Neg_Gmain,Objective2_SLL,Objective3_HPBW,Objective4_AbsS11,Gmain_Phi0_dBi,SLL_Phi0_dB,HPBW_Phi0_deg,Gmain_Phi90_dBi,SLL_Phi90_dB,HPBW_Phi90_deg,Ldir,Ldri,L1,Sdir,Sref,Wdri
184,sim_184,2.25,2.25,2.25,-4.17942123740982,ATK_OBJ_S11_F0,ATK_OBJ_PeakGain,Phi90,4.3587477098141,3.7800605965645,4.3587477098141,2.2686663746166,15.8516218518715,-11.496379684517,NaN,11.496379684517,0,142,-7.71631908795249,-4.17942123740982,4.17942123740982,0.618057581491668,-4.3587477098141,-11.496379684517,NaN,0.618057581491668,3.78006059656449,-0.0277452405865901,NaN,3.7800605965645,-11.496379684517,NaN,17.0606720767213,45.5178834207909,15.7994591666828,14.7583869046056,20.5778246402154,3.981442188214
