SimulationIndex,SimulationID,f0_GHz,S11ReportFreq_GHz,S11SweepSampleFreq_GHz,S11SweepSample_dB,S11_Source,Gmain_Source,MainPlane,Gmain_dBi,Gmain_Cut_dBi,PeakGain_dBi,PeakRealizedGain_dBi,FrontToBackRatio_dB,SLL_dB,HPBW_deg,SideLobeSuppression_dB,MainLobeTheta_deg,SideLobeTheta_deg,SideLobeGain_dBi,S11_f0_dB,AbsS11_f0_dB,AbsS11_f0_Linear,Objective1_Neg_Gmain,Objective2_SLL,Objective3_HPBW,Objective4_AbsS11,Gmain_Phi0_dBi,SLL_Phi0_dB,HPBW_Phi0_deg,Gmain_Phi90_dBi,SLL_Phi90_dB,HPBW_Phi90_deg,Ldir,Ldri,L1,Sdir,Sref,Wdri
23,sim_023,2.25,2.25,2.25,-3.48399501710283,ATK_OBJ_S11_F0,ATK_OBJ_PeakGain,Phi90,3.59068051798076,3.19957363718426,3.59068051798076,1.00745226994849,10.6022649689021,-9.40508162225665,NaN,9.40508162225665,0,146,-6.20550798507239,-3.48399501710283,3.48399501710283,0.669576571296416,-3.59068051798076,-9.40508162225665,NaN,0.669576571296416,3.19957363718426,-0.0242963984847999,NaN,3.19957363718426,-9.40508162225665,NaN,15.9297721794761,40.0171349496212,17.2605998390054,14.8379875664437,19.3214763954107,3.52112047300093
