SimulationIndex,SimulationID,f0_GHz,S11ReportFreq_GHz,S11SweepSampleFreq_GHz,S11SweepSample_dB,S11_Source,Gmain_Source,MainPlane,Gmain_dBi,Gmain_Cut_dBi,PeakGain_dBi,PeakRealizedGain_dBi,FrontToBackRatio_dB,SLL_dB,HPBW_deg,SideLobeSuppression_dB,MainLobeTheta_deg,SideLobeTheta_deg,SideLobeGain_dBi,S11_f0_dB,AbsS11_f0_dB,AbsS11_f0_Linear,Objective1_Neg_Gmain,Objective2_SLL,Objective3_HPBW,Objective4_AbsS11,Gmain_Phi0_dBi,SLL_Phi0_dB,HPBW_Phi0_deg,Gmain_Phi90_dBi,SLL_Phi90_dB,HPBW_Phi90_deg,Ldir,Ldri,L1,Sdir,Sref,Wdri
140,sim_140,2.25,2.25,2.25,-5.86840559043312,ATK_OBJ_S11_F0,ATK_OBJ_PeakGain,Phi90,3.70746275070967,3.2302351010921,3.70746275070967,2.40613519173173,7.20922296852241,-10.5736079372435,NaN,10.5736079372435,0,148,-7.34337283615142,-5.86840559043312,5.86840559043312,0.508838215035874,-3.70746275070967,-10.5736079372435,NaN,0.508838215035874,3.2302351010921,-0.0236500260226902,NaN,3.2302351010921,-10.5736079372435,NaN,14.5933835060907,44.5072034187792,15.4995825826487,12.610095987774,17.8494136454829,3.89133120973783
