SimulationIndex,SimulationID,f0_GHz,S11ReportFreq_GHz,S11SweepSampleFreq_GHz,S11SweepSample_dB,S11_Source,Gmain_Source,MainPlane,Gmain_dBi,Gmain_Cut_dBi,PeakGain_dBi,PeakRealizedGain_dBi,FrontToBackRatio_dB,SLL_dB,HPBW_deg,SideLobeSuppression_dB,MainLobeTheta_deg,SideLobeTheta_deg,SideLobeGain_dBi,S11_f0_dB,AbsS11_f0_dB,AbsS11_f0_Linear,Objective1_Neg_Gmain,Objective2_SLL,Objective3_HPBW,Objective4_AbsS11,Gmain_Phi0_dBi,SLL_Phi0_dB,HPBW_Phi0_deg,Gmain_Phi90_dBi,SLL_Phi90_dB,HPBW_Phi90_deg,Ldir,Ldri,L1,Sdir,Sref,Wdri
70,sim_070,2.25,2.25,2.25,-3.6483630358535,ATK_OBJ_S11_F0,ATK_OBJ_PeakGain,Phi90,4.81785312921078,4.31942503335489,4.81785312921078,2.36376909434152,20.7303065646769,-11.9181763073577,NaN,11.9181763073577,14,136,-7.59875127400281,-3.6483630358535,3.6483630358535,0.65702492934469,-4.81785312921078,-11.9181763073577,NaN,0.65702492934469,4.23819677136153,-0.0346462554351392,NaN,4.31942503335489,-11.9181763073577,NaN,16.0605734830493,45.6455457122605,15.3377308772352,17.8033153751018,22.4693695640003,3.92587766904984
