f0_GHz,S11ReportFreq_GHz,S11SweepSampleFreq_GHz,S11SweepSample_dB,S11_f0_dB,AbsS11_f0_dB,AbsS11_f0_Linear,S11_Source,PeakGain_dBi,PeakRealizedGain_dBi,FrontToBackRatio_dB,Gmain_Source,Ldir,Ldri,L1,Sdir,Sref,Wdri,SimulationIndex,SimulationID
2.25,2.25,2.25,-1.77834672573646,-1.77834672573646,1.77834672573646,0.814859369783713,ATK_OBJ_S11_F0,4.89325839049767,0.15670554749237,14.4341913094897,ATK_OBJ_PeakGain,17.1331371978195,43.0336386912068,16.4911459031161,16.005713401109,21.1723844382821,4.1619344358797,105,sim_105
