SimulationIndex,SimulationID,f0_GHz,S11ReportFreq_GHz,S11SweepSampleFreq_GHz,S11SweepSample_dB,S11_Source,Gmain_Source,MainPlane,Gmain_dBi,Gmain_Cut_dBi,PeakGain_dBi,PeakRealizedGain_dBi,FrontToBackRatio_dB,SLL_dB,HPBW_deg,SideLobeSuppression_dB,MainLobeTheta_deg,SideLobeTheta_deg,SideLobeGain_dBi,S11_f0_dB,AbsS11_f0_dB,AbsS11_f0_Linear,Objective1_Neg_Gmain,Objective2_SLL,Objective3_HPBW,Objective4_AbsS11,Gmain_Phi0_dBi,SLL_Phi0_dB,HPBW_Phi0_deg,Gmain_Phi90_dBi,SLL_Phi90_dB,HPBW_Phi90_deg,Ldir,Ldri,L1,Sdir,Sref,Wdri
59,sim_059,2.25,2.25,2.25,-4.12906893843479,ATK_OBJ_S11_F0,ATK_OBJ_PeakGain,Phi0,4.04435735367187,3.70630079925068,4.04435735367187,1.92285825233005,22.4295802691214,-0.0234238915075999,NaN,0.0234238915075999,0,2,3.68287690774308,-4.12906893843479,4.12906893843479,0.621650880445978,-4.04435735367187,-0.0234238915075999,NaN,0.621650880445978,3.70630079925068,-0.0234238915075999,NaN,3.70630079925067,-10.9088094363437,NaN,15.4100004487118,44.0901154197063,17.6150104011185,17.9535583712778,19.1965223041999,4.37807586958883
