f0_GHz,S11ReportFreq_GHz,S11SweepSampleFreq_GHz,S11SweepSample_dB,S11_f0_dB,AbsS11_f0_dB,AbsS11_f0_Linear,S11_Source,PeakGain_dBi,PeakRealizedGain_dBi,FrontToBackRatio_dB,Gmain_Source,Ldir,Ldri,L1,Sdir,Sref,Wdri,SimulationIndex,SimulationID
2.25,2.25,2.25,-3.56809083015512,-3.56809083015512,3.56809083015512,0.663125087410287,ATK_OBJ_S11_F0,3.49281209707996,0.976747942717408,10.7401606300796,ATK_OBJ_PeakGain,17.2544487918473,41.0114470148242,17.7940867924897,14.414852007714,16.9741533726212,2.77646956855777,85,sim_085
