SimulationIndex,SimulationID,f0_GHz,S11ReportFreq_GHz,S11SweepSampleFreq_GHz,S11SweepSample_dB,S11_Source,Gmain_Source,MainPlane,Gmain_dBi,Gmain_Cut_dBi,PeakGain_dBi,PeakRealizedGain_dBi,FrontToBackRatio_dB,SLL_dB,HPBW_deg,SideLobeSuppression_dB,MainLobeTheta_deg,SideLobeTheta_deg,SideLobeGain_dBi,S11_f0_dB,AbsS11_f0_dB,AbsS11_f0_Linear,Objective1_Neg_Gmain,Objective2_SLL,Objective3_HPBW,Objective4_AbsS11,Gmain_Phi0_dBi,SLL_Phi0_dB,HPBW_Phi0_deg,Gmain_Phi90_dBi,SLL_Phi90_dB,HPBW_Phi90_deg,Ldir,Ldri,L1,Sdir,Sref,Wdri
93,sim_093,2.25,2.25,2.25,-1.16905736194209,ATK_OBJ_S11_F0,ATK_OBJ_PeakGain,Phi90,5.19749021151021,4.88717998563797,5.19749021151021,-1.07341906382479,10.7328062209407,-11.2699455460132,NaN,11.2699455460132,26,134,-6.38276556037522,-1.16905736194209,1.16905736194209,0.874071846280289,-5.19749021151021,-11.2699455460132,NaN,0.874071846280289,4.13449881090519,-0.0355570073101701,NaN,4.88717998563797,-11.2699455460132,NaN,18.4086478300757,46.7362693979569,17.76354247509,13.890039017061,21.6137192616165,3.22862731958291
