f0_GHz,S11ReportFreq_GHz,S11SweepSampleFreq_GHz,S11SweepSample_dB,S11_f0_dB,AbsS11_f0_dB,AbsS11_f0_Linear,S11_Source,PeakGain_dBi,PeakRealizedGain_dBi,FrontToBackRatio_dB,Gmain_Source,Ldir,Ldri,L1,Sdir,Sref,Wdri,SimulationIndex,SimulationID
2.25,2.25,2.25,-4.33870527673074,-4.33870527673074,4.33870527673074,0.606826776765195,ATK_OBJ_S11_F0,3.64025357118602,1.64578350354762,10.5216735571986,ATK_OBJ_PeakGain,14.6771888461129,40.8929682096506,16.66165185454,16.0610156971595,16.7386858845653,3.0502577254265,64,sim_064
