f0_GHz,S11ReportFreq_GHz,S11SweepSampleFreq_GHz,S11SweepSample_dB,S11_f0_dB,AbsS11_f0_dB,AbsS11_f0_Linear,S11_Source,PeakGain_dBi,PeakRealizedGain_dBi,FrontToBackRatio_dB,Gmain_Source,Ldir,Ldri,L1,Sdir,Sref,Wdri,SimulationIndex,SimulationID
2.25,2.25,2.25,-4.40153206033794,-4.40153206033794,4.40153206033794,0.602453312995749,ATK_OBJ_S11_F0,4.09139452147779,2.13312976053023,20.1470445557356,ATK_OBJ_PeakGain,15.8244349346803,41.7505944028418,15.8949169496869,16.8615101996022,20.359282252174,3.31607522840624,11,sim_011
