SimulationIndex,SimulationID,f0_GHz,S11ReportFreq_GHz,S11SweepSampleFreq_GHz,S11SweepSample_dB,S11_Source,Gmain_Source,MainPlane,Gmain_dBi,Gmain_Cut_dBi,PeakGain_dBi,PeakRealizedGain_dBi,FrontToBackRatio_dB,SLL_dB,HPBW_deg,SideLobeSuppression_dB,MainLobeTheta_deg,SideLobeTheta_deg,SideLobeGain_dBi,S11_f0_dB,AbsS11_f0_dB,AbsS11_f0_Linear,Objective1_Neg_Gmain,Objective2_SLL,Objective3_HPBW,Objective4_AbsS11,Gmain_Phi0_dBi,SLL_Phi0_dB,HPBW_Phi0_deg,Gmain_Phi90_dBi,SLL_Phi90_dB,HPBW_Phi90_deg,Ldir,Ldri,L1,Sdir,Sref,Wdri
147,sim_147,2.25,2.25,2.25,-3.32936568896391,ATK_OBJ_S11_F0,ATK_OBJ_PeakGain,Phi90,4.10427914265063,3.48387715889945,4.10427914265063,1.39119969049023,11.4167519878347,-10.4526615183781,NaN,10.4526615183781,0,140,-6.96878435947863,-3.32936568896391,3.32936568896391,0.681603348872831,-4.10427914265063,-10.4526615183781,NaN,0.681603348872831,3.48387715889945,-0.02442063969022,NaN,3.48387715889945,-10.4526615183781,NaN,14.6328952907374,43.1411209699696,16.3498469020877,14.9782443421451,21.0896483141777,4.45688513593725
