f0_GHz,S11ReportFreq_GHz,S11SweepSampleFreq_GHz,S11SweepSample_dB,S11_f0_dB,AbsS11_f0_dB,AbsS11_f0_Linear,S11_Source,PeakGain_dBi,PeakRealizedGain_dBi,FrontToBackRatio_dB,Gmain_Source,Ldir,Ldri,L1,Sdir,Sref,Wdri,SimulationIndex,SimulationID
2.25,2.25,2.25,-3.55066652010686,-3.55066652010686,3.55066652010686,0.6644566832279,ATK_OBJ_S11_F0,4.18603471776254,1.65624562209481,18.5583502172897,ATK_OBJ_PeakGain,18.0419346005156,40.1461987636826,16.2554190844135,15.5489266615245,22.3145700175178,3.71895338207218,82,sim_082
