SimulationIndex,SimulationID,f0_GHz,S11ReportFreq_GHz,S11SweepSampleFreq_GHz,S11SweepSample_dB,S11_Source,Gmain_Source,MainPlane,Gmain_dBi,Gmain_Cut_dBi,PeakGain_dBi,PeakRealizedGain_dBi,FrontToBackRatio_dB,SLL_dB,HPBW_deg,SideLobeSuppression_dB,MainLobeTheta_deg,SideLobeTheta_deg,SideLobeGain_dBi,S11_f0_dB,AbsS11_f0_dB,AbsS11_f0_Linear,Objective1_Neg_Gmain,Objective2_SLL,Objective3_HPBW,Objective4_AbsS11,Gmain_Phi0_dBi,SLL_Phi0_dB,HPBW_Phi0_deg,Gmain_Phi90_dBi,SLL_Phi90_dB,HPBW_Phi90_deg,Ldir,Ldri,L1,Sdir,Sref,Wdri
19,sim_019,2.25,2.25,2.25,-3.30696701756812,ATK_OBJ_S11_F0,ATK_OBJ_PeakGain,Phi90,4.19630432605927,3.45093926324135,4.19630432605927,1.4636954174267,10.7899523884247,-10.9656838678526,NaN,10.9656838678526,0,142,-7.51474460461129,-3.30696701756812,3.30696701756812,0.683363296540154,-4.19630432605927,-10.9656838678526,NaN,0.683363296540154,3.45093926324135,-0.0245764819188801,NaN,3.45093926324135,-10.9656838678526,NaN,16.4360202924554,43.6761196855517,16.889032775409,13.3565398139625,21.2206234939817,4.07379580657954
