f0_GHz,S11ReportFreq_GHz,S11SweepSampleFreq_GHz,S11SweepSample_dB,S11_f0_dB,AbsS11_f0_dB,AbsS11_f0_Linear,S11_Source,PeakGain_dBi,PeakRealizedGain_dBi,FrontToBackRatio_dB,Gmain_Source,Ldir,Ldri,L1,Sdir,Sref,Wdri,SimulationIndex,SimulationID
2.25,2.25,2.25,-5.77701020961643,-5.77701020961643,5.77701020961643,0.514220622205776,ATK_OBJ_S11_F0,4.27830310781679,2.94458541617625,10.1121892237123,ATK_OBJ_PeakGain,15.3355760448365,46.4326277380275,14.9080698228625,13.5218074365274,20.136888075959,2.81411899826293,197,sim_197
