SimulationIndex,SimulationID,f0_GHz,S11ReportFreq_GHz,S11SweepSampleFreq_GHz,S11SweepSample_dB,S11_Source,Gmain_Source,MainPlane,Gmain_dBi,Gmain_Cut_dBi,PeakGain_dBi,PeakRealizedGain_dBi,FrontToBackRatio_dB,SLL_dB,HPBW_deg,SideLobeSuppression_dB,MainLobeTheta_deg,SideLobeTheta_deg,SideLobeGain_dBi,S11_f0_dB,AbsS11_f0_dB,AbsS11_f0_Linear,Objective1_Neg_Gmain,Objective2_SLL,Objective3_HPBW,Objective4_AbsS11,Gmain_Phi0_dBi,SLL_Phi0_dB,HPBW_Phi0_deg,Gmain_Phi90_dBi,SLL_Phi90_dB,HPBW_Phi90_deg,Ldir,Ldri,L1,Sdir,Sref,Wdri
130,sim_130,2.25,2.25,2.25,-3.40793443208472,ATK_OBJ_S11_F0,ATK_OBJ_PeakGain,Phi90,4.39679219837991,3.68906061116639,4.39679219837991,1.75075402525246,12.6813327296349,-13.8882454899808,NaN,13.8882454899808,22,142,-10.1991848788144,-3.40793443208472,3.40793443208472,0.675465665559485,-4.39679219837991,-13.8882454899808,NaN,0.675465665559485,3.55909730583149,-0.03292268960351,NaN,3.68906061116639,-13.8882454899808,NaN,15.5907825293009,46.9766232491708,18.0387205465338,12.417272945634,21.7143088437223,2.28996598677622
