SimulationIndex,SimulationID,f0_GHz,S11ReportFreq_GHz,S11SweepSampleFreq_GHz,S11SweepSample_dB,S11_Source,Gmain_Source,MainPlane,Gmain_dBi,Gmain_Cut_dBi,PeakGain_dBi,PeakRealizedGain_dBi,FrontToBackRatio_dB,SLL_dB,HPBW_deg,SideLobeSuppression_dB,MainLobeTheta_deg,SideLobeTheta_deg,SideLobeGain_dBi,S11_f0_dB,AbsS11_f0_dB,AbsS11_f0_Linear,Objective1_Neg_Gmain,Objective2_SLL,Objective3_HPBW,Objective4_AbsS11,Gmain_Phi0_dBi,SLL_Phi0_dB,HPBW_Phi0_deg,Gmain_Phi90_dBi,SLL_Phi90_dB,HPBW_Phi90_deg,Ldir,Ldri,L1,Sdir,Sref,Wdri
37,sim_037,2.25,2.25,2.25,-3.7452541183873,ATK_OBJ_S11_F0,ATK_OBJ_PeakGain,Phi90,4.5989611558303,4.04589830893311,4.5989611558303,2.21705538774986,15.1260636072925,-12.8347526970574,NaN,12.8347526970574,16,140,-8.7888543881243,-3.7452541183873,3.7452541183873,0.649736544035722,-4.5989611558303,-12.8347526970574,NaN,0.649736544035722,3.92976487646119,-0.0300849785021198,NaN,4.04589830893311,-12.8347526970574,NaN,16.6607547773248,46.6893376297159,15.9827573798483,15.2442946806625,21.7938369527817,3.39102756455698
