f0_GHz,S11ReportFreq_GHz,S11SweepSampleFreq_GHz,S11SweepSample_dB,S11_f0_dB,AbsS11_f0_dB,AbsS11_f0_Linear,S11_Source,PeakGain_dBi,PeakRealizedGain_dBi,FrontToBackRatio_dB,Gmain_Source,Ldir,Ldri,L1,Sdir,Sref,Wdri,SimulationIndex,SimulationID
2.25,2.25,2.25,-3.29738829716231,-3.29738829716231,3.29738829716231,0.684117319081064,ATK_OBJ_S11_F0,3.9100136906604,1.16899526376616,14.8778681178018,ATK_OBJ_PeakGain,17.4604502518548,42.5567966160139,17.876734455635,14.7151319358028,19.7107545150429,4.08138882963679,172,sim_172
