SimulationIndex,SimulationID,f0_GHz,S11ReportFreq_GHz,S11SweepSampleFreq_GHz,S11SweepSample_dB,S11_Source,Gmain_Source,MainPlane,Gmain_dBi,Gmain_Cut_dBi,PeakGain_dBi,PeakRealizedGain_dBi,FrontToBackRatio_dB,SLL_dB,HPBW_deg,SideLobeSuppression_dB,MainLobeTheta_deg,SideLobeTheta_deg,SideLobeGain_dBi,S11_f0_dB,AbsS11_f0_dB,AbsS11_f0_Linear,Objective1_Neg_Gmain,Objective2_SLL,Objective3_HPBW,Objective4_AbsS11,Gmain_Phi0_dBi,SLL_Phi0_dB,HPBW_Phi0_deg,Gmain_Phi90_dBi,SLL_Phi90_dB,HPBW_Phi90_deg,Ldir,Ldri,L1,Sdir,Sref,Wdri
166,sim_166,2.25,2.25,2.25,-2.05872814872947,ATK_OBJ_S11_F0,ATK_OBJ_PeakGain,Phi90,4.66065012261458,4.0571943064488,4.66065012261458,0.430020369489093,12.0681687565287,-11.1533088157828,NaN,11.1533088157828,28,140,-7.09611450933401,-2.05872814872947,2.05872814872947,0.788975636724189,-4.66065012261458,-11.1533088157828,NaN,0.788975636724189,3.68751279960466,-0.0369459596789703,NaN,4.0571943064488,-11.1533088157828,NaN,14.8821553803049,45.1144760932924,17.6848180999424,14.0328463855701,22.0604004525376,3.54264277284235
