SimulationIndex,SimulationID,f0_GHz,S11ReportFreq_GHz,S11SweepSampleFreq_GHz,S11SweepSample_dB,S11_Source,Gmain_Source,MainPlane,Gmain_dBi,Gmain_Cut_dBi,PeakGain_dBi,PeakRealizedGain_dBi,FrontToBackRatio_dB,SLL_dB,HPBW_deg,SideLobeSuppression_dB,MainLobeTheta_deg,SideLobeTheta_deg,SideLobeGain_dBi,S11_f0_dB,AbsS11_f0_dB,AbsS11_f0_Linear,Objective1_Neg_Gmain,Objective2_SLL,Objective3_HPBW,Objective4_AbsS11,Gmain_Phi0_dBi,SLL_Phi0_dB,HPBW_Phi0_deg,Gmain_Phi90_dBi,SLL_Phi90_dB,HPBW_Phi90_deg,Ldir,Ldri,L1,Sdir,Sref,Wdri
190,sim_190,2.25,2.25,2.25,-3.41408407463827,ATK_OBJ_S11_F0,ATK_OBJ_PeakGain,Phi90,4.16201316015495,3.69604428572396,4.16201316015495,1.52112840188586,14.3657417307056,-12.1005648748822,NaN,12.1005648748822,0,144,-8.40452058915825,-3.41408407463827,3.41408407463827,0.674987602581282,-4.16201316015495,-12.1005648748822,NaN,0.674987602581282,3.69604428572396,-0.0240928667674303,NaN,3.69604428572396,-12.1005648748822,NaN,17.8363996244556,43.603970948378,17.4924055685414,13.9791449891493,21.1950660184623,3.18855811485772
