f0_GHz,S11ReportFreq_GHz,S11SweepSampleFreq_GHz,S11SweepSample_dB,S11_f0_dB,AbsS11_f0_dB,AbsS11_f0_Linear,S11_Source,PeakGain_dBi,PeakRealizedGain_dBi,FrontToBackRatio_dB,Gmain_Source,Ldir,Ldri,L1,Sdir,Sref,Wdri,SimulationIndex,SimulationID
2.25,2.25,2.25,-5.49437905771395,-5.49437905771395,5.49437905771395,0.531228109267325,ATK_OBJ_S11_F0,3.81150386818091,2.37151841727596,8.93834963818514,ATK_OBJ_PeakGain,16.0874481948011,44.1509023972618,16.392578478773,13.6488467571931,19.2715857341568,2.24544853998609,113,sim_113
