SimulationIndex,SimulationID,f0_GHz,S11ReportFreq_GHz,S11SweepSampleFreq_GHz,S11SweepSample_dB,S11_Source,Gmain_Source,MainPlane,Gmain_dBi,Gmain_Cut_dBi,PeakGain_dBi,PeakRealizedGain_dBi,FrontToBackRatio_dB,SLL_dB,HPBW_deg,SideLobeSuppression_dB,MainLobeTheta_deg,SideLobeTheta_deg,SideLobeGain_dBi,S11_f0_dB,AbsS11_f0_dB,AbsS11_f0_Linear,Objective1_Neg_Gmain,Objective2_SLL,Objective3_HPBW,Objective4_AbsS11,Gmain_Phi0_dBi,SLL_Phi0_dB,HPBW_Phi0_deg,Gmain_Phi90_dBi,SLL_Phi90_dB,HPBW_Phi90_deg,Ldir,Ldri,L1,Sdir,Sref,Wdri
30,sim_030,2.25,2.25,2.25,-4.05668077070838,ATK_OBJ_S11_F0,ATK_OBJ_PeakGain,Phi90,3.36923037462337,3.05315722146122,3.36923037462337,1.20150977049649,10.7207392543484,-9.95561611693989,NaN,9.95561611693989,0,156,-6.90245889547867,-4.05668077070838,4.05668077070838,0.626853364900131,-3.36923037462337,-9.95561611693989,NaN,0.626853364900131,3.05315722146122,-0.0168841022258102,NaN,3.05315722146122,-9.95561611693989,NaN,16.3046318877342,43.6622319270901,18.1603635506727,14.9285217051436,16.6789083660285,3.04777907777732
