f0_GHz,S11ReportFreq_GHz,S11SweepSampleFreq_GHz,S11SweepSample_dB,S11_f0_dB,AbsS11_f0_dB,AbsS11_f0_Linear,S11_Source,PeakGain_dBi,PeakRealizedGain_dBi,FrontToBackRatio_dB,Gmain_Source,Ldir,Ldri,L1,Sdir,Sref,Wdri,SimulationIndex,SimulationID
2.25,2.25,2.25,-5.49117705479209,-5.49117705479209,5.49117705479209,0.53142397953488,ATK_OBJ_S11_F0,3.62041815178253,2.17917317977656,14.9692049260877,ATK_OBJ_PeakGain,17.6852374236774,46.9372961475563,17.3923288697017,16.4375046381076,17.1473321662858,2.30456290781632,42,sim_042
