f0_GHz,S11ReportFreq_GHz,S11SweepSampleFreq_GHz,S11SweepSample_dB,S11_f0_dB,AbsS11_f0_dB,AbsS11_f0_Linear,S11_Source,PeakGain_dBi,PeakRealizedGain_dBi,FrontToBackRatio_dB,Gmain_Source,Ldir,Ldri,L1,Sdir,Sref,Wdri,SimulationIndex,SimulationID
2.25,2.25,2.25,-5.62542906970639,-5.62542906970639,5.62542906970639,0.523273265141474,ATK_OBJ_S11_F0,3.85583477434256,2.46630805180597,8.10533994085501,ATK_OBJ_PeakGain,16.5052145599811,44.7879636097584,14.6746210165945,12.6493660351794,17.7337660869406,4.19183127488204,170,sim_170
