SimulationIndex,SimulationID,f0_GHz,S11ReportFreq_GHz,S11SweepSampleFreq_GHz,S11SweepSample_dB,S11_Source,Gmain_Source,MainPlane,Gmain_dBi,Gmain_Cut_dBi,PeakGain_dBi,PeakRealizedGain_dBi,FrontToBackRatio_dB,SLL_dB,HPBW_deg,SideLobeSuppression_dB,MainLobeTheta_deg,SideLobeTheta_deg,SideLobeGain_dBi,S11_f0_dB,AbsS11_f0_dB,AbsS11_f0_Linear,Objective1_Neg_Gmain,Objective2_SLL,Objective3_HPBW,Objective4_AbsS11,Gmain_Phi0_dBi,SLL_Phi0_dB,HPBW_Phi0_deg,Gmain_Phi90_dBi,SLL_Phi90_dB,HPBW_Phi90_deg,Ldir,Ldri,L1,Sdir,Sref,Wdri
81,sim_081,2.25,2.25,2.25,-3.11220463605201,ATK_OBJ_S11_F0,ATK_OBJ_PeakGain,Phi90,3.90134987109962,3.39802954331066,3.90134987109962,0.990618177631033,14.144070384752,-10.5730673224019,NaN,10.5730673224019,0,146,-7.1750377790912,-3.11220463605201,3.11220463605201,0.698859331097155,-3.90134987109962,-10.5730673224019,NaN,0.698859331097155,3.39802954331066,-0.0263183850659003,NaN,3.39802954331066,-10.5730673224019,NaN,17.1904329968493,42.2768983819554,18.4584466399559,14.6177184835431,20.1946715949106,3.82063163280569
