f0_GHz,S11ReportFreq_GHz,S11SweepSampleFreq_GHz,S11SweepSample_dB,S11_f0_dB,AbsS11_f0_dB,AbsS11_f0_Linear,S11_Source,PeakGain_dBi,PeakRealizedGain_dBi,FrontToBackRatio_dB,Gmain_Source,Ldir,Ldri,L1,Sdir,Sref,Wdri,SimulationIndex,SimulationID
2.25,2.25,2.25,-4.51673055275795,-4.51673055275795,4.51673055275795,0.594515897653078,ATK_OBJ_S11_F0,4.23086742206562,2.33689427483723,20.0200486127134,ATK_OBJ_PeakGain,16.9746066172571,41.3667336402665,14.8397220848379,16.5501349869897,21.5830966434712,3.14075639383854,22,sim_022
