SimulationIndex,SimulationID,f0_GHz,S11ReportFreq_GHz,S11SweepSampleFreq_GHz,S11SweepSample_dB,S11_Source,Gmain_Source,MainPlane,Gmain_dBi,Gmain_Cut_dBi,PeakGain_dBi,PeakRealizedGain_dBi,FrontToBackRatio_dB,SLL_dB,HPBW_deg,SideLobeSuppression_dB,MainLobeTheta_deg,SideLobeTheta_deg,SideLobeGain_dBi,S11_f0_dB,AbsS11_f0_dB,AbsS11_f0_Linear,Objective1_Neg_Gmain,Objective2_SLL,Objective3_HPBW,Objective4_AbsS11,Gmain_Phi0_dBi,SLL_Phi0_dB,HPBW_Phi0_deg,Gmain_Phi90_dBi,SLL_Phi90_dB,HPBW_Phi90_deg,Ldir,Ldri,L1,Sdir,Sref,Wdri
80,sim_080,2.25,2.25,2.25,-3.68857510798141,ATK_OBJ_S11_F0,ATK_OBJ_PeakGain,Phi90,4.13183834892184,3.99902159062083,4.13183834892184,1.70805160206786,39.897174423278,-11.3873686698612,NaN,11.3873686698612,0,148,-7.38834707924033,-3.68857510798141,3.68857510798141,0.653990206177163,-4.13183834892184,-11.3873686698612,NaN,0.653990206177163,3.99902159062082,-19.5553475002092,NaN,3.99902159062083,-11.3873686698612,NaN,17.741428909292,43.4106109326819,18.2768642667602,17.9228819201126,19.9025587624291,3.85917177666579
