SimulationIndex,SimulationID,f0_GHz,S11ReportFreq_GHz,S11SweepSampleFreq_GHz,S11SweepSample_dB,S11_Source,Gmain_Source,MainPlane,Gmain_dBi,Gmain_Cut_dBi,PeakGain_dBi,PeakRealizedGain_dBi,FrontToBackRatio_dB,SLL_dB,HPBW_deg,SideLobeSuppression_dB,MainLobeTheta_deg,SideLobeTheta_deg,SideLobeGain_dBi,S11_f0_dB,AbsS11_f0_dB,AbsS11_f0_Linear,Objective1_Neg_Gmain,Objective2_SLL,Objective3_HPBW,Objective4_AbsS11,Gmain_Phi0_dBi,SLL_Phi0_dB,HPBW_Phi0_deg,Gmain_Phi90_dBi,SLL_Phi90_dB,HPBW_Phi90_deg,Ldir,Ldri,L1,Sdir,Sref,Wdri
4,sim_004,2.25,2.25,2.25,-3.5700707774282,ATK_OBJ_S11_F0,ATK_OBJ_PeakGain,Phi90,4.11883963664428,3.37458702363231,4.11883963664428,1.60432885006279,9.72525944580143,-11.5182512545744,NaN,11.5182512545744,0,144,-8.14366423094213,-3.5700707774282,3.5700707774282,0.662973945370621,-4.11883963664428,-11.5182512545744,NaN,0.662973945370621,3.37458702363231,-0.0296632464602999,NaN,3.37458702363231,-11.5182512545744,NaN,14.6422223844688,44.6105413149361,18.1869487529116,13.8283564046151,20.5293332891881,3.27838539377689
