SimulationIndex,SimulationID,f0_GHz,S11ReportFreq_GHz,S11SweepSampleFreq_GHz,S11SweepSample_dB,S11_Source,Gmain_Source,MainPlane,Gmain_dBi,Gmain_Cut_dBi,PeakGain_dBi,PeakRealizedGain_dBi,FrontToBackRatio_dB,SLL_dB,HPBW_deg,SideLobeSuppression_dB,MainLobeTheta_deg,SideLobeTheta_deg,SideLobeGain_dBi,S11_f0_dB,AbsS11_f0_dB,AbsS11_f0_Linear,Objective1_Neg_Gmain,Objective2_SLL,Objective3_HPBW,Objective4_AbsS11,Gmain_Phi0_dBi,SLL_Phi0_dB,HPBW_Phi0_deg,Gmain_Phi90_dBi,SLL_Phi90_dB,HPBW_Phi90_deg,Ldir,Ldri,L1,Sdir,Sref,Wdri
141,sim_141,2.25,2.25,2.25,-0.663927877714498,ATK_OBJ_S11_F0,ATK_OBJ_PeakGain,Phi90,5.13247073121048,4.88353226200953,5.13247073121048,-3.35189901401051,8.48692174498946,-7.77158184628145,NaN,7.77158184628145,30,132,-2.88804958427192,-0.663927877714498,0.663927877714498,0.926410793049921,-5.13247073121048,-7.77158184628145,NaN,0.926410793049921,3.38619142717596,-0.0375151084741803,NaN,4.88353226200953,-7.77158184628145,NaN,14.5038086653436,44.3716797160478,17.0509861706604,16.1756313884573,18.1270434792199,2.45131951413419
