f0_GHz,S11ReportFreq_GHz,S11SweepSampleFreq_GHz,S11SweepSample_dB,S11_f0_dB,AbsS11_f0_dB,AbsS11_f0_Linear,S11_Source,PeakGain_dBi,PeakRealizedGain_dBi,FrontToBackRatio_dB,Gmain_Source,Ldir,Ldri,L1,Sdir,Sref,Wdri,SimulationIndex,SimulationID
2.25,2.25,2.25,-5.97140632847625,-5.97140632847625,5.97140632847625,0.502839844686587,ATK_OBJ_S11_F0,4.19984818422889,2.93393834405826,8.67723763854444,ATK_OBJ_PeakGain,15.7361097884906,44.8712160861177,14.8743914026972,12.2171787181858,20.3137207774994,2.33351848142745,65,sim_065
