SimulationIndex,SimulationID,f0_GHz,S11ReportFreq_GHz,S11SweepSampleFreq_GHz,S11SweepSample_dB,S11_Source,Gmain_Source,MainPlane,Gmain_dBi,Gmain_Cut_dBi,PeakGain_dBi,PeakRealizedGain_dBi,FrontToBackRatio_dB,SLL_dB,HPBW_deg,SideLobeSuppression_dB,MainLobeTheta_deg,SideLobeTheta_deg,SideLobeGain_dBi,S11_f0_dB,AbsS11_f0_dB,AbsS11_f0_Linear,Objective1_Neg_Gmain,Objective2_SLL,Objective3_HPBW,Objective4_AbsS11,Gmain_Phi0_dBi,SLL_Phi0_dB,HPBW_Phi0_deg,Gmain_Phi90_dBi,SLL_Phi90_dB,HPBW_Phi90_deg,Ldir,Ldri,L1,Sdir,Sref,Wdri
137,sim_137,2.25,2.25,2.25,-5.15553865192746,ATK_OBJ_S11_F0,ATK_OBJ_PeakGain,Phi90,4.12692936494301,3.94190388110179,4.12692936494301,2.54613523917325,22.2701575186266,-11.2002127733849,NaN,11.2002127733849,0,148,-7.25830889228316,-5.15553865192746,5.15553865192746,0.552361076578775,-4.12692936494301,-11.2002127733849,NaN,0.552361076578775,3.94190388110179,-17.9841280052,NaN,3.94190388110179,-11.2002127733849,NaN,17.5406520164106,45.9720874499725,16.7167044102096,17.595972794475,18.5561580431609,4.27614839791589
