f0_GHz,S11ReportFreq_GHz,S11SweepSampleFreq_GHz,S11SweepSample_dB,S11_f0_dB,AbsS11_f0_dB,AbsS11_f0_Linear,S11_Source,PeakGain_dBi,PeakRealizedGain_dBi,FrontToBackRatio_dB,Gmain_Source,Ldir,Ldri,L1,Sdir,Sref,Wdri,SimulationIndex,SimulationID
2.25,2.25,2.25,-0.589678734513247,-0.589678734513247,0.589678734513247,0.934363926989121,ATK_OBJ_S11_F0,5.31032437921918,-3.65286787999376,6.11497524020568,ATK_OBJ_PeakGain,17.5834224213271,40.4116499060342,18.1149964441872,15.2109953821786,21.0115370068353,2.85867303963665,136,sim_136
