f0_GHz,S11ReportFreq_GHz,S11SweepSampleFreq_GHz,S11SweepSample_dB,S11_f0_dB,AbsS11_f0_dB,AbsS11_f0_Linear,S11_Source,PeakGain_dBi,PeakRealizedGain_dBi,FrontToBackRatio_dB,Gmain_Source,Ldir,Ldri,L1,Sdir,Sref,Wdri,SimulationIndex,SimulationID
2.25,2.25,2.25,-6.02991488997297,-6.02991488997297,6.02991488997297,0.499464074259907,ATK_OBJ_S11_F0,3.64746072137477,2.40117391297321,14.5027015670276,ATK_OBJ_PeakGain,17.2005844055512,46.1115149696691,15.5445542565205,16.2771484717621,16.9434133783829,2.3738565737356,20,sim_020
