SimulationIndex,SimulationID,f0_GHz,S11ReportFreq_GHz,S11SweepSampleFreq_GHz,S11SweepSample_dB,S11_Source,Gmain_Source,MainPlane,Gmain_dBi,Gmain_Cut_dBi,PeakGain_dBi,PeakRealizedGain_dBi,FrontToBackRatio_dB,SLL_dB,HPBW_deg,SideLobeSuppression_dB,MainLobeTheta_deg,SideLobeTheta_deg,SideLobeGain_dBi,S11_f0_dB,AbsS11_f0_dB,AbsS11_f0_Linear,Objective1_Neg_Gmain,Objective2_SLL,Objective3_HPBW,Objective4_AbsS11,Gmain_Phi0_dBi,SLL_Phi0_dB,HPBW_Phi0_deg,Gmain_Phi90_dBi,SLL_Phi90_dB,HPBW_Phi90_deg,Ldir,Ldri,L1,Sdir,Sref,Wdri
175,sim_175,2.25,2.25,2.25,-3.49992564534777,ATK_OBJ_S11_F0,ATK_OBJ_PeakGain,Phi90,4.1737366730149,3.57519714154827,4.1737366730149,1.60341213495096,15.3506770003323,-11.2498601966487,NaN,11.2498601966487,0,142,-7.67466305510039,-3.49992564534777,3.49992564534777,0.668349638881495,-4.1737366730149,-11.2498601966487,NaN,0.668349638881495,3.57519714154826,-0.0252191724499999,NaN,3.57519714154827,-11.2498601966487,NaN,15.6432296948862,40.692942280244,17.2273231360091,15.604435484041,22.2834412200083,3.03155925204927
