f0_GHz,S11ReportFreq_GHz,S11SweepSampleFreq_GHz,S11SweepSample_dB,S11_f0_dB,AbsS11_f0_dB,AbsS11_f0_Linear,S11_Source,PeakGain_dBi,PeakRealizedGain_dBi,FrontToBackRatio_dB,Gmain_Source,Ldir,Ldri,L1,Sdir,Sref,Wdri,SimulationIndex,SimulationID
2.25,2.25,2.25,-4.35782698473867,-4.35782698473867,4.35782698473867,0.605492336443088,ATK_OBJ_S11_F0,3.75249113268142,1.76912794209441,11.2493891879504,ATK_OBJ_PeakGain,16.0468775400823,41.1809438917326,16.8269756961702,17.8286228180245,17.3506951085138,2.39362393953017,164,sim_164
