f0_GHz,S11ReportFreq_GHz,S11SweepSampleFreq_GHz,S11SweepSample_dB,S11_f0_dB,AbsS11_f0_dB,AbsS11_f0_Linear,S11_Source,PeakGain_dBi,PeakRealizedGain_dBi,FrontToBackRatio_dB,Gmain_Source,Ldir,Ldri,L1,Sdir,Sref,Wdri,SimulationIndex,SimulationID
2.25,2.25,2.25,-3.7452541183873,-3.7452541183873,3.7452541183873,0.649736544035722,ATK_OBJ_S11_F0,4.5989611558303,2.21705538774986,15.1260636072925,ATK_OBJ_PeakGain,16.6607547773248,46.6893376297159,15.9827573798483,15.2442946806625,21.7938369527817,3.39102756455698,37,sim_037
