SimulationIndex,SimulationID,f0_GHz,S11ReportFreq_GHz,S11SweepSampleFreq_GHz,S11SweepSample_dB,S11_Source,Gmain_Source,MainPlane,Gmain_dBi,Gmain_Cut_dBi,PeakGain_dBi,PeakRealizedGain_dBi,FrontToBackRatio_dB,SLL_dB,HPBW_deg,SideLobeSuppression_dB,MainLobeTheta_deg,SideLobeTheta_deg,SideLobeGain_dBi,S11_f0_dB,AbsS11_f0_dB,AbsS11_f0_Linear,Objective1_Neg_Gmain,Objective2_SLL,Objective3_HPBW,Objective4_AbsS11,Gmain_Phi0_dBi,SLL_Phi0_dB,HPBW_Phi0_deg,Gmain_Phi90_dBi,SLL_Phi90_dB,HPBW_Phi90_deg,Ldir,Ldri,L1,Sdir,Sref,Wdri
27,sim_027,2.25,2.25,2.25,-4.49423535643283,ATK_OBJ_S11_F0,ATK_OBJ_PeakGain,Phi90,3.7759260098253,3.50183522443686,3.7759260098253,1.86960600357782,14.0161140508804,-9.72253865536046,NaN,9.72253865536046,0,148,-6.2207034309236,-4.49423535643283,4.49423535643283,0.596057603269253,-3.7759260098253,-9.72253865536046,NaN,0.596057603269253,3.50183522443685,-15.6763940339755,NaN,3.50183522443686,-9.72253865536046,NaN,16.8192617707857,41.6851280218715,15.419782898194,17.160588632003,17.6472325216551,3.9393216512437
