SimulationIndex,SimulationID,f0_GHz,S11ReportFreq_GHz,S11SweepSampleFreq_GHz,S11SweepSample_dB,S11_Source,Gmain_Source,MainPlane,Gmain_dBi,Gmain_Cut_dBi,PeakGain_dBi,PeakRealizedGain_dBi,FrontToBackRatio_dB,SLL_dB,HPBW_deg,SideLobeSuppression_dB,MainLobeTheta_deg,SideLobeTheta_deg,SideLobeGain_dBi,S11_f0_dB,AbsS11_f0_dB,AbsS11_f0_Linear,Objective1_Neg_Gmain,Objective2_SLL,Objective3_HPBW,Objective4_AbsS11,Gmain_Phi0_dBi,SLL_Phi0_dB,HPBW_Phi0_deg,Gmain_Phi90_dBi,SLL_Phi90_dB,HPBW_Phi90_deg,Ldir,Ldri,L1,Sdir,Sref,Wdri
101,sim_101,2.25,2.25,2.25,-7.02785749975873,ATK_OBJ_S11_F0,ATK_OBJ_PeakGain,Phi90,3.94362840508392,3.77229441886713,3.94362840508392,2.98401548475688,13.4614494507204,-11.7135894165097,NaN,11.7135894165097,0,148,-7.94129499764258,-7.02785749975873,7.02785749975873,0.4452532775333,-3.94362840508392,-11.7135894165097,NaN,0.4452532775333,3.77229441886712,-0.0197445907841303,NaN,3.77229441886713,-11.7135894165097,NaN,15.9612094235834,43.8267547141137,14.9838649066094,17.6981813929765,18.4810459710014,2.43008537668318
