f0_GHz,S11ReportFreq_GHz,S11SweepSampleFreq_GHz,S11SweepSample_dB,S11_f0_dB,AbsS11_f0_dB,AbsS11_f0_Linear,S11_Source,PeakGain_dBi,PeakRealizedGain_dBi,FrontToBackRatio_dB,Gmain_Source,Ldir,Ldri,L1,Sdir,Sref,Wdri,SimulationIndex,SimulationID
2.25,2.25,2.25,-5.13305326438115,-5.13305326438115,5.13305326438115,0.55379284043119,ATK_OBJ_S11_F0,3.75316415317812,2.16246065720761,16.1838594733838,ATK_OBJ_PeakGain,16.2484833351943,45.9095699486102,16.9715098971941,16.5259113259517,17.6836489843501,4.43057769514614,15,sim_015
