f0_GHz,S11ReportFreq_GHz,S11SweepSampleFreq_GHz,S11SweepSample_dB,S11_f0_dB,AbsS11_f0_dB,AbsS11_f0_Linear,S11_Source,PeakGain_dBi,PeakRealizedGain_dBi,FrontToBackRatio_dB,Gmain_Source,Ldir,Ldri,L1,Sdir,Sref,Wdri,SimulationIndex,SimulationID
2.25,2.25,2.25,-4.12906893843479,-4.12906893843479,4.12906893843479,0.621650880445978,ATK_OBJ_S11_F0,4.04435735367187,1.92285825233005,22.4295802691214,ATK_OBJ_PeakGain,15.4100004487118,44.0901154197063,17.6150104011185,17.9535583712778,19.1965223041999,4.37807586958883,59,sim_059
