SimulationIndex,SimulationID,f0_GHz,S11ReportFreq_GHz,S11SweepSampleFreq_GHz,S11SweepSample_dB,S11_Source,Gmain_Source,MainPlane,Gmain_dBi,Gmain_Cut_dBi,PeakGain_dBi,PeakRealizedGain_dBi,FrontToBackRatio_dB,SLL_dB,HPBW_deg,SideLobeSuppression_dB,MainLobeTheta_deg,SideLobeTheta_deg,SideLobeGain_dBi,S11_f0_dB,AbsS11_f0_dB,AbsS11_f0_Linear,Objective1_Neg_Gmain,Objective2_SLL,Objective3_HPBW,Objective4_AbsS11,Gmain_Phi0_dBi,SLL_Phi0_dB,HPBW_Phi0_deg,Gmain_Phi90_dBi,SLL_Phi90_dB,HPBW_Phi90_deg,Ldir,Ldri,L1,Sdir,Sref,Wdri
89,sim_089,2.25,2.25,2.25,-4.70265736595877,ATK_OBJ_S11_F0,ATK_OBJ_PeakGain,Phi90,3.87849165767895,3.39892991216323,3.87849165767895,2.08289134452001,11.2822725440091,-11.3372088816276,NaN,11.3372088816276,0,150,-7.93827896946438,-4.70265736595877,4.70265736595877,0.581925156024733,-3.87849165767895,-11.3372088816276,NaN,0.581925156024733,3.39892991216322,-0.02294352536433,NaN,3.39892991216323,-11.3372088816276,NaN,17.2994594910953,46.6397421096763,16.1934606233001,13.0822226873058,18.352654377141,3.68712966127517
