f0_GHz,S11ReportFreq_GHz,S11SweepSampleFreq_GHz,S11SweepSample_dB,S11_f0_dB,AbsS11_f0_dB,AbsS11_f0_Linear,S11_Source,PeakGain_dBi,PeakRealizedGain_dBi,FrontToBackRatio_dB,Gmain_Source,Ldir,Ldri,L1,Sdir,Sref,Wdri,SimulationIndex,SimulationID
2.25,2.25,2.25,-6.84803525534813,-6.84803525534813,6.84803525534813,0.45456734852779,ATK_OBJ_S11_F0,3.70574997441351,2.70049964682818,15.9277684823798,ATK_OBJ_PeakGain,16.4780976193736,46.4429218984761,15.4436123377551,16.4620281331706,17.0686230835941,2.02689807152893,1,sim_001
