f0_GHz,S11ReportFreq_GHz,S11SweepSampleFreq_GHz,S11SweepSample_dB,S11_f0_dB,AbsS11_f0_dB,AbsS11_f0_Linear,S11_Source,PeakGain_dBi,PeakRealizedGain_dBi,FrontToBackRatio_dB,Gmain_Source,Ldir,Ldri,L1,Sdir,Sref,Wdri,SimulationIndex,SimulationID
2.25,2.25,2.25,-2.42910529794539,-2.42910529794539,2.42910529794539,0.756039933265324,ATK_OBJ_S11_F0,4.16979292425985,0.488324236775945,12.7456643227785,ATK_OBJ_PeakGain,15.8084567123002,40.2804649120164,18.3378889551113,14.226840849708,22.370784552415,3.02297300863588,122,sim_122
