SimulationIndex,SimulationID,f0_GHz,S11ReportFreq_GHz,S11SweepSampleFreq_GHz,S11SweepSample_dB,S11_Source,Gmain_Source,MainPlane,Gmain_dBi,Gmain_Cut_dBi,PeakGain_dBi,PeakRealizedGain_dBi,FrontToBackRatio_dB,SLL_dB,HPBW_deg,SideLobeSuppression_dB,MainLobeTheta_deg,SideLobeTheta_deg,SideLobeGain_dBi,S11_f0_dB,AbsS11_f0_dB,AbsS11_f0_Linear,Objective1_Neg_Gmain,Objective2_SLL,Objective3_HPBW,Objective4_AbsS11,Gmain_Phi0_dBi,SLL_Phi0_dB,HPBW_Phi0_deg,Gmain_Phi90_dBi,SLL_Phi90_dB,HPBW_Phi90_deg,Ldir,Ldri,L1,Sdir,Sref,Wdri
134,sim_134,2.25,2.25,2.25,-4.93700130262342,ATK_OBJ_S11_F0,ATK_OBJ_PeakGain,Phi90,3.90141520679179,3.51163297315443,3.90141520679179,2.22108252711648,12.0654635991066,-10.3029343329095,NaN,10.3029343329095,0,148,-6.79130135975507,-4.93700130262342,4.93700130262342,0.566434809989881,-3.90141520679179,-10.3029343329095,NaN,0.566434809989881,3.51163297315442,-0.0103035022450797,NaN,3.51163297315443,-10.3029343329095,NaN,18.0225602879944,40.4566222942714,14.6166630397134,15.5832719367912,17.7970095943633,2.44275944604186
