SimulationIndex,SimulationID,f0_GHz,S11ReportFreq_GHz,S11SweepSampleFreq_GHz,S11SweepSample_dB,S11_Source,Gmain_Source,MainPlane,Gmain_dBi,Gmain_Cut_dBi,PeakGain_dBi,PeakRealizedGain_dBi,FrontToBackRatio_dB,SLL_dB,HPBW_deg,SideLobeSuppression_dB,MainLobeTheta_deg,SideLobeTheta_deg,SideLobeGain_dBi,S11_f0_dB,AbsS11_f0_dB,AbsS11_f0_Linear,Objective1_Neg_Gmain,Objective2_SLL,Objective3_HPBW,Objective4_AbsS11,Gmain_Phi0_dBi,SLL_Phi0_dB,HPBW_Phi0_deg,Gmain_Phi90_dBi,SLL_Phi90_dB,HPBW_Phi90_deg,Ldir,Ldri,L1,Sdir,Sref,Wdri
32,sim_032,2.25,2.25,2.25,-6.17291650091925,ATK_OBJ_S11_F0,ATK_OBJ_PeakGain,Phi90,3.89824110864908,3.57570714660789,3.89824110864908,2.69846150366218,11.8848485027426,-12.2845337472642,NaN,12.2845337472642,0,148,-8.70882660065632,-6.17291650091925,6.17291650091925,0.491308383635292,-3.89824110864908,-12.2845337472642,NaN,0.491308383635292,3.57570714660789,-0.0213262845785196,NaN,3.57570714660789,-12.2845337472642,NaN,15.0924812017635,45.6188508837316,17.1356747296017,15.895916046688,18.9966093030171,2.27407322547522
