f0_GHz,S11ReportFreq_GHz,S11SweepSampleFreq_GHz,S11SweepSample_dB,S11_f0_dB,AbsS11_f0_dB,AbsS11_f0_Linear,S11_Source,PeakGain_dBi,PeakRealizedGain_dBi,FrontToBackRatio_dB,Gmain_Source,Ldir,Ldri,L1,Sdir,Sref,Wdri,SimulationIndex,SimulationID
2.25,2.25,2.25,-3.14403170139949,-3.14403170139949,3.14403170139949,0.696303238259635,ATK_OBJ_S11_F0,3.50866461913916,0.628101142174094,6.96690389336673,ATK_OBJ_PeakGain,16.9982657365528,40.3798549354369,16.0436428215178,12.7801373887184,17.337520081226,3.60045531894407,39,sim_039
