SimulationIndex,SimulationID,f0_GHz,S11ReportFreq_GHz,S11SweepSampleFreq_GHz,S11SweepSample_dB,S11_Source,Gmain_Source,MainPlane,Gmain_dBi,Gmain_Cut_dBi,PeakGain_dBi,PeakRealizedGain_dBi,FrontToBackRatio_dB,SLL_dB,HPBW_deg,SideLobeSuppression_dB,MainLobeTheta_deg,SideLobeTheta_deg,SideLobeGain_dBi,S11_f0_dB,AbsS11_f0_dB,AbsS11_f0_Linear,Objective1_Neg_Gmain,Objective2_SLL,Objective3_HPBW,Objective4_AbsS11,Gmain_Phi0_dBi,SLL_Phi0_dB,HPBW_Phi0_deg,Gmain_Phi90_dBi,SLL_Phi90_dB,HPBW_Phi90_deg,Ldir,Ldri,L1,Sdir,Sref,Wdri
159,sim_159,2.25,2.25,2.25,-5.96384276162872,ATK_OBJ_S11_F0,ATK_OBJ_PeakGain,Phi90,3.69393739423447,3.38405508706841,3.69393739423447,2.42546493909619,9.25350431877118,-11.5830182371746,NaN,11.5830182371746,0,154,-8.19896315010624,-5.96384276162872,5.96384276162872,0.503277902195447,-3.69393739423447,-11.5830182371746,NaN,0.503277902195447,3.3840550870684,-0.02341160639538,NaN,3.38405508706841,-11.5830182371746,NaN,16.4923418176879,44.9138782277404,16.8742225710236,15.309492585412,17.9201439694957,2.38218979515585
