f0_GHz,S11ReportFreq_GHz,S11SweepSampleFreq_GHz,S11SweepSample_dB,S11_f0_dB,AbsS11_f0_dB,AbsS11_f0_Linear,S11_Source,PeakGain_dBi,PeakRealizedGain_dBi,FrontToBackRatio_dB,Gmain_Source,Ldir,Ldri,L1,Sdir,Sref,Wdri,SimulationIndex,SimulationID
2.25,2.25,2.25,-4.27174055248176,-4.27174055248176,4.27174055248176,0.611523248443287,ATK_OBJ_S11_F0,3.9802156953182,1.94623178224754,11.8354632451576,ATK_OBJ_PeakGain,17.8683359893586,43.1116803745652,15.2608833114353,13.0012803334777,19.6510914609134,3.61916454050761,104,sim_104
