SimulationIndex,SimulationID,f0_GHz,S11ReportFreq_GHz,S11SweepSampleFreq_GHz,S11SweepSample_dB,S11_Source,Gmain_Source,MainPlane,Gmain_dBi,Gmain_Cut_dBi,PeakGain_dBi,PeakRealizedGain_dBi,FrontToBackRatio_dB,SLL_dB,HPBW_deg,SideLobeSuppression_dB,MainLobeTheta_deg,SideLobeTheta_deg,SideLobeGain_dBi,S11_f0_dB,AbsS11_f0_dB,AbsS11_f0_Linear,Objective1_Neg_Gmain,Objective2_SLL,Objective3_HPBW,Objective4_AbsS11,Gmain_Phi0_dBi,SLL_Phi0_dB,HPBW_Phi0_deg,Gmain_Phi90_dBi,SLL_Phi90_dB,HPBW_Phi90_deg,Ldir,Ldri,L1,Sdir,Sref,Wdri
18,sim_018,2.25,2.25,2.25,-7.77512996766613,ATK_OBJ_S11_F0,ATK_OBJ_PeakGain,Phi90,3.93600249434641,3.56049541389743,3.93600249434641,3.14291240026513,9.98310645592494,-11.5005149115905,NaN,11.5005149115905,0,148,-7.94001949769311,-7.77512996766613,7.77512996766613,0.40854838834266,-3.93600249434641,-11.5005149115905,NaN,0.40854838834266,3.56049541389742,-0.0234223706644197,NaN,3.56049541389743,-11.5005149115905,NaN,14.705249644694,45.9370459184773,14.8049725791932,15.1350063397284,18.4118123880345,2.63344219148021
