SimulationIndex,SimulationID,f0_GHz,S11ReportFreq_GHz,S11SweepSampleFreq_GHz,S11SweepSample_dB,S11_Source,Gmain_Source,MainPlane,Gmain_dBi,Gmain_Cut_dBi,PeakGain_dBi,PeakRealizedGain_dBi,FrontToBackRatio_dB,SLL_dB,HPBW_deg,SideLobeSuppression_dB,MainLobeTheta_deg,SideLobeTheta_deg,SideLobeGain_dBi,S11_f0_dB,AbsS11_f0_dB,AbsS11_f0_Linear,Objective1_Neg_Gmain,Objective2_SLL,Objective3_HPBW,Objective4_AbsS11,Gmain_Phi0_dBi,SLL_Phi0_dB,HPBW_Phi0_deg,Gmain_Phi90_dBi,SLL_Phi90_dB,HPBW_Phi90_deg,Ldir,Ldri,L1,Sdir,Sref,Wdri
40,sim_040,2.25,2.25,2.25,-4.75861820065315,ATK_OBJ_S11_F0,ATK_OBJ_PeakGain,Phi90,3.54552651081718,3.33105024255458,3.54552651081718,1.77830302431539,8.70008659209295,-11.5453051779023,NaN,11.5453051779023,0,154,-8.21425493534771,-4.75861820065315,4.75861820065315,0.578188021436837,-3.54552651081718,-11.5453051779023,NaN,0.578188021436837,3.33105024255457,-15.5021979062283,NaN,3.33105024255458,-11.5453051779023,NaN,18.4959236774717,44.3005874592052,17.0008363972795,13.5530004599586,17.8548471772167,2.06657805716325
