f0_GHz,S11ReportFreq_GHz,S11SweepSampleFreq_GHz,S11SweepSample_dB,S11_f0_dB,AbsS11_f0_dB,AbsS11_f0_Linear,S11_Source,PeakGain_dBi,PeakRealizedGain_dBi,FrontToBackRatio_dB,Gmain_Source,Ldir,Ldri,L1,Sdir,Sref,Wdri,SimulationIndex,SimulationID
2.25,2.25,2.25,-2.98705438078775,-2.98705438078775,2.98705438078775,0.709001707268233,ATK_OBJ_S11_F0,4.57369656922147,1.54002594512708,12.2015852445334,ATK_OBJ_PeakGain,17.6696404412206,46.8811213794341,15.8167560636616,13.2886924908302,22.1862263496829,3.83913717607956,151,sim_151
