f0_GHz,S11ReportFreq_GHz,S11SweepSampleFreq_GHz,S11SweepSample_dB,S11_f0_dB,AbsS11_f0_dB,AbsS11_f0_Linear,S11_Source,PeakGain_dBi,PeakRealizedGain_dBi,FrontToBackRatio_dB,Gmain_Source,Ldir,Ldri,L1,Sdir,Sref,Wdri,SimulationIndex,SimulationID
2.25,2.25,2.25,-3.56261855684733,-3.56261855684733,3.56261855684733,0.663543000279719,ATK_OBJ_S11_F0,3.93057615487564,1.41021214631533,10.2761985283344,ATK_OBJ_PeakGain,17.3017103159418,42.2243301969539,14.6855013951164,12.1100712777024,18.4202594306363,2.59098798984093,17,sim_017
