f0_GHz,S11ReportFreq_GHz,S11SweepSampleFreq_GHz,S11SweepSample_dB,S11_f0_dB,AbsS11_f0_dB,AbsS11_f0_Linear,S11_Source,PeakGain_dBi,PeakRealizedGain_dBi,FrontToBackRatio_dB,Gmain_Source,Ldir,Ldri,L1,Sdir,Sref,Wdri,SimulationIndex,SimulationID
2.25,2.25,2.25,-5.78321804409329,-5.78321804409329,5.78321804409329,0.513853238302094,ATK_OBJ_S11_F0,4.1808871230538,2.84939883680423,19.1665492579119,ATK_OBJ_PeakGain,16.6921973329685,43.4600628585839,15.0916714123752,17.0266166119737,19.7462503794844,2.86309734115481,62,sim_062
