SimulationIndex,SimulationID,f0_GHz,S11ReportFreq_GHz,S11SweepSampleFreq_GHz,S11SweepSample_dB,S11_Source,Gmain_Source,MainPlane,Gmain_dBi,Gmain_Cut_dBi,PeakGain_dBi,PeakRealizedGain_dBi,FrontToBackRatio_dB,SLL_dB,HPBW_deg,SideLobeSuppression_dB,MainLobeTheta_deg,SideLobeTheta_deg,SideLobeGain_dBi,S11_f0_dB,AbsS11_f0_dB,AbsS11_f0_Linear,Objective1_Neg_Gmain,Objective2_SLL,Objective3_HPBW,Objective4_AbsS11,Gmain_Phi0_dBi,SLL_Phi0_dB,HPBW_Phi0_deg,Gmain_Phi90_dBi,SLL_Phi90_dB,HPBW_Phi90_deg,Ldir,Ldri,L1,Sdir,Sref,Wdri
133,sim_133,2.25,2.25,2.25,-3.88295017796782,ATK_OBJ_S11_F0,ATK_OBJ_PeakGain,Phi90,4.45107524944908,4.14694018767655,4.45107524944908,2.16707687698109,38.1675503248683,-12.5135759375249,NaN,12.5135759375249,0,146,-8.36663574984838,-3.88295017796782,3.88295017796782,0.639517585297115,-4.45107524944908,-12.5135759375249,NaN,0.639517585297115,4.14694018767655,-0.0305020954284601,NaN,4.14694018767655,-12.5135759375249,NaN,17.763562649088,43.9654385390161,18.4929295486485,17.5755919088763,20.8404169860691,3.29245523169452
