f0_GHz,S11ReportFreq_GHz,S11SweepSampleFreq_GHz,S11SweepSample_dB,S11_f0_dB,AbsS11_f0_dB,AbsS11_f0_Linear,S11_Source,PeakGain_dBi,PeakRealizedGain_dBi,FrontToBackRatio_dB,Gmain_Source,Ldir,Ldri,L1,Sdir,Sref,Wdri,SimulationIndex,SimulationID
2.25,2.25,2.25,-4.06217419772123,-4.06217419772123,4.06217419772123,0.626457034227083,ATK_OBJ_S11_F0,4.2814597440131,2.11729132081712,17.633412020236,ATK_OBJ_PeakGain,14.8658088132855,45.3394834442237,16.5646076613464,17.3400359519052,20.2962989829926,4.21466965201918,158,sim_158
