f0_GHz,S11ReportFreq_GHz,S11SweepSampleFreq_GHz,S11SweepSample_dB,S11_f0_dB,AbsS11_f0_dB,AbsS11_f0_Linear,S11_Source,PeakGain_dBi,PeakRealizedGain_dBi,FrontToBackRatio_dB,Gmain_Source,Ldir,Ldri,L1,Sdir,Sref,Wdri,SimulationIndex,SimulationID
2.25,2.25,2.25,-5.71720885687986,-5.71720885687986,5.71720885687986,0.517773187609797,ATK_OBJ_S11_F0,3.63192602911994,2.27650833400747,5.84222147361822,ATK_OBJ_PeakGain,16.2024122322659,44.0084135863028,15.9347814445455,12.3580698412655,18.2762319186599,2.13542161185154,152,sim_152
