f0_GHz,S11ReportFreq_GHz,S11SweepSampleFreq_GHz,S11SweepSample_dB,S11_f0_dB,AbsS11_f0_dB,AbsS11_f0_Linear,S11_Source,PeakGain_dBi,PeakRealizedGain_dBi,FrontToBackRatio_dB,Gmain_Source,Ldir,Ldri,L1,Sdir,Sref,Wdri,SimulationIndex,SimulationID
2.25,2.25,2.25,-5.86840559043312,-5.86840559043312,5.86840559043312,0.508838215035874,ATK_OBJ_S11_F0,3.70746275070967,2.40613519173173,7.20922296852241,ATK_OBJ_PeakGain,14.5933835060907,44.5072034187792,15.4995825826487,12.610095987774,17.8494136454829,3.89133120973783,140,sim_140
