f0_GHz,S11ReportFreq_GHz,S11SweepSampleFreq_GHz,S11SweepSample_dB,S11_f0_dB,AbsS11_f0_dB,AbsS11_f0_Linear,S11_Source,PeakGain_dBi,PeakRealizedGain_dBi,FrontToBackRatio_dB,Gmain_Source,Ldir,Ldri,L1,Sdir,Sref,Wdri,SimulationIndex,SimulationID
2.25,2.25,2.25,-4.19934388816036,-4.19934388816036,4.19934388816036,0.616641579768618,ATK_OBJ_S11_F0,4.07732461890593,1.99951213190524,23.5811548564545,ATK_OBJ_PeakGain,16.9103718988502,42.9588993734663,17.3453810946355,17.303552102458,19.5449273103307,3.91205364662874,88,sim_088
