SimulationIndex,SimulationID,f0_GHz,S11ReportFreq_GHz,S11SweepSampleFreq_GHz,S11SweepSample_dB,S11_Source,Gmain_Source,MainPlane,Gmain_dBi,Gmain_Cut_dBi,PeakGain_dBi,PeakRealizedGain_dBi,FrontToBackRatio_dB,SLL_dB,HPBW_deg,SideLobeSuppression_dB,MainLobeTheta_deg,SideLobeTheta_deg,SideLobeGain_dBi,S11_f0_dB,AbsS11_f0_dB,AbsS11_f0_Linear,Objective1_Neg_Gmain,Objective2_SLL,Objective3_HPBW,Objective4_AbsS11,Gmain_Phi0_dBi,SLL_Phi0_dB,HPBW_Phi0_deg,Gmain_Phi90_dBi,SLL_Phi90_dB,HPBW_Phi90_deg,Ldir,Ldri,L1,Sdir,Sref,Wdri
84,sim_084,2.25,2.25,2.25,-5.0957178066753,ATK_OBJ_S11_F0,ATK_OBJ_PeakGain,Phi90,3.93541229609393,3.38556285888546,3.93541229609393,2.32809055117008,8.03940944970303,-10.8475451886045,NaN,10.8475451886045,0,144,-7.46198232971901,-5.0957178066753,5.0957178066753,0.55617838882086,-3.93541229609393,-10.8475451886045,NaN,0.55617838882086,3.38556285888545,-0.0198200644618001,NaN,3.38556285888546,-10.8475451886045,NaN,14.8563509418416,41.0615790148321,14.547563722741,13.2035762177826,20.4821568126483,2.32077220245973
