SimulationIndex,SimulationID,f0_GHz,S11ReportFreq_GHz,S11SweepSampleFreq_GHz,S11SweepSample_dB,S11_Source,Gmain_Source,MainPlane,Gmain_dBi,Gmain_Cut_dBi,PeakGain_dBi,PeakRealizedGain_dBi,FrontToBackRatio_dB,SLL_dB,HPBW_deg,SideLobeSuppression_dB,MainLobeTheta_deg,SideLobeTheta_deg,SideLobeGain_dBi,S11_f0_dB,AbsS11_f0_dB,AbsS11_f0_Linear,Objective1_Neg_Gmain,Objective2_SLL,Objective3_HPBW,Objective4_AbsS11,Gmain_Phi0_dBi,SLL_Phi0_dB,HPBW_Phi0_deg,Gmain_Phi90_dBi,SLL_Phi90_dB,HPBW_Phi90_deg,Ldir,Ldri,L1,Sdir,Sref,Wdri
183,sim_183,2.25,2.25,2.25,-0.566534069749543,ATK_OBJ_S11_F0,ATK_OBJ_PeakGain,Phi90,5.30102516737002,5.18974789303119,5.30102516737002,-3.8247457628824,4.66019708954926,-7.16632670374576,NaN,7.16632670374576,26,128,-1.97657881071457,-0.566534069749543,0.566534069749543,0.93685697932774,-5.30102516737002,-7.16632670374576,NaN,0.93685697932774,3.68468236141021,-0.0376724134205304,NaN,5.18974789303119,-7.16632670374576,NaN,17.1727706151654,46.3815084975165,16.3008459559583,14.8583817589576,20.8886125383944,2.0236994328455
