f0_GHz,S11ReportFreq_GHz,S11SweepSampleFreq_GHz,S11SweepSample_dB,S11_f0_dB,AbsS11_f0_dB,AbsS11_f0_Linear,S11_Source,PeakGain_dBi,PeakRealizedGain_dBi,FrontToBackRatio_dB,Gmain_Source,Ldir,Ldri,L1,Sdir,Sref,Wdri,SimulationIndex,SimulationID
2.25,2.25,2.25,-4.3094572567806,-4.3094572567806,4.3094572567806,0.60887359041797,ATK_OBJ_S11_F0,3.68836508209969,1.67675572341022,11.9982812116637,ATK_OBJ_PeakGain,17.2346049758454,40.7562753067542,16.2809510934623,15.4331711161016,18.2367849995795,2.19986482262049,163,sim_163
