f0_GHz,S11ReportFreq_GHz,S11SweepSampleFreq_GHz,S11SweepSample_dB,S11_f0_dB,AbsS11_f0_dB,AbsS11_f0_Linear,S11_Source,PeakGain_dBi,PeakRealizedGain_dBi,FrontToBackRatio_dB,Gmain_Source,Ldir,Ldri,L1,Sdir,Sref,Wdri,SimulationIndex,SimulationID
2.25,2.25,2.25,-5.0957178066753,-5.0957178066753,5.0957178066753,0.55617838882086,ATK_OBJ_S11_F0,3.93541229609393,2.32809055117008,8.03940944970303,ATK_OBJ_PeakGain,14.8563509418416,41.0615790148321,14.547563722741,13.2035762177826,20.4821568126483,2.32077220245973,84,sim_084
