SimulationIndex,SimulationID,f0_GHz,S11ReportFreq_GHz,S11SweepSampleFreq_GHz,S11SweepSample_dB,S11_Source,Gmain_Source,MainPlane,Gmain_dBi,Gmain_Cut_dBi,PeakGain_dBi,PeakRealizedGain_dBi,FrontToBackRatio_dB,SLL_dB,HPBW_deg,SideLobeSuppression_dB,MainLobeTheta_deg,SideLobeTheta_deg,SideLobeGain_dBi,S11_f0_dB,AbsS11_f0_dB,AbsS11_f0_Linear,Objective1_Neg_Gmain,Objective2_SLL,Objective3_HPBW,Objective4_AbsS11,Gmain_Phi0_dBi,SLL_Phi0_dB,HPBW_Phi0_deg,Gmain_Phi90_dBi,SLL_Phi90_dB,HPBW_Phi90_deg,Ldir,Ldri,L1,Sdir,Sref,Wdri
46,sim_046,2.25,2.25,2.25,-4.41318415863098,ATK_OBJ_S11_F0,ATK_OBJ_PeakGain,Phi90,4.28880007081068,3.78839196266416,4.28880007081068,2.33715997087082,17.0670155017056,-12.1089249405661,NaN,12.1089249405661,18,142,-8.32053297790195,-4.41318415863098,4.41318415863098,0.601645665297576,-4.28880007081068,-12.1089249405661,NaN,0.601645665297576,3.72005081718456,-0.02886426119513,NaN,3.78839196266416,-12.1089249405661,NaN,15.2144245499716,42.7722091430436,15.6996869883397,15.8430225153576,21.6353692545788,2.53919347757102
