SimulationIndex,SimulationID,f0_GHz,S11ReportFreq_GHz,S11SweepSampleFreq_GHz,S11SweepSample_dB,S11_Source,Gmain_Source,MainPlane,Gmain_dBi,Gmain_Cut_dBi,PeakGain_dBi,PeakRealizedGain_dBi,FrontToBackRatio_dB,SLL_dB,HPBW_deg,SideLobeSuppression_dB,MainLobeTheta_deg,SideLobeTheta_deg,SideLobeGain_dBi,S11_f0_dB,AbsS11_f0_dB,AbsS11_f0_Linear,Objective1_Neg_Gmain,Objective2_SLL,Objective3_HPBW,Objective4_AbsS11,Gmain_Phi0_dBi,SLL_Phi0_dB,HPBW_Phi0_deg,Gmain_Phi90_dBi,SLL_Phi90_dB,HPBW_Phi90_deg,Ldir,Ldri,L1,Sdir,Sref,Wdri
20,sim_020,2.25,2.25,2.25,-6.02991488997297,ATK_OBJ_S11_F0,ATK_OBJ_PeakGain,Phi90,3.64746072137477,3.48416653755123,3.64746072137477,2.40117391297321,14.5027015670276,-11.1602022368158,NaN,11.1602022368158,0,156,-7.67603569926456,-6.02991488997297,6.02991488997297,0.499464074259907,-3.64746072137477,-11.1602022368158,NaN,0.499464074259907,3.48416653755123,-0.0202079716788899,NaN,3.48416653755123,-11.1602022368158,NaN,17.2005844055512,46.1115149696691,15.5445542565205,16.2771484717621,16.9434133783829,2.3738565737356
