f0_GHz,S11ReportFreq_GHz,S11SweepSampleFreq_GHz,S11SweepSample_dB,S11_f0_dB,AbsS11_f0_dB,AbsS11_f0_Linear,S11_Source,PeakGain_dBi,PeakRealizedGain_dBi,FrontToBackRatio_dB,Gmain_Source,Ldir,Ldri,L1,Sdir,Sref,Wdri,SimulationIndex,SimulationID
2.25,2.25,2.25,-4.75861820065315,-4.75861820065315,4.75861820065315,0.578188021436837,ATK_OBJ_S11_F0,3.54552651081718,1.77830302431539,8.70008659209295,ATK_OBJ_PeakGain,18.4959236774717,44.3005874592052,17.0008363972795,13.5530004599586,17.8548471772167,2.06657805716325,40,sim_040
