f0_GHz,S11ReportFreq_GHz,S11SweepSampleFreq_GHz,S11SweepSample_dB,S11_f0_dB,AbsS11_f0_dB,AbsS11_f0_Linear,S11_Source,PeakGain_dBi,PeakRealizedGain_dBi,FrontToBackRatio_dB,Gmain_Source,Ldir,Ldri,L1,Sdir,Sref,Wdri,SimulationIndex,SimulationID
2.25,2.25,2.25,-4.43832459886554,-4.43832459886554,4.43832459886554,0.59990677972553,ATK_OBJ_S11_F0,3.55568442051969,1.61824312976967,5.62718530963847,ATK_OBJ_PeakGain,17.1595736129928,41.031347386546,15.7043546413671,12.9550009069036,19.0705583905324,2.00986114149571,73,sim_073
