f0_GHz,S11ReportFreq_GHz,S11SweepSampleFreq_GHz,S11SweepSample_dB,S11_f0_dB,AbsS11_f0_dB,AbsS11_f0_Linear,S11_Source,PeakGain_dBi,PeakRealizedGain_dBi,FrontToBackRatio_dB,Gmain_Source,Ldir,Ldri,L1,Sdir,Sref,Wdri,SimulationIndex,SimulationID
2.25,2.25,2.25,-3.48020114430249,-3.48020114430249,3.48020114430249,0.669869096680587,ATK_OBJ_S11_F0,4.10636425630119,1.52005033405652,30.1909708537529,ATK_OBJ_PeakGain,18.1933305582681,45.2171715827462,17.9346117072301,15.3999771422201,19.1178889210119,4.24121692866711,132,sim_132
