f0_GHz,S11ReportFreq_GHz,S11SweepSampleFreq_GHz,S11SweepSample_dB,S11_f0_dB,AbsS11_f0_dB,AbsS11_f0_Linear,S11_Source,PeakGain_dBi,PeakRealizedGain_dBi,FrontToBackRatio_dB,Gmain_Source,Ldir,Ldri,L1,Sdir,Sref,Wdri,SimulationIndex,SimulationID
2.25,2.25,2.25,-1.60972727439875,-1.60972727439875,1.60972727439875,0.830832805358383,ATK_OBJ_S11_F0,4.49120856119733,-0.599143109376603,14.0428903581994,ATK_OBJ_PeakGain,18.4530889141551,41.5832189420162,17.4535022483281,14.1501431038972,20.8151521730902,4.29819183589846,188,sim_188
