f0_GHz,S11ReportFreq_GHz,S11SweepSampleFreq_GHz,S11SweepSample_dB,S11_f0_dB,AbsS11_f0_dB,AbsS11_f0_Linear,S11_Source,PeakGain_dBi,PeakRealizedGain_dBi,FrontToBackRatio_dB,Gmain_Source,Ldir,Ldri,L1,Sdir,Sref,Wdri,SimulationIndex,SimulationID
2.25,2.25,2.25,-5.10513926108456,-5.10513926108456,5.10513926108456,0.555575437517156,ATK_OBJ_S11_F0,3.8212393000821,2.21813060587885,13.7827013994989,ATK_OBJ_PeakGain,18.2679851554123,45.8161484160387,17.5979178314759,14.7666355336782,18.2065626028645,2.52422894800317,102,sim_102
