f0_GHz,S11ReportFreq_GHz,S11SweepSampleFreq_GHz,S11SweepSample_dB,S11_f0_dB,AbsS11_f0_dB,AbsS11_f0_Linear,S11_Source,PeakGain_dBi,PeakRealizedGain_dBi,FrontToBackRatio_dB,Gmain_Source,Ldir,Ldri,L1,Sdir,Sref,Wdri,SimulationIndex,SimulationID
2.25,2.25,2.25,-5.0152207753819,-5.0152207753819,5.0152207753819,0.561356765601581,ATK_OBJ_S11_F0,3.57194256553931,1.92807841234906,14.4911797551638,ATK_OBJ_PeakGain,17.9247986402114,44.9360811342061,16.4794251763037,15.1622033028065,16.891301714147,2.22245306688407,68,sim_068
