f0_GHz,S11ReportFreq_GHz,S11SweepSampleFreq_GHz,S11SweepSample_dB,S11_f0_dB,AbsS11_f0_dB,AbsS11_f0_Linear,S11_Source,PeakGain_dBi,PeakRealizedGain_dBi,FrontToBackRatio_dB,Gmain_Source,Ldir,Ldri,L1,Sdir,Sref,Wdri,SimulationIndex,SimulationID
2.25,2.25,2.25,-4.29529470716619,-4.29529470716619,4.29529470716619,0.609867183104919,ATK_OBJ_S11_F0,3.92765339159817,1.9076787010606,16.7427161972357,ATK_OBJ_PeakGain,16.8539621104036,40.6404071385561,15.5624954808132,17.7777478322672,19.2467099478384,4.36388981229736,131,sim_131
