SimulationIndex,SimulationID,f0_GHz,S11ReportFreq_GHz,S11SweepSampleFreq_GHz,S11SweepSample_dB,S11_Source,Gmain_Source,MainPlane,Gmain_dBi,Gmain_Cut_dBi,PeakGain_dBi,PeakRealizedGain_dBi,FrontToBackRatio_dB,SLL_dB,HPBW_deg,SideLobeSuppression_dB,MainLobeTheta_deg,SideLobeTheta_deg,SideLobeGain_dBi,S11_f0_dB,AbsS11_f0_dB,AbsS11_f0_Linear,Objective1_Neg_Gmain,Objective2_SLL,Objective3_HPBW,Objective4_AbsS11,Gmain_Phi0_dBi,SLL_Phi0_dB,HPBW_Phi0_deg,Gmain_Phi90_dBi,SLL_Phi90_dB,HPBW_Phi90_deg,Ldir,Ldri,L1,Sdir,Sref,Wdri
155,sim_155,2.25,2.25,2.25,-3.28626697209344,ATK_OBJ_S11_F0,ATK_OBJ_PeakGain,Phi90,4.38967382432036,3.84963998539104,4.38967382432036,1.63884772336742,15.3549635593267,-13.2175289278787,NaN,13.2175289278787,24,144,-9.36788894248765,-3.28626697209344,3.28626697209344,0.684993816973264,-4.38967382432036,-13.2175289278787,NaN,0.684993816973264,3.67498008517239,-0.0281484041631104,NaN,3.84963998539104,-13.2175289278787,NaN,15.0076923824874,45.032348196813,18.2471373797237,14.3752743518483,21.5428784824982,2.35171629573057
