SimulationIndex,SimulationID,f0_GHz,S11ReportFreq_GHz,S11SweepSampleFreq_GHz,S11SweepSample_dB,S11_Source,Gmain_Source,MainPlane,Gmain_dBi,Gmain_Cut_dBi,PeakGain_dBi,PeakRealizedGain_dBi,FrontToBackRatio_dB,SLL_dB,HPBW_deg,SideLobeSuppression_dB,MainLobeTheta_deg,SideLobeTheta_deg,SideLobeGain_dBi,S11_f0_dB,AbsS11_f0_dB,AbsS11_f0_Linear,Objective1_Neg_Gmain,Objective2_SLL,Objective3_HPBW,Objective4_AbsS11,Gmain_Phi0_dBi,SLL_Phi0_dB,HPBW_Phi0_deg,Gmain_Phi90_dBi,SLL_Phi90_dB,HPBW_Phi90_deg,Ldir,Ldri,L1,Sdir,Sref,Wdri
31,sim_031,2.25,2.25,2.25,-4.67498636812309,ATK_OBJ_S11_F0,ATK_OBJ_PeakGain,Phi90,4.27913981429499,3.65404750591231,4.27913981429499,2.46930261375866,12.6300016472642,-11.1814672601525,NaN,11.1814672601525,0,142,-7.52741975424019,-4.67498636812309,4.67498636812309,0.583781975162878,-4.27913981429499,-11.1814672601525,NaN,0.583781975162878,3.6540475059123,-0.0299551730571199,NaN,3.65404750591231,-11.1814672601525,NaN,16.0297779548784,44.7348653399558,14.6536767722749,14.2056038824593,20.0546669935848,3.92153628716586
