SimulationIndex,SimulationID,f0_GHz,S11ReportFreq_GHz,S11SweepSampleFreq_GHz,S11SweepSample_dB,S11_Source,Gmain_Source,MainPlane,Gmain_dBi,Gmain_Cut_dBi,PeakGain_dBi,PeakRealizedGain_dBi,FrontToBackRatio_dB,SLL_dB,HPBW_deg,SideLobeSuppression_dB,MainLobeTheta_deg,SideLobeTheta_deg,SideLobeGain_dBi,S11_f0_dB,AbsS11_f0_dB,AbsS11_f0_Linear,Objective1_Neg_Gmain,Objective2_SLL,Objective3_HPBW,Objective4_AbsS11,Gmain_Phi0_dBi,SLL_Phi0_dB,HPBW_Phi0_deg,Gmain_Phi90_dBi,SLL_Phi90_dB,HPBW_Phi90_deg,Ldir,Ldri,L1,Sdir,Sref,Wdri
43,sim_043,2.25,2.25,2.25,-3.14104514983208,ATK_OBJ_S11_F0,ATK_OBJ_PeakGain,Phi90,3.38369579703034,2.96265869869201,3.38369579703034,0.500319686496931,7.08105113515827,-0.41394689570486,NaN,0.41394689570486,0,34,2.54871180298715,-3.14104514983208,3.14104514983208,0.696542695951382,-3.38369579703034,-0.41394689570486,NaN,0.696542695951382,2.96265869869201,-13.6731976058361,NaN,2.96265869869201,-0.41394689570486,NaN,18.3267071367993,40.5797742849758,18.2387932202032,12.5096090482435,17.5329989693163,3.2413643702362
