f0_GHz,S11ReportFreq_GHz,S11SweepSampleFreq_GHz,S11SweepSample_dB,S11_f0_dB,AbsS11_f0_dB,AbsS11_f0_Linear,S11_Source,PeakGain_dBi,PeakRealizedGain_dBi,FrontToBackRatio_dB,Gmain_Source,Ldir,Ldri,L1,Sdir,Sref,Wdri,SimulationIndex,SimulationID
2.25,2.25,2.25,-3.73894169527663,-3.73894169527663,3.73894169527663,0.65020890816282,ATK_OBJ_S11_F0,4.77508979110362,2.38856651370483,22.8051106094648,ATK_OBJ_PeakGain,18.476006611507,46.0650747270685,14.7924743282533,16.7401018236889,21.9249338872713,4.40584262533468,91,sim_091
