SimulationIndex,SimulationID,f0_GHz,S11ReportFreq_GHz,S11SweepSampleFreq_GHz,S11SweepSample_dB,S11_Source,Gmain_Source,MainPlane,Gmain_dBi,Gmain_Cut_dBi,PeakGain_dBi,PeakRealizedGain_dBi,FrontToBackRatio_dB,SLL_dB,HPBW_deg,SideLobeSuppression_dB,MainLobeTheta_deg,SideLobeTheta_deg,SideLobeGain_dBi,S11_f0_dB,AbsS11_f0_dB,AbsS11_f0_Linear,Objective1_Neg_Gmain,Objective2_SLL,Objective3_HPBW,Objective4_AbsS11,Gmain_Phi0_dBi,SLL_Phi0_dB,HPBW_Phi0_deg,Gmain_Phi90_dBi,SLL_Phi90_dB,HPBW_Phi90_deg,Ldir,Ldri,L1,Sdir,Sref,Wdri
13,sim_013,2.25,2.25,2.25,-5.55855701900998,ATK_OBJ_S11_F0,ATK_OBJ_PeakGain,Phi90,3.94834913493495,3.63828403703013,3.94834913493495,2.53333792509369,12.0544930464523,-10.76108405207,NaN,10.76108405207,0,148,-7.12280001503983,-5.55855701900998,5.55855701900998,0.52731745704017,-3.94834913493495,-10.76108405207,NaN,0.52731745704017,3.63828403703013,-0.0234490227765001,NaN,3.63828403703013,-10.76108405207,NaN,16.3859335174644,43.2851948751545,14.7676661263725,16.3450256718317,18.7509115581748,3.42245322429102
