SimulationIndex,SimulationID,f0_GHz,S11ReportFreq_GHz,S11SweepSampleFreq_GHz,S11SweepSample_dB,S11_Source,Gmain_Source,MainPlane,Gmain_dBi,Gmain_Cut_dBi,PeakGain_dBi,PeakRealizedGain_dBi,FrontToBackRatio_dB,SLL_dB,HPBW_deg,SideLobeSuppression_dB,MainLobeTheta_deg,SideLobeTheta_deg,SideLobeGain_dBi,S11_f0_dB,AbsS11_f0_dB,AbsS11_f0_Linear,Objective1_Neg_Gmain,Objective2_SLL,Objective3_HPBW,Objective4_AbsS11,Gmain_Phi0_dBi,SLL_Phi0_dB,HPBW_Phi0_deg,Gmain_Phi90_dBi,SLL_Phi90_dB,HPBW_Phi90_deg,Ldir,Ldri,L1,Sdir,Sref,Wdri
79,sim_079,2.25,2.25,2.25,-2.87853641238063,ATK_OBJ_S11_F0,ATK_OBJ_PeakGain,Phi90,4.9732471059017,4.58834382105396,4.9732471059017,1.82706052244359,21.38526962108,-11.7427959070599,NaN,11.7427959070599,20,138,-7.15445208600595,-2.87853641238063,2.87853641238063,0.717915251057506,-4.9732471059017,-11.7427959070599,NaN,0.717915251057506,4.35613955005744,-0.0377336516997104,NaN,4.58834382105396,-11.7427959070599,NaN,17.44084862275,44.3171757718015,16.5201960450453,17.432604453026,22.0303878214999,3.73372749707724
