SimulationIndex,SimulationID,f0_GHz,S11ReportFreq_GHz,S11SweepSampleFreq_GHz,S11SweepSample_dB,S11_Source,Gmain_Source,MainPlane,Gmain_dBi,Gmain_Cut_dBi,PeakGain_dBi,PeakRealizedGain_dBi,FrontToBackRatio_dB,SLL_dB,HPBW_deg,SideLobeSuppression_dB,MainLobeTheta_deg,SideLobeTheta_deg,SideLobeGain_dBi,S11_f0_dB,AbsS11_f0_dB,AbsS11_f0_Linear,Objective1_Neg_Gmain,Objective2_SLL,Objective3_HPBW,Objective4_AbsS11,Gmain_Phi0_dBi,SLL_Phi0_dB,HPBW_Phi0_deg,Gmain_Phi90_dBi,SLL_Phi90_dB,HPBW_Phi90_deg,Ldir,Ldri,L1,Sdir,Sref,Wdri
62,sim_062,2.25,2.25,2.25,-5.78321804409329,ATK_OBJ_S11_F0,ATK_OBJ_PeakGain,Phi90,4.1808871230538,3.89058023446288,4.1808871230538,2.84939883680423,19.1665492579119,-12.1241051022341,NaN,12.1241051022341,0,146,-8.23352486777119,-5.78321804409329,5.78321804409329,0.513853238302094,-4.1808871230538,-12.1241051022341,NaN,0.513853238302094,3.89058023446288,-0.0248213593114404,NaN,3.89058023446288,-12.1241051022341,NaN,16.6921973329685,43.4600628585839,15.0916714123752,17.0266166119737,19.7462503794844,2.86309734115481
