f0_GHz,S11ReportFreq_GHz,S11SweepSampleFreq_GHz,S11SweepSample_dB,S11_f0_dB,AbsS11_f0_dB,AbsS11_f0_Linear,S11_Source,PeakGain_dBi,PeakRealizedGain_dBi,FrontToBackRatio_dB,Gmain_Source,Ldir,Ldri,L1,Sdir,Sref,Wdri,SimulationIndex,SimulationID
2.25,2.25,2.25,-3.99722594348016,-3.99722594348016,3.99722594348016,0.631158888702005,ATK_OBJ_S11_F0,3.98958592969164,1.78294181891431,16.429229496557,ATK_OBJ_PeakGain,14.5250361224494,41.6692386195235,16.845630031183,17.0756636991792,19.5224552687218,3.75506198100147,157,sim_157
