f0_GHz,S11ReportFreq_GHz,S11SweepSampleFreq_GHz,S11SweepSample_dB,S11_f0_dB,AbsS11_f0_dB,AbsS11_f0_Linear,S11_Source,PeakGain_dBi,PeakRealizedGain_dBi,FrontToBackRatio_dB,Gmain_Source,Ldir,Ldri,L1,Sdir,Sref,Wdri,SimulationIndex,SimulationID
2.25,2.25,2.25,-4.04554602688998,-4.04554602688998,4.04554602688998,0.627657465307855,ATK_OBJ_S11_F0,3.68482195862208,1.50987861159458,19.9507708818076,ATK_OBJ_PeakGain,17.3506266781313,42.0778252815712,17.9416774701657,16.1574741090521,18.5114123312865,2.89799686918593,193,sim_193
