f0_GHz,S11ReportFreq_GHz,S11SweepSampleFreq_GHz,S11SweepSample_dB,S11_f0_dB,AbsS11_f0_dB,AbsS11_f0_Linear,S11_Source,PeakGain_dBi,PeakRealizedGain_dBi,FrontToBackRatio_dB,Gmain_Source,Ldir,Ldri,L1,Sdir,Sref,Wdri,SimulationIndex,SimulationID
2.25,2.25,2.25,-5.96442007835556,-5.96442007835556,5.96442007835556,0.503244452415674,ATK_OBJ_S11_F0,4.33088951644363,3.0626128729224,19.9283440392489,ATK_OBJ_PeakGain,15.3584066407967,46.5125008484475,14.5686344234377,17.5393538635982,18.8196955881828,4.34041717210089,118,sim_118
