SimulationIndex,SimulationID,f0_GHz,S11ReportFreq_GHz,S11SweepSampleFreq_GHz,S11SweepSample_dB,S11_Source,Gmain_Source,MainPlane,Gmain_dBi,Gmain_Cut_dBi,PeakGain_dBi,PeakRealizedGain_dBi,FrontToBackRatio_dB,SLL_dB,HPBW_deg,SideLobeSuppression_dB,MainLobeTheta_deg,SideLobeTheta_deg,SideLobeGain_dBi,S11_f0_dB,AbsS11_f0_dB,AbsS11_f0_Linear,Objective1_Neg_Gmain,Objective2_SLL,Objective3_HPBW,Objective4_AbsS11,Gmain_Phi0_dBi,SLL_Phi0_dB,HPBW_Phi0_deg,Gmain_Phi90_dBi,SLL_Phi90_dB,HPBW_Phi90_deg,Ldir,Ldri,L1,Sdir,Sref,Wdri
98,sim_098,2.25,2.25,2.25,-5.02457725765969,ATK_OBJ_S11_F0,ATK_OBJ_PeakGain,Phi90,3.73877938429034,3.64650352010711,3.73877938429034,2.09921350676951,18.4063108313134,-11.0176549132948,NaN,11.0176549132948,0,154,-7.37115139318769,-5.02457725765969,5.02457725765969,0.560752394955812,-3.73877938429034,-11.0176549132948,NaN,0.560752394955812,3.6465035201071,-0.0185804794002999,NaN,3.64650352010711,-11.0176549132948,NaN,17.9078187560465,43.7925872219719,16.603644550112,15.9641594691478,17.44747555574,3.74692170092666
