SimulationIndex,SimulationID,f0_GHz,S11ReportFreq_GHz,S11SweepSampleFreq_GHz,S11SweepSample_dB,S11_Source,Gmain_Source,MainPlane,Gmain_dBi,Gmain_Cut_dBi,PeakGain_dBi,PeakRealizedGain_dBi,FrontToBackRatio_dB,SLL_dB,HPBW_deg,SideLobeSuppression_dB,MainLobeTheta_deg,SideLobeTheta_deg,SideLobeGain_dBi,S11_f0_dB,AbsS11_f0_dB,AbsS11_f0_Linear,Objective1_Neg_Gmain,Objective2_SLL,Objective3_HPBW,Objective4_AbsS11,Gmain_Phi0_dBi,SLL_Phi0_dB,HPBW_Phi0_deg,Gmain_Phi90_dBi,SLL_Phi90_dB,HPBW_Phi90_deg,Ldir,Ldri,L1,Sdir,Sref,Wdri
109,sim_109,2.25,2.25,2.25,-5.55853656611182,ATK_OBJ_S11_F0,ATK_OBJ_PeakGain,Phi90,3.64214067244181,3.27196337357729,3.64214067244181,2.22712158485968,7.08474606141142,-10.0914693385222,NaN,10.0914693385222,0,146,-6.81950596494495,-5.55853656611182,5.55853656611182,0.527318698730244,-3.64214067244181,-10.0914693385222,NaN,0.527318698730244,3.27196337357729,-0.0175075269323299,NaN,3.27196337357729,-10.0914693385222,NaN,15.2603097425127,41.8110941125796,15.126779113565,13.775215591121,18.1576344253215,3.63835727935694
