f0_GHz,S11ReportFreq_GHz,S11SweepSampleFreq_GHz,S11SweepSample_dB,S11_f0_dB,AbsS11_f0_dB,AbsS11_f0_Linear,S11_Source,PeakGain_dBi,PeakRealizedGain_dBi,FrontToBackRatio_dB,Gmain_Source,Ldir,Ldri,L1,Sdir,Sref,Wdri,SimulationIndex,SimulationID
2.25,2.25,2.25,-4.70265736595877,-4.70265736595877,4.70265736595877,0.581925156024733,ATK_OBJ_S11_F0,3.87849165767895,2.08289134452001,11.2822725440091,ATK_OBJ_PeakGain,17.2994594910953,46.6397421096763,16.1934606233001,13.0822226873058,18.352654377141,3.68712966127517,89,sim_089
