f0_GHz,S11ReportFreq_GHz,S11SweepSampleFreq_GHz,S11SweepSample_dB,S11_f0_dB,AbsS11_f0_dB,AbsS11_f0_Linear,S11_Source,PeakGain_dBi,PeakRealizedGain_dBi,FrontToBackRatio_dB,Gmain_Source,Ldir,Ldri,L1,Sdir,Sref,Wdri,SimulationIndex,SimulationID
2.25,2.25,2.25,-4.89148979764538,-4.89148979764538,4.89148979764538,0.569410550856925,ATK_OBJ_S11_F0,3.54504845194445,1.84304797134401,7.92959067268513,ATK_OBJ_PeakGain,15.2971104561169,42.1452890568559,16.1282780149738,14.4465819639954,18.3857150612737,2.09104494271348,146,sim_146
