f0_GHz,S11ReportFreq_GHz,S11SweepSampleFreq_GHz,S11SweepSample_dB,S11_f0_dB,AbsS11_f0_dB,AbsS11_f0_Linear,S11_Source,PeakGain_dBi,PeakRealizedGain_dBi,FrontToBackRatio_dB,Gmain_Source,Ldir,Ldri,L1,Sdir,Sref,Wdri,SimulationIndex,SimulationID
2.25,2.25,2.25,-3.68857510798141,-3.68857510798141,3.68857510798141,0.653990206177163,ATK_OBJ_S11_F0,4.13183834892184,1.70805160206786,39.897174423278,ATK_OBJ_PeakGain,17.741428909292,43.4106109326819,18.2768642667602,17.9228819201126,19.9025587624291,3.85917177666579,80,sim_080
