f0_GHz,S11ReportFreq_GHz,S11SweepSampleFreq_GHz,S11SweepSample_dB,S11_f0_dB,AbsS11_f0_dB,AbsS11_f0_Linear,S11_Source,PeakGain_dBi,PeakRealizedGain_dBi,FrontToBackRatio_dB,Gmain_Source,Ldir,Ldri,L1,Sdir,Sref,Wdri,SimulationIndex,SimulationID
2.25,2.25,2.25,-4.96359904301111,-4.96359904301111,4.96359904301111,0.564702938763765,ATK_OBJ_S11_F0,4.01149851530051,2.34367484941513,7.99699654951789,ATK_OBJ_PeakGain,14.7431280990445,44.5268334201581,16.91513019087,13.0514621577835,20.5080593929883,2.46250823334483,145,sim_145
