f0_GHz,S11ReportFreq_GHz,S11SweepSampleFreq_GHz,S11SweepSample_dB,S11_f0_dB,AbsS11_f0_dB,AbsS11_f0_Linear,S11_Source,PeakGain_dBi,PeakRealizedGain_dBi,FrontToBackRatio_dB,Gmain_Source,Ldir,Ldri,L1,Sdir,Sref,Wdri,SimulationIndex,SimulationID
2.25,2.25,2.25,-4.70240304159137,-4.70240304159137,4.70240304159137,0.581942195144509,ATK_OBJ_S11_F0,4.05964883096165,2.26391829066496,18.512000897438,ATK_OBJ_PeakGain,15.6810535399536,42.6334870295628,15.8399512069902,16.5765692953352,19.8830879078782,3.59501048673043,119,sim_119
