f0_GHz,S11ReportFreq_GHz,S11SweepSampleFreq_GHz,S11SweepSample_dB,S11_f0_dB,AbsS11_f0_dB,AbsS11_f0_Linear,S11_Source,PeakGain_dBi,PeakRealizedGain_dBi,FrontToBackRatio_dB,Gmain_Source,Ldir,Ldri,L1,Sdir,Sref,Wdri,SimulationIndex,SimulationID
2.25,2.25,2.25,-3.04129490418384,-3.04129490418384,3.04129490418384,0.704588020201204,ATK_OBJ_S11_F0,4.43909147702821,1.45956682823808,11.5159897033323,ATK_OBJ_PeakGain,16.7109361143748,46.0266175261065,15.601338925168,12.5530552663709,21.9852410730592,4.11981304519086,28,sim_028
