f0_GHz,S11ReportFreq_GHz,S11SweepSampleFreq_GHz,S11SweepSample_dB,S11_f0_dB,AbsS11_f0_dB,AbsS11_f0_Linear,S11_Source,PeakGain_dBi,PeakRealizedGain_dBi,FrontToBackRatio_dB,Gmain_Source,Ldir,Ldri,L1,Sdir,Sref,Wdri,SimulationIndex,SimulationID
2.25,2.25,2.25,-7.26587097123703,-7.26587097123703,7.26587097123703,0.433217958485832,ATK_OBJ_S11_F0,4.25816263067106,3.35544585560553,11.1595756256742,ATK_OBJ_PeakGain,15.128633023405,46.7936404051173,14.6235796495863,15.4930898123244,19.4281787715997,2.34909590900299,108,sim_108
