f0_GHz,S11ReportFreq_GHz,S11SweepSampleFreq_GHz,S11SweepSample_dB,S11_f0_dB,AbsS11_f0_dB,AbsS11_f0_Linear,S11_Source,PeakGain_dBi,PeakRealizedGain_dBi,FrontToBackRatio_dB,Gmain_Source,Ldir,Ldri,L1,Sdir,Sref,Wdri,SimulationIndex,SimulationID
2.25,2.25,2.25,-4.29100308363753,-4.29100308363753,4.29100308363753,0.610168587700847,ATK_OBJ_S11_F0,3.50629847314947,1.48378028471132,10.5323660490254,ATK_OBJ_PeakGain,16.8611923773516,40.0895661390746,16.3356574414596,13.8342076607781,17.9458030125582,2.72631027765824,77,sim_077
