SimulationIndex,SimulationID,f0_GHz,S11ReportFreq_GHz,S11SweepSampleFreq_GHz,S11SweepSample_dB,S11_Source,Gmain_Source,MainPlane,Gmain_dBi,Gmain_Cut_dBi,PeakGain_dBi,PeakRealizedGain_dBi,FrontToBackRatio_dB,SLL_dB,HPBW_deg,SideLobeSuppression_dB,MainLobeTheta_deg,SideLobeTheta_deg,SideLobeGain_dBi,S11_f0_dB,AbsS11_f0_dB,AbsS11_f0_Linear,Objective1_Neg_Gmain,Objective2_SLL,Objective3_HPBW,Objective4_AbsS11,Gmain_Phi0_dBi,SLL_Phi0_dB,HPBW_Phi0_deg,Gmain_Phi90_dBi,SLL_Phi90_dB,HPBW_Phi90_deg,Ldir,Ldri,L1,Sdir,Sref,Wdri
168,sim_168,2.25,2.25,2.25,-6.21894156132278,ATK_OBJ_S11_F0,ATK_OBJ_PeakGain,Phi90,3.98808734212485,3.70104066030968,3.98808734212485,2.80285074047511,11.7225156024969,-12.2136347769058,NaN,12.2136347769058,0,148,-8.51259411659616,-6.21894156132278,6.21894156132278,0.488711908806675,-3.98808734212485,-12.2136347769058,NaN,0.488711908806675,3.70104066030968,-0.0209218950225103,NaN,3.70104066030968,-12.2136347769058,NaN,18.0775930744896,44.9869830293005,14.5171236458401,14.5672816770449,18.6538987405593,2.91616039444961
