f0_GHz,S11ReportFreq_GHz,S11SweepSampleFreq_GHz,S11SweepSample_dB,S11_f0_dB,AbsS11_f0_dB,AbsS11_f0_Linear,S11_Source,PeakGain_dBi,PeakRealizedGain_dBi,FrontToBackRatio_dB,Gmain_Source,Ldir,Ldri,L1,Sdir,Sref,Wdri,SimulationIndex,SimulationID
2.25,2.25,2.25,-3.03799600327814,-3.03799600327814,3.03799600327814,0.704855673557148,ATK_OBJ_S11_F0,4.28291174534729,1.30013232937544,11.9642036552032,ATK_OBJ_PeakGain,18.3673487329709,43.2387530369513,17.5179800979781,13.0232405008241,21.8328632912763,3.81112654347452,35,sim_035
