f0_GHz,S11ReportFreq_GHz,S11SweepSampleFreq_GHz,S11SweepSample_dB,S11_f0_dB,AbsS11_f0_dB,AbsS11_f0_Linear,S11_Source,PeakGain_dBi,PeakRealizedGain_dBi,FrontToBackRatio_dB,Gmain_Source,Ldir,Ldri,L1,Sdir,Sref,Wdri,SimulationIndex,SimulationID
2.25,2.25,2.25,-6.17291650091925,-6.17291650091925,6.17291650091925,0.491308383635292,ATK_OBJ_S11_F0,3.89824110864908,2.69846150366218,11.8848485027426,ATK_OBJ_PeakGain,15.0924812017635,45.6188508837316,17.1356747296017,15.895916046688,18.9966093030171,2.27407322547522,32,sim_032
