f0_GHz,S11ReportFreq_GHz,S11SweepSampleFreq_GHz,S11SweepSample_dB,S11_f0_dB,AbsS11_f0_dB,AbsS11_f0_Linear,S11_Source,PeakGain_dBi,PeakRealizedGain_dBi,FrontToBackRatio_dB,Gmain_Source,Ldir,Ldri,L1,Sdir,Sref,Wdri,SimulationIndex,SimulationID
2.25,2.25,2.25,-4.53307608408142,-4.53307608408142,4.53307608408142,0.593398160637744,ATK_OBJ_S11_F0,3.83738706321989,1.95232356760818,18.8954623641046,ATK_OBJ_PeakGain,18.153918986266,42.7341122498253,17.8889888711314,17.2202927594966,18.6667520364638,2.08297372025014,181,sim_181
