f0_GHz,S11ReportFreq_GHz,S11SweepSampleFreq_GHz,S11SweepSample_dB,S11_f0_dB,AbsS11_f0_dB,AbsS11_f0_Linear,S11_Source,PeakGain_dBi,PeakRealizedGain_dBi,FrontToBackRatio_dB,Gmain_Source,Ldir,Ldri,L1,Sdir,Sref,Wdri,SimulationIndex,SimulationID
2.25,2.25,2.25,-3.05239832694026,-3.05239832694026,3.05239832694026,0.703687900499743,ATK_OBJ_S11_F0,3.82520835930312,0.856602606729149,11.6787326491249,ATK_OBJ_PeakGain,17.4887773994625,40.8281330595282,16.6544634695837,13.400812577224,19.4562031749708,3.99731068238866,3,sim_003
