f0_GHz,S11ReportFreq_GHz,S11SweepSampleFreq_GHz,S11SweepSample_dB,S11_f0_dB,AbsS11_f0_dB,AbsS11_f0_Linear,S11_Source,PeakGain_dBi,PeakRealizedGain_dBi,FrontToBackRatio_dB,Gmain_Source,Ldir,Ldri,L1,Sdir,Sref,Wdri,SimulationIndex,SimulationID
2.25,2.25,2.25,-3.96273992829061,-3.96273992829061,3.96273992829061,0.633669791187819,ATK_OBJ_S11_F0,3.7262698324653,1.49663995176771,10.8353922285563,ATK_OBJ_PeakGain,16.9580744112111,42.8217335525377,18.093247637208,17.6255093704412,16.589429344828,3.38372817408284,52,sim_052
