f0_GHz,S11ReportFreq_GHz,S11SweepSampleFreq_GHz,S11SweepSample_dB,S11_f0_dB,AbsS11_f0_dB,AbsS11_f0_Linear,S11_Source,PeakGain_dBi,PeakRealizedGain_dBi,FrontToBackRatio_dB,Gmain_Source,Ldir,Ldri,L1,Sdir,Sref,Wdri,SimulationIndex,SimulationID
2.25,2.25,2.25,-2.78800182256707,-2.78800182256707,2.78800182256707,0.725437344799292,ATK_OBJ_S11_F0,4.22745037296542,0.982856969282915,14.1740176035876,ATK_OBJ_PeakGain,15.5081523839408,46.2557235139594,18.4072204409839,14.3651151190613,21.1250268279063,3.82978585560415,189,sim_189
