f0_GHz,S11ReportFreq_GHz,S11SweepSampleFreq_GHz,S11SweepSample_dB,S11_f0_dB,AbsS11_f0_dB,AbsS11_f0_Linear,S11_Source,PeakGain_dBi,PeakRealizedGain_dBi,FrontToBackRatio_dB,Gmain_Source,Ldir,Ldri,L1,Sdir,Sref,Wdri,SimulationIndex,SimulationID
2.25,2.25,2.25,-4.54156576438801,-4.54156576438801,4.54156576438801,0.592818450359371,ATK_OBJ_S11_F0,4.48166787493294,2.60121156041483,32.1680854362279,ATK_OBJ_PeakGain,17.8453056181962,41.0871556733469,17.2524914583399,17.0009885095919,22.2549700098486,2.10757772415716,160,sim_160
