f0_GHz,S11ReportFreq_GHz,S11SweepSampleFreq_GHz,S11SweepSample_dB,S11_f0_dB,AbsS11_f0_dB,AbsS11_f0_Linear,S11_Source,PeakGain_dBi,PeakRealizedGain_dBi,FrontToBackRatio_dB,Gmain_Source,Ldir,Ldri,L1,Sdir,Sref,Wdri,SimulationIndex,SimulationID
2.25,2.25,2.25,-3.89163636974672,-3.89163636974672,3.89163636974672,0.638878365140507,ATK_OBJ_S11_F0,4.28791572466108,2.0099180247344,10.1952806296772,ATK_OBJ_PeakGain,15.9143671788641,42.9003425602113,15.056223017702,13.4717079865631,22.0199798843708,3.25917341623477,191,sim_191
