SimulationIndex,SimulationID,f0_GHz,S11ReportFreq_GHz,S11SweepSampleFreq_GHz,S11SweepSample_dB,S11_Source,Gmain_Source,MainPlane,Gmain_dBi,Gmain_Cut_dBi,PeakGain_dBi,PeakRealizedGain_dBi,FrontToBackRatio_dB,SLL_dB,HPBW_deg,SideLobeSuppression_dB,MainLobeTheta_deg,SideLobeTheta_deg,SideLobeGain_dBi,S11_f0_dB,AbsS11_f0_dB,AbsS11_f0_Linear,Objective1_Neg_Gmain,Objective2_SLL,Objective3_HPBW,Objective4_AbsS11,Gmain_Phi0_dBi,SLL_Phi0_dB,HPBW_Phi0_deg,Gmain_Phi90_dBi,SLL_Phi90_dB,HPBW_Phi90_deg,Ldir,Ldri,L1,Sdir,Sref,Wdri
117,sim_117,2.25,2.25,2.25,-3.41654399792643,ATK_OBJ_S11_F0,ATK_OBJ_PeakGain,Phi90,4.18904169726703,3.96162762248694,4.18904169726703,1.55021460913365,33.9074197338089,-10.4329047374653,NaN,10.4329047374653,0,148,-6.47127711497837,-3.41654399792643,3.41654399792643,0.674796466993398,-4.18904169726703,-10.4329047374653,NaN,0.674796466993398,3.96162762248694,-17.9586797344285,NaN,3.96162762248694,-10.4329047374653,NaN,17.6390326092956,41.4663229586404,17.3300256582641,17.0611785226275,18.9028388660959,4.02244943731945
