SimulationIndex,SimulationID,f0_GHz,S11ReportFreq_GHz,S11SweepSampleFreq_GHz,S11SweepSample_dB,S11_Source,Gmain_Source,MainPlane,Gmain_dBi,Gmain_Cut_dBi,PeakGain_dBi,PeakRealizedGain_dBi,FrontToBackRatio_dB,SLL_dB,HPBW_deg,SideLobeSuppression_dB,MainLobeTheta_deg,SideLobeTheta_deg,SideLobeGain_dBi,S11_f0_dB,AbsS11_f0_dB,AbsS11_f0_Linear,Objective1_Neg_Gmain,Objective2_SLL,Objective3_HPBW,Objective4_AbsS11,Gmain_Phi0_dBi,SLL_Phi0_dB,HPBW_Phi0_deg,Gmain_Phi90_dBi,SLL_Phi90_dB,HPBW_Phi90_deg,Ldir,Ldri,L1,Sdir,Sref,Wdri
156,sim_156,2.25,2.25,2.25,-4.37090442453665,ATK_OBJ_S11_F0,ATK_OBJ_PeakGain,Phi90,4.06649103992129,3.67190896895034,4.06649103992129,2.09067955408771,18.7572910420707,-12.5533665492039,NaN,12.5533665492039,0,148,-8.88145758025358,-4.37090442453665,4.37090442453665,0.604581395592357,-4.06649103992129,-12.5533665492039,NaN,0.604581395592357,3.67190896895034,-20.0779438571936,NaN,3.67190896895034,-12.5533665492039,NaN,15.751659727655,43.4750791941465,18.3132530766857,15.8208111293113,20.1824260098522,2.05630915396947
