SimulationIndex,SimulationID,f0_GHz,S11ReportFreq_GHz,S11SweepSampleFreq_GHz,S11SweepSample_dB,S11_Source,Gmain_Source,MainPlane,Gmain_dBi,Gmain_Cut_dBi,PeakGain_dBi,PeakRealizedGain_dBi,FrontToBackRatio_dB,SLL_dB,HPBW_deg,SideLobeSuppression_dB,MainLobeTheta_deg,SideLobeTheta_deg,SideLobeGain_dBi,S11_f0_dB,AbsS11_f0_dB,AbsS11_f0_Linear,Objective1_Neg_Gmain,Objective2_SLL,Objective3_HPBW,Objective4_AbsS11,Gmain_Phi0_dBi,SLL_Phi0_dB,HPBW_Phi0_deg,Gmain_Phi90_dBi,SLL_Phi90_dB,HPBW_Phi90_deg,Ldir,Ldri,L1,Sdir,Sref,Wdri
50,sim_050,2.25,2.25,2.25,-2.79781187172114,ATK_OBJ_S11_F0,ATK_OBJ_PeakGain,Phi90,4.00842045491084,3.33724900837977,4.00842045491084,0.774698720559443,9.83395184233135,-0.00115369173896029,NaN,0.00115369173896029,22,0,3.33609531664081,-2.79781187172114,2.79781187172114,0.724618481216517,-4.00842045491084,-0.00115369173896029,NaN,0.724618481216517,3.33609531664081,-0.0237078318934096,NaN,3.33724900837977,-0.00115369173896029,NaN,18.2955810344646,41.7199714392666,15.7553366277443,12.2724888794733,21.7740889594787,4.49519110302769
