f0_GHz,S11ReportFreq_GHz,S11SweepSampleFreq_GHz,S11SweepSample_dB,S11_f0_dB,AbsS11_f0_dB,AbsS11_f0_Linear,S11_Source,PeakGain_dBi,PeakRealizedGain_dBi,FrontToBackRatio_dB,Gmain_Source,Ldir,Ldri,L1,Sdir,Sref,Wdri,SimulationIndex,SimulationID
2.25,2.25,2.25,-3.5700707774282,-3.5700707774282,3.5700707774282,0.662973945370621,ATK_OBJ_S11_F0,4.11883963664428,1.60432885006279,9.72525944580143,ATK_OBJ_PeakGain,14.6422223844688,44.6105413149361,18.1869487529116,13.8283564046151,20.5293332891881,3.27838539377689,4,sim_004
