SimulationIndex,SimulationID,f0_GHz,S11ReportFreq_GHz,S11SweepSampleFreq_GHz,S11SweepSample_dB,S11_Source,Gmain_Source,MainPlane,Gmain_dBi,Gmain_Cut_dBi,PeakGain_dBi,PeakRealizedGain_dBi,FrontToBackRatio_dB,SLL_dB,HPBW_deg,SideLobeSuppression_dB,MainLobeTheta_deg,SideLobeTheta_deg,SideLobeGain_dBi,S11_f0_dB,AbsS11_f0_dB,AbsS11_f0_Linear,Objective1_Neg_Gmain,Objective2_SLL,Objective3_HPBW,Objective4_AbsS11,Gmain_Phi0_dBi,SLL_Phi0_dB,HPBW_Phi0_deg,Gmain_Phi90_dBi,SLL_Phi90_dB,HPBW_Phi90_deg,Ldir,Ldri,L1,Sdir,Sref,Wdri
149,sim_149,2.25,2.25,2.25,-3.1755999761352,ATK_OBJ_S11_F0,ATK_OBJ_PeakGain,Phi90,4.17685115592066,3.60184061506206,4.17685115592066,1.32578962301867,11.4599830502387,-10.6746120375773,NaN,10.6746120375773,0,142,-7.07277142251524,-3.1755999761352,3.1755999761352,0.693777164731705,-4.17685115592066,-10.6746120375773,NaN,0.693777164731705,3.60184061506205,-0.0237871774218901,NaN,3.60184061506206,-10.6746120375773,NaN,17.5638184739047,44.4116956568739,15.3794546777016,13.2972943553822,20.5922854480032,4.47552816781666
