f0_GHz,S11ReportFreq_GHz,S11SweepSampleFreq_GHz,S11SweepSample_dB,S11_f0_dB,AbsS11_f0_dB,AbsS11_f0_Linear,S11_Source,PeakGain_dBi,PeakRealizedGain_dBi,FrontToBackRatio_dB,Gmain_Source,Ldir,Ldri,L1,Sdir,Sref,Wdri,SimulationIndex,SimulationID
2.25,2.25,2.25,-3.46039292980487,-3.46039292980487,3.46039292980487,0.671398479705495,ATK_OBJ_S11_F0,4.78454718434599,2.18204289627132,27.754954963656,ATK_OBJ_PeakGain,18.308457713782,46.1839300450343,17.8100756157155,16.9101681071237,22.4023460356873,3.11021138973812,177,sim_177
