SimulationIndex,SimulationID,f0_GHz,S11ReportFreq_GHz,S11SweepSampleFreq_GHz,S11SweepSample_dB,S11_Source,Gmain_Source,MainPlane,Gmain_dBi,Gmain_Cut_dBi,PeakGain_dBi,PeakRealizedGain_dBi,FrontToBackRatio_dB,SLL_dB,HPBW_deg,SideLobeSuppression_dB,MainLobeTheta_deg,SideLobeTheta_deg,SideLobeGain_dBi,S11_f0_dB,AbsS11_f0_dB,AbsS11_f0_Linear,Objective1_Neg_Gmain,Objective2_SLL,Objective3_HPBW,Objective4_AbsS11,Gmain_Phi0_dBi,SLL_Phi0_dB,HPBW_Phi0_deg,Gmain_Phi90_dBi,SLL_Phi90_dB,HPBW_Phi90_deg,Ldir,Ldri,L1,Sdir,Sref,Wdri
176,sim_176,2.25,2.25,2.25,-3.75007553297273,ATK_OBJ_S11_F0,ATK_OBJ_PeakGain,Phi90,4.52994139916398,3.99789401484488,4.52994139916398,2.15155465833994,17.662114999436,-13.2538292351448,NaN,13.2538292351448,12,140,-9.25593522029988,-3.75007553297273,3.75007553297273,0.649375984542477,-4.52994139916398,-13.2538292351448,NaN,0.649375984542477,3.95040381561807,-0.0280981934321702,NaN,3.99789401484488,-13.2538292351448,NaN,15.423575323735,46.858005284885,17.8561351908932,17.105945091032,21.3710185774539,3.33505651096823
