SimulationIndex,SimulationID,f0_GHz,S11ReportFreq_GHz,S11SweepSampleFreq_GHz,S11SweepSample_dB,S11_Source,Gmain_Source,MainPlane,Gmain_dBi,Gmain_Cut_dBi,PeakGain_dBi,PeakRealizedGain_dBi,FrontToBackRatio_dB,SLL_dB,HPBW_deg,SideLobeSuppression_dB,MainLobeTheta_deg,SideLobeTheta_deg,SideLobeGain_dBi,S11_f0_dB,AbsS11_f0_dB,AbsS11_f0_Linear,Objective1_Neg_Gmain,Objective2_SLL,Objective3_HPBW,Objective4_AbsS11,Gmain_Phi0_dBi,SLL_Phi0_dB,HPBW_Phi0_deg,Gmain_Phi90_dBi,SLL_Phi90_dB,HPBW_Phi90_deg,Ldir,Ldri,L1,Sdir,Sref,Wdri
9,sim_009,2.25,2.25,2.25,-3.3406433707316,ATK_OBJ_S11_F0,ATK_OBJ_PeakGain,Phi90,3.62157911952151,3.44624952069843,3.62157911952151,0.918261677578393,15.2477091866125,-9.8158275129758,NaN,9.8158275129758,0,146,-6.36957799227737,-3.3406433707316,3.3406433707316,0.680718935435103,-3.62157911952151,-9.8158275129758,NaN,0.680718935435103,3.44624952069843,-0.0197385348765202,NaN,3.44624952069843,-9.8158275129758,NaN,15.8520568617876,40.557490957181,17.6782113997705,16.9377271419122,18.8702799753608,4.20713353563102
