f0_GHz,S11ReportFreq_GHz,S11SweepSampleFreq_GHz,S11SweepSample_dB,S11_f0_dB,AbsS11_f0_dB,AbsS11_f0_Linear,S11_Source,PeakGain_dBi,PeakRealizedGain_dBi,FrontToBackRatio_dB,Gmain_Source,Ldir,Ldri,L1,Sdir,Sref,Wdri,SimulationIndex,SimulationID
2.25,2.25,2.25,-5.78960545530396,-5.78960545530396,5.78960545530396,0.513475500897895,ATK_OBJ_S11_F0,4.37016114185604,3.0409622367156,9.8408516370776,ATK_OBJ_PeakGain,15.4939749166467,45.2125920484613,14.7336035674246,13.2477144953143,21.2707089739997,2.13790091058025,55,sim_055
