f0_GHz,S11ReportFreq_GHz,S11SweepSampleFreq_GHz,S11SweepSample_dB,S11_f0_dB,AbsS11_f0_dB,AbsS11_f0_Linear,S11_Source,PeakGain_dBi,PeakRealizedGain_dBi,FrontToBackRatio_dB,Gmain_Source,Ldir,Ldri,L1,Sdir,Sref,Wdri,SimulationIndex,SimulationID
2.25,2.25,2.25,-3.41408407463827,-3.41408407463827,3.41408407463827,0.674987602581282,ATK_OBJ_S11_F0,4.16201316015495,1.52112840188586,14.3657417307056,ATK_OBJ_PeakGain,17.8363996244556,43.603970948378,17.4924055685414,13.9791449891493,21.1950660184623,3.18855811485772,190,sim_190
