f0_GHz,S11ReportFreq_GHz,S11SweepSampleFreq_GHz,S11SweepSample_dB,S11_f0_dB,AbsS11_f0_dB,AbsS11_f0_Linear,S11_Source,PeakGain_dBi,PeakRealizedGain_dBi,FrontToBackRatio_dB,Gmain_Source,Ldir,Ldri,L1,Sdir,Sref,Wdri,SimulationIndex,SimulationID
2.25,2.25,2.25,-3.6483630358535,-3.6483630358535,3.6483630358535,0.65702492934469,ATK_OBJ_S11_F0,4.81785312921078,2.36376909434152,20.7303065646769,ATK_OBJ_PeakGain,16.0605734830493,45.6455457122605,15.3377308772352,17.8033153751018,22.4693695640003,3.92587766904984,70,sim_070
