SimulationIndex,SimulationID,f0_GHz,S11ReportFreq_GHz,S11SweepSampleFreq_GHz,S11SweepSample_dB,S11_Source,Gmain_Source,MainPlane,Gmain_dBi,Gmain_Cut_dBi,PeakGain_dBi,PeakRealizedGain_dBi,FrontToBackRatio_dB,SLL_dB,HPBW_deg,SideLobeSuppression_dB,MainLobeTheta_deg,SideLobeTheta_deg,SideLobeGain_dBi,S11_f0_dB,AbsS11_f0_dB,AbsS11_f0_Linear,Objective1_Neg_Gmain,Objective2_SLL,Objective3_HPBW,Objective4_AbsS11,Gmain_Phi0_dBi,SLL_Phi0_dB,HPBW_Phi0_deg,Gmain_Phi90_dBi,SLL_Phi90_dB,HPBW_Phi90_deg,Ldir,Ldri,L1,Sdir,Sref,Wdri
41,sim_041,2.25,2.25,2.25,-3.38132983680445,ATK_OBJ_S11_F0,ATK_OBJ_PeakGain,Phi90,3.9403021645999,3.18811434226515,3.9403021645999,1.27181380433994,9.4136344662125,-0.0455937133248501,NaN,0.0455937133248501,0,26,3.1425206289403,-3.38132983680445,3.38132983680445,0.677537766523294,-3.9403021645999,-0.0455937133248501,NaN,0.677537766523294,3.18811434226515,-0.0246714090824001,NaN,3.18811434226515,-0.0455937133248501,NaN,14.9019742455731,41.5494603016302,18.342138833171,13.4654612767937,20.961469062125,2.84966267029866
