SimulationIndex,SimulationID,f0_GHz,S11ReportFreq_GHz,S11SweepSampleFreq_GHz,S11SweepSample_dB,S11_Source,Gmain_Source,MainPlane,Gmain_dBi,Gmain_Cut_dBi,PeakGain_dBi,PeakRealizedGain_dBi,FrontToBackRatio_dB,SLL_dB,HPBW_deg,SideLobeSuppression_dB,MainLobeTheta_deg,SideLobeTheta_deg,SideLobeGain_dBi,S11_f0_dB,AbsS11_f0_dB,AbsS11_f0_Linear,Objective1_Neg_Gmain,Objective2_SLL,Objective3_HPBW,Objective4_AbsS11,Gmain_Phi0_dBi,SLL_Phi0_dB,HPBW_Phi0_deg,Gmain_Phi90_dBi,SLL_Phi90_dB,HPBW_Phi90_deg,Ldir,Ldri,L1,Sdir,Sref,Wdri
100,sim_100,2.25,2.25,2.25,-2.93590047152578,ATK_OBJ_S11_F0,ATK_OBJ_PeakGain,Phi90,4.97337800951346,4.68063490295655,4.97337800951346,1.88738177386703,19.1896962682757,-12.250957066969,NaN,12.250957066969,18,138,-7.57032216401249,-2.93590047152578,2.93590047152578,0.71318955881465,-4.97337800951346,-12.250957066969,NaN,0.71318955881465,4.40524504766321,-0.0319366419629503,NaN,4.68063490295655,-12.250957066969,NaN,17.616067287832,46.5982659985781,14.9297952760385,16.7370317371705,20.7256477781691,3.18410555042447
