f0_GHz,S11ReportFreq_GHz,S11SweepSampleFreq_GHz,S11SweepSample_dB,S11_f0_dB,AbsS11_f0_dB,AbsS11_f0_Linear,S11_Source,PeakGain_dBi,PeakRealizedGain_dBi,FrontToBackRatio_dB,Gmain_Source,Ldir,Ldri,L1,Sdir,Sref,Wdri,SimulationIndex,SimulationID
2.25,2.25,2.25,-2.6753942274584,-2.6753942274584,2.6753942274584,0.734903454145347,ATK_OBJ_S11_F0,4.31863315928237,0.945426966362858,13.7029478295442,ATK_OBJ_PeakGain,15.633639438083,44.5798934982246,18.0538757522997,14.8878039058234,21.9526327374446,3.66072940950286,78,sim_078
