SimulationIndex,SimulationID,f0_GHz,S11ReportFreq_GHz,S11SweepSampleFreq_GHz,S11SweepSample_dB,S11_Source,Gmain_Source,MainPlane,Gmain_dBi,Gmain_Cut_dBi,PeakGain_dBi,PeakRealizedGain_dBi,FrontToBackRatio_dB,SLL_dB,HPBW_deg,SideLobeSuppression_dB,MainLobeTheta_deg,SideLobeTheta_deg,SideLobeGain_dBi,S11_f0_dB,AbsS11_f0_dB,AbsS11_f0_Linear,Objective1_Neg_Gmain,Objective2_SLL,Objective3_HPBW,Objective4_AbsS11,Gmain_Phi0_dBi,SLL_Phi0_dB,HPBW_Phi0_deg,Gmain_Phi90_dBi,SLL_Phi90_dB,HPBW_Phi90_deg,Ldir,Ldri,L1,Sdir,Sref,Wdri
111,sim_111,2.25,2.25,2.25,-3.43422505306689,ATK_OBJ_S11_F0,ATK_OBJ_PeakGain,Phi90,4.30470362888814,3.77191657163398,4.30470362888814,1.68060360473129,14.0675601665008,-12.7031364792807,NaN,12.7031364792807,4,146,-8.93121990764668,-3.43422505306689,3.43422505306689,0.673424243911314,-4.30470362888814,-12.7031364792807,NaN,0.673424243911314,3.764154703314,-0.0262157150550801,NaN,3.77191657163398,-12.7031364792807,NaN,17.9633433681983,46.3196651498849,17.0902030503953,14.0986403482224,20.6220537275354,3.49489479417695
