SimulationIndex,SimulationID,f0_GHz,S11ReportFreq_GHz,S11SweepSampleFreq_GHz,S11SweepSample_dB,S11_Source,Gmain_Source,MainPlane,Gmain_dBi,Gmain_Cut_dBi,PeakGain_dBi,PeakRealizedGain_dBi,FrontToBackRatio_dB,SLL_dB,HPBW_deg,SideLobeSuppression_dB,MainLobeTheta_deg,SideLobeTheta_deg,SideLobeGain_dBi,S11_f0_dB,AbsS11_f0_dB,AbsS11_f0_Linear,Objective1_Neg_Gmain,Objective2_SLL,Objective3_HPBW,Objective4_AbsS11,Gmain_Phi0_dBi,SLL_Phi0_dB,HPBW_Phi0_deg,Gmain_Phi90_dBi,SLL_Phi90_dB,HPBW_Phi90_deg,Ldir,Ldri,L1,Sdir,Sref,Wdri
99,sim_099,2.25,2.25,2.25,-4.61020222262243,ATK_OBJ_S11_F0,ATK_OBJ_PeakGain,Phi90,3.74890993119879,3.21567593521523,3.74890993119879,1.90519691650387,10.4297698233966,-9.72581453767299,NaN,9.72581453767299,0,146,-6.51013860245776,-4.61020222262243,4.61020222262243,0.588152420772017,-3.74890993119879,-9.72581453767299,NaN,0.588152420772017,3.21567593521522,-0.0103579907110598,NaN,3.21567593521523,-9.72581453767299,NaN,16.2366275948568,40.1069846641174,15.2419819056484,13.727966568311,18.0774824041909,2.97372970406257
