SimulationIndex,SimulationID,f0_GHz,S11ReportFreq_GHz,S11SweepSampleFreq_GHz,S11SweepSample_dB,S11_Source,Gmain_Source,MainPlane,Gmain_dBi,Gmain_Cut_dBi,PeakGain_dBi,PeakRealizedGain_dBi,FrontToBackRatio_dB,SLL_dB,HPBW_deg,SideLobeSuppression_dB,MainLobeTheta_deg,SideLobeTheta_deg,SideLobeGain_dBi,S11_f0_dB,AbsS11_f0_dB,AbsS11_f0_Linear,Objective1_Neg_Gmain,Objective2_SLL,Objective3_HPBW,Objective4_AbsS11,Gmain_Phi0_dBi,SLL_Phi0_dB,HPBW_Phi0_deg,Gmain_Phi90_dBi,SLL_Phi90_dB,HPBW_Phi90_deg,Ldir,Ldri,L1,Sdir,Sref,Wdri
189,sim_189,2.25,2.25,2.25,-2.78800182256707,ATK_OBJ_S11_F0,ATK_OBJ_PeakGain,Phi90,4.22745037296542,3.60652150002858,4.22745037296542,0.982856969282915,14.1740176035876,-11.7424304780645,NaN,11.7424304780645,22,144,-8.1359089780359,-2.78800182256707,2.78800182256707,0.725437344799292,-4.22745037296542,-11.7424304780645,NaN,0.725437344799292,3.52753989251117,-0.0271410695139198,NaN,3.60652150002858,-11.7424304780645,NaN,15.5081523839408,46.2557235139594,18.4072204409839,14.3651151190613,21.1250268279063,3.82978585560415
