SimulationIndex,SimulationID,f0_GHz,S11ReportFreq_GHz,S11SweepSampleFreq_GHz,S11SweepSample_dB,S11_Source,Gmain_Source,MainPlane,Gmain_dBi,Gmain_Cut_dBi,PeakGain_dBi,PeakRealizedGain_dBi,FrontToBackRatio_dB,SLL_dB,HPBW_deg,SideLobeSuppression_dB,MainLobeTheta_deg,SideLobeTheta_deg,SideLobeGain_dBi,S11_f0_dB,AbsS11_f0_dB,AbsS11_f0_Linear,Objective1_Neg_Gmain,Objective2_SLL,Objective3_HPBW,Objective4_AbsS11,Gmain_Phi0_dBi,SLL_Phi0_dB,HPBW_Phi0_deg,Gmain_Phi90_dBi,SLL_Phi90_dB,HPBW_Phi90_deg,Ldir,Ldri,L1,Sdir,Sref,Wdri
38,sim_038,2.25,2.25,2.25,-4.63619324610298,ATK_OBJ_S11_F0,ATK_OBJ_PeakGain,Phi90,3.89658639020249,3.56260011023094,3.89658639020249,2.06655668696846,9.73821845353106,-10.5290059974466,NaN,10.5290059974466,0,146,-6.96640588721565,-4.63619324610298,4.63619324610298,0.586395106848936,-3.89658639020249,-10.5290059974466,NaN,0.586395106848936,3.56260011023093,-0.0164881737640501,NaN,3.56260011023094,-10.5290059974466,NaN,17.737703360164,42.1871625052714,15.6643560318742,15.0467811171721,19.159179712866,3.3621994689735
