f0_GHz,S11ReportFreq_GHz,S11SweepSampleFreq_GHz,S11SweepSample_dB,S11_f0_dB,AbsS11_f0_dB,AbsS11_f0_Linear,S11_Source,PeakGain_dBi,PeakRealizedGain_dBi,FrontToBackRatio_dB,Gmain_Source,Ldir,Ldri,L1,Sdir,Sref,Wdri,SimulationIndex,SimulationID
2.25,2.25,2.25,-2.93590047152578,-2.93590047152578,2.93590047152578,0.71318955881465,ATK_OBJ_S11_F0,4.97337800951346,1.88738177386703,19.1896962682757,ATK_OBJ_PeakGain,17.616067287832,46.5982659985781,14.9297952760385,16.7370317371705,20.7256477781691,3.18410555042447,100,sim_100
