f0_GHz,S11ReportFreq_GHz,S11SweepSampleFreq_GHz,S11SweepSample_dB,S11_f0_dB,AbsS11_f0_dB,AbsS11_f0_Linear,S11_Source,PeakGain_dBi,PeakRealizedGain_dBi,FrontToBackRatio_dB,Gmain_Source,Ldir,Ldri,L1,Sdir,Sref,Wdri,SimulationIndex,SimulationID
2.25,2.25,2.25,-1.57903445397713,-1.57903445397713,1.57903445397713,0.833773863933779,ATK_OBJ_S11_F0,4.46090021239222,-0.698648903508398,10.8244752840981,ATK_OBJ_PeakGain,14.9799816078952,40.787689984986,17.7479656445644,12.8971306643465,22.4236927609384,3.76639344197063,135,sim_135
