f0_GHz,S11ReportFreq_GHz,S11SweepSampleFreq_GHz,S11SweepSample_dB,S11_f0_dB,AbsS11_f0_dB,AbsS11_f0_Linear,S11_Source,PeakGain_dBi,PeakRealizedGain_dBi,FrontToBackRatio_dB,Gmain_Source,Ldir,Ldri,L1,Sdir,Sref,Wdri,SimulationIndex,SimulationID
2.25,2.25,2.25,-2.79781187172114,-2.79781187172114,2.79781187172114,0.724618481216517,ATK_OBJ_S11_F0,4.00842045491084,0.774698720559443,9.83395184233135,ATK_OBJ_PeakGain,18.2955810344646,41.7199714392666,15.7553366277443,12.2724888794733,21.7740889594787,4.49519110302769,50,sim_050
