SimulationIndex,SimulationID,f0_GHz,S11ReportFreq_GHz,S11SweepSampleFreq_GHz,S11SweepSample_dB,S11_Source,Gmain_Source,MainPlane,Gmain_dBi,Gmain_Cut_dBi,PeakGain_dBi,PeakRealizedGain_dBi,FrontToBackRatio_dB,SLL_dB,HPBW_deg,SideLobeSuppression_dB,MainLobeTheta_deg,SideLobeTheta_deg,SideLobeGain_dBi,S11_f0_dB,AbsS11_f0_dB,AbsS11_f0_Linear,Objective1_Neg_Gmain,Objective2_SLL,Objective3_HPBW,Objective4_AbsS11,Gmain_Phi0_dBi,SLL_Phi0_dB,HPBW_Phi0_deg,Gmain_Phi90_dBi,SLL_Phi90_dB,HPBW_Phi90_deg,Ldir,Ldri,L1,Sdir,Sref,Wdri
44,sim_044,2.25,2.25,2.25,-5.29133891881079,ATK_OBJ_S11_F0,ATK_OBJ_PeakGain,Phi90,3.54309938399636,3.14524175469229,3.54309938399636,2.02061419757982,6.63070671193865,-10.566552600247,NaN,10.566552600247,0,150,-7.42131084555467,-5.29133891881079,5.29133891881079,0.54379230036971,-3.54309938399636,-10.566552600247,NaN,0.54379230036971,3.14524175469228,-0.0197029117557803,NaN,3.14524175469229,-10.566552600247,NaN,15.5535945590275,42.6124109138807,15.8470891146193,13.155153993054,17.7265272834789,2.71401140480726
