SimulationIndex,SimulationID,f0_GHz,S11ReportFreq_GHz,S11SweepSampleFreq_GHz,S11SweepSample_dB,S11_Source,Gmain_Source,MainPlane,Gmain_dBi,Gmain_Cut_dBi,PeakGain_dBi,PeakRealizedGain_dBi,FrontToBackRatio_dB,SLL_dB,HPBW_deg,SideLobeSuppression_dB,MainLobeTheta_deg,SideLobeTheta_deg,SideLobeGain_dBi,S11_f0_dB,AbsS11_f0_dB,AbsS11_f0_Linear,Objective1_Neg_Gmain,Objective2_SLL,Objective3_HPBW,Objective4_AbsS11,Gmain_Phi0_dBi,SLL_Phi0_dB,HPBW_Phi0_deg,Gmain_Phi90_dBi,SLL_Phi90_dB,HPBW_Phi90_deg,Ldir,Ldri,L1,Sdir,Sref,Wdri
69,sim_069,2.25,2.25,2.25,-3.37353865062339,ATK_OBJ_S11_F0,ATK_OBJ_PeakGain,Phi90,4.37591568917079,3.89203442442131,4.37591568917079,1.70080455164639,15.7352046850085,-11.1282291173383,NaN,11.1282291173383,16,140,-7.23619469291698,-3.37353865062339,3.37353865062339,0.678145786121353,-4.37591568917079,-11.1282291173383,NaN,0.678145786121353,3.84197036555633,-0.02550702162711,NaN,3.89203442442131,-11.1282291173383,NaN,18.4377302386615,43.3928699597124,15.966928975226,14.4633784542308,22.130748754356,3.69522313233924
