SimulationIndex,SimulationID,f0_GHz,S11ReportFreq_GHz,S11SweepSampleFreq_GHz,S11SweepSample_dB,S11_Source,Gmain_Source,MainPlane,Gmain_dBi,Gmain_Cut_dBi,PeakGain_dBi,PeakRealizedGain_dBi,FrontToBackRatio_dB,SLL_dB,HPBW_deg,SideLobeSuppression_dB,MainLobeTheta_deg,SideLobeTheta_deg,SideLobeGain_dBi,S11_f0_dB,AbsS11_f0_dB,AbsS11_f0_Linear,Objective1_Neg_Gmain,Objective2_SLL,Objective3_HPBW,Objective4_AbsS11,Gmain_Phi0_dBi,SLL_Phi0_dB,HPBW_Phi0_deg,Gmain_Phi90_dBi,SLL_Phi90_dB,HPBW_Phi90_deg,Ldir,Ldri,L1,Sdir,Sref,Wdri
3,sim_003,2.25,2.25,2.25,-3.05239832694026,ATK_OBJ_S11_F0,ATK_OBJ_PeakGain,Phi90,3.82520835930312,3.33622707144141,3.82520835930312,0.856602606729149,11.6787326491249,-10.415481851373,NaN,10.415481851373,0,146,-7.07925477993163,-3.05239832694026,3.05239832694026,0.703687900499743,-3.82520835930312,-10.415481851373,NaN,0.703687900499743,3.3362270714414,-0.0254453372763401,NaN,3.33622707144141,-10.415481851373,NaN,17.4887773994625,40.8281330595282,16.6544634695837,13.400812577224,19.4562031749708,3.99731068238866
