f0_GHz,S11ReportFreq_GHz,S11SweepSampleFreq_GHz,S11SweepSample_dB,S11_f0_dB,AbsS11_f0_dB,AbsS11_f0_Linear,S11_Source,PeakGain_dBi,PeakRealizedGain_dBi,FrontToBackRatio_dB,Gmain_Source,Ldir,Ldri,L1,Sdir,Sref,Wdri,SimulationIndex,SimulationID
2.25,2.25,2.25,-4.32040284817236,-4.32040284817236,4.32040284817236,0.6081067968687,ATK_OBJ_S11_F0,3.75886587319323,1.75369206140923,15.3962396164157,ATK_OBJ_PeakGain,17.0452442349556,43.3453506270756,17.9804329962926,16.3016979197147,18.1039046774329,3.79777727743251,8,sim_008
