SimulationIndex,SimulationID,f0_GHz,S11ReportFreq_GHz,S11SweepSampleFreq_GHz,S11SweepSample_dB,S11_Source,Gmain_Source,MainPlane,Gmain_dBi,Gmain_Cut_dBi,PeakGain_dBi,PeakRealizedGain_dBi,FrontToBackRatio_dB,SLL_dB,HPBW_deg,SideLobeSuppression_dB,MainLobeTheta_deg,SideLobeTheta_deg,SideLobeGain_dBi,S11_f0_dB,AbsS11_f0_dB,AbsS11_f0_Linear,Objective1_Neg_Gmain,Objective2_SLL,Objective3_HPBW,Objective4_AbsS11,Gmain_Phi0_dBi,SLL_Phi0_dB,HPBW_Phi0_deg,Gmain_Phi90_dBi,SLL_Phi90_dB,HPBW_Phi90_deg,Ldir,Ldri,L1,Sdir,Sref,Wdri
42,sim_042,2.25,2.25,2.25,-5.49117705479209,ATK_OBJ_S11_F0,ATK_OBJ_PeakGain,Phi90,3.62041815178253,3.49924414828485,3.62041815178253,2.17917317977656,14.9692049260877,-11.3075755435656,NaN,11.3075755435656,0,158,-7.80833139528072,-5.49117705479209,5.49117705479209,0.53142397953488,-3.62041815178253,-11.3075755435656,NaN,0.53142397953488,3.49924414828483,-0.0177012900528304,NaN,3.49924414828485,-11.3075755435656,NaN,17.6852374236774,46.9372961475563,17.3923288697017,16.4375046381076,17.1473321662858,2.30456290781632
