SimulationIndex,SimulationID,f0_GHz,S11ReportFreq_GHz,S11SweepSampleFreq_GHz,S11SweepSample_dB,S11_Source,Gmain_Source,MainPlane,Gmain_dBi,Gmain_Cut_dBi,PeakGain_dBi,PeakRealizedGain_dBi,FrontToBackRatio_dB,SLL_dB,HPBW_deg,SideLobeSuppression_dB,MainLobeTheta_deg,SideLobeTheta_deg,SideLobeGain_dBi,S11_f0_dB,AbsS11_f0_dB,AbsS11_f0_Linear,Objective1_Neg_Gmain,Objective2_SLL,Objective3_HPBW,Objective4_AbsS11,Gmain_Phi0_dBi,SLL_Phi0_dB,HPBW_Phi0_deg,Gmain_Phi90_dBi,SLL_Phi90_dB,HPBW_Phi90_deg,Ldir,Ldri,L1,Sdir,Sref,Wdri
49,sim_049,2.25,2.25,2.25,-4.31356338183286,ATK_OBJ_S11_F0,ATK_OBJ_PeakGain,Phi90,3.60583015730296,2.82152299744872,3.60583015730296,1.59663804669268,9.56471519391232,-8.96074775706918,NaN,8.96074775706918,0,148,-6.13922475962046,-4.31356338183286,4.31356338183286,0.608585822514464,-3.60583015730296,-8.96074775706918,NaN,0.608585822514464,2.82152299744871,-0.0112377315061902,NaN,2.82152299744872,-8.96074775706918,NaN,16.2698834787328,40.0386998299304,16.9597660452463,12.0228866128773,16.8098382479092,4.10624560972309
