f0_GHz,S11ReportFreq_GHz,S11SweepSampleFreq_GHz,S11SweepSample_dB,S11_f0_dB,AbsS11_f0_dB,AbsS11_f0_Linear,S11_Source,PeakGain_dBi,PeakRealizedGain_dBi,FrontToBackRatio_dB,Gmain_Source,Ldir,Ldri,L1,Sdir,Sref,Wdri,SimulationIndex,SimulationID
2.25,2.25,2.25,-6.74798886264993,-6.74798886264993,6.74798886264993,0.459833446384075,ATK_OBJ_S11_F0,3.55344966035248,2.52175965381877,5.15938402904357,ATK_OBJ_PeakGain,14.6918979214802,46.1519160179868,15.3125469300489,12.4532800271857,16.5027896678061,3.56036952255499,7,sim_007
