SimulationIndex,SimulationID,f0_GHz,S11ReportFreq_GHz,S11SweepSampleFreq_GHz,S11SweepSample_dB,S11_Source,Gmain_Source,MainPlane,Gmain_dBi,Gmain_Cut_dBi,PeakGain_dBi,PeakRealizedGain_dBi,FrontToBackRatio_dB,SLL_dB,HPBW_deg,SideLobeSuppression_dB,MainLobeTheta_deg,SideLobeTheta_deg,SideLobeGain_dBi,S11_f0_dB,AbsS11_f0_dB,AbsS11_f0_Linear,Objective1_Neg_Gmain,Objective2_SLL,Objective3_HPBW,Objective4_AbsS11,Gmain_Phi0_dBi,SLL_Phi0_dB,HPBW_Phi0_deg,Gmain_Phi90_dBi,SLL_Phi90_dB,HPBW_Phi90_deg,Ldir,Ldri,L1,Sdir,Sref,Wdri
174,sim_174,2.25,2.25,2.25,-4.00760230598509,ATK_OBJ_S11_F0,ATK_OBJ_PeakGain,Phi90,4.17102742901429,3.38544444654692,4.17102742901429,1.97124017929632,8.51457396796767,-11.7692674639488,NaN,11.7692674639488,20,142,-8.38382301740188,-4.00760230598509,4.00760230598509,0.630405342043566,-4.17102742901429,-11.7692674639488,NaN,0.630405342043566,3.35087836716469,-0.0278099777239902,NaN,3.38544444654692,-11.7692674639488,NaN,16.3262543777364,42.5230984610886,15.1117641877078,12.1227644305442,21.8919422240392,2.65924349381109
