f0_GHz,S11ReportFreq_GHz,S11SweepSampleFreq_GHz,S11SweepSample_dB,S11_f0_dB,AbsS11_f0_dB,AbsS11_f0_Linear,S11_Source,PeakGain_dBi,PeakRealizedGain_dBi,FrontToBackRatio_dB,Gmain_Source,Ldir,Ldri,L1,Sdir,Sref,Wdri,SimulationIndex,SimulationID
2.25,2.25,2.25,-4.98520400512291,-4.98520400512291,4.98520400512291,0.563300062917773,ATK_OBJ_S11_F0,3.43631480605482,1.77856955320995,11.8840083858266,ATK_OBJ_PeakGain,16.0033585429136,44.6666527698643,17.8282685457804,16.8120416056144,16.7740134149998,2.41420009235775,72,sim_072
