SimulationIndex,SimulationID,f0_GHz,S11ReportFreq_GHz,S11SweepSampleFreq_GHz,S11SweepSample_dB,S11_Source,Gmain_Source,MainPlane,Gmain_dBi,Gmain_Cut_dBi,PeakGain_dBi,PeakRealizedGain_dBi,FrontToBackRatio_dB,SLL_dB,HPBW_deg,SideLobeSuppression_dB,MainLobeTheta_deg,SideLobeTheta_deg,SideLobeGain_dBi,S11_f0_dB,AbsS11_f0_dB,AbsS11_f0_Linear,Objective1_Neg_Gmain,Objective2_SLL,Objective3_HPBW,Objective4_AbsS11,Gmain_Phi0_dBi,SLL_Phi0_dB,HPBW_Phi0_deg,Gmain_Phi90_dBi,SLL_Phi90_dB,HPBW_Phi90_deg,Ldir,Ldri,L1,Sdir,Sref,Wdri
177,sim_177,2.25,2.25,2.25,-3.46039292980487,ATK_OBJ_S11_F0,ATK_OBJ_PeakGain,Phi90,4.78454718434599,4.45085444052131,4.78454718434599,2.18204289627132,27.754954963656,-13.9588326256107,NaN,13.9588326256107,14,142,-9.50797818508943,-3.46039292980487,3.46039292980487,0.671398479705495,-4.78454718434599,-13.9588326256107,NaN,0.671398479705495,4.33217801208594,-0.0279695779787499,NaN,4.45085444052131,-13.9588326256107,NaN,18.308457713782,46.1839300450343,17.8100756157155,16.9101681071237,22.4023460356873,3.11021138973812
