f0_GHz,S11ReportFreq_GHz,S11SweepSampleFreq_GHz,S11SweepSample_dB,S11_f0_dB,AbsS11_f0_dB,AbsS11_f0_Linear,S11_Source,PeakGain_dBi,PeakRealizedGain_dBi,FrontToBackRatio_dB,Gmain_Source,Ldir,Ldri,L1,Sdir,Sref,Wdri,SimulationIndex,SimulationID
2.25,2.25,2.25,-4.55298604116063,-4.55298604116063,4.55298604116063,0.592039520130359,ATK_OBJ_S11_F0,4.11831680909657,2.24403619149568,19.1869390876128,ATK_OBJ_PeakGain,15.1742538894336,41.9126869442263,16.6825130917473,16.9621088598832,20.9972836366725,2.66365498072405,74,sim_074
