f0_GHz,S11ReportFreq_GHz,S11SweepSampleFreq_GHz,S11SweepSample_dB,S11_f0_dB,AbsS11_f0_dB,AbsS11_f0_Linear,S11_Source,PeakGain_dBi,PeakRealizedGain_dBi,FrontToBackRatio_dB,Gmain_Source,Ldir,Ldri,L1,Sdir,Sref,Wdri,SimulationIndex,SimulationID
2.25,2.25,2.25,-5.16281377001194,-5.16281377001194,5.16281377001194,0.551898624280578,ATK_OBJ_S11_F0,3.57814595160198,2.0005422054375,8.68138507561107,ATK_OBJ_PeakGain,16.5895984428229,42.4477041791636,16.0716706634852,14.6051909226216,18.0464439833243,2.4072686406546,60,sim_060
