SimulationIndex,SimulationID,f0_GHz,S11ReportFreq_GHz,S11SweepSampleFreq_GHz,S11SweepSample_dB,S11_Source,Gmain_Source,MainPlane,Gmain_dBi,Gmain_Cut_dBi,PeakGain_dBi,PeakRealizedGain_dBi,FrontToBackRatio_dB,SLL_dB,HPBW_deg,SideLobeSuppression_dB,MainLobeTheta_deg,SideLobeTheta_deg,SideLobeGain_dBi,S11_f0_dB,AbsS11_f0_dB,AbsS11_f0_Linear,Objective1_Neg_Gmain,Objective2_SLL,Objective3_HPBW,Objective4_AbsS11,Gmain_Phi0_dBi,SLL_Phi0_dB,HPBW_Phi0_deg,Gmain_Phi90_dBi,SLL_Phi90_dB,HPBW_Phi90_deg,Ldir,Ldri,L1,Sdir,Sref,Wdri
116,sim_116,2.25,2.25,2.25,-3.69745142729066,ATK_OBJ_S11_F0,ATK_OBJ_PeakGain,Phi90,4.78658692629528,4.51617107282457,4.78658692629528,2.36942202741439,35.0891742875707,-13.0199894910355,NaN,13.0199894910355,16,144,-8.50381841821089,-3.69745142729066,3.69745142729066,0.653322219246712,-4.78658692629528,-13.0199894910355,NaN,0.653322219246712,4.33504439026118,-0.0291044695552598,NaN,4.51617107282457,-13.0199894910355,NaN,16.3467898682678,42.2474410536676,17.1610923323045,17.3304011592138,21.3056427621959,2.55813515169936
