SimulationIndex,SimulationID,f0_GHz,S11ReportFreq_GHz,S11SweepSampleFreq_GHz,S11SweepSample_dB,S11_Source,Gmain_Source,MainPlane,Gmain_dBi,Gmain_Cut_dBi,PeakGain_dBi,PeakRealizedGain_dBi,FrontToBackRatio_dB,SLL_dB,HPBW_deg,SideLobeSuppression_dB,MainLobeTheta_deg,SideLobeTheta_deg,SideLobeGain_dBi,S11_f0_dB,AbsS11_f0_dB,AbsS11_f0_Linear,Objective1_Neg_Gmain,Objective2_SLL,Objective3_HPBW,Objective4_AbsS11,Gmain_Phi0_dBi,SLL_Phi0_dB,HPBW_Phi0_deg,Gmain_Phi90_dBi,SLL_Phi90_dB,HPBW_Phi90_deg,Ldir,Ldri,L1,Sdir,Sref,Wdri
34,sim_034,2.25,2.25,2.25,-3.61075259611793,ATK_OBJ_S11_F0,ATK_OBJ_PeakGain,Phi90,4.46441617127917,4.11469468467473,4.46441617127917,1.9815448346552,28.45284412371,-11.66328105025,NaN,11.66328105025,4,144,-7.54858636557532,-3.61075259611793,3.61075259611793,0.659876056277818,-4.46441617127917,-11.66328105025,NaN,0.659876056277818,4.10836446728204,-0.0266824119726294,NaN,4.11469468467473,-11.66328105025,NaN,17.5279103043134,45.0924690604719,16.2777071890186,17.2172415660956,20.4461036341354,4.25818603623062
