SimulationIndex,SimulationID,f0_GHz,S11ReportFreq_GHz,S11SweepSampleFreq_GHz,S11SweepSample_dB,S11_Source,Gmain_Source,MainPlane,Gmain_dBi,Gmain_Cut_dBi,PeakGain_dBi,PeakRealizedGain_dBi,FrontToBackRatio_dB,SLL_dB,HPBW_deg,SideLobeSuppression_dB,MainLobeTheta_deg,SideLobeTheta_deg,SideLobeGain_dBi,S11_f0_dB,AbsS11_f0_dB,AbsS11_f0_Linear,Objective1_Neg_Gmain,Objective2_SLL,Objective3_HPBW,Objective4_AbsS11,Gmain_Phi0_dBi,SLL_Phi0_dB,HPBW_Phi0_deg,Gmain_Phi90_dBi,SLL_Phi90_dB,HPBW_Phi90_deg,Ldir,Ldri,L1,Sdir,Sref,Wdri
123,sim_123,2.25,2.25,2.25,-4.81220553581925,ATK_OBJ_S11_F0,ATK_OBJ_PeakGain,Phi90,3.57704502586619,3.41441754213239,3.57704502586619,1.83648473722932,13.9234217618908,-10.7658121380843,NaN,10.7658121380843,0,154,-7.35139459595189,-4.81220553581925,4.81220553581925,0.574631888815711,-3.57704502586619,-10.7658121380843,NaN,0.574631888815711,3.41441754213239,-0.0222839387342599,NaN,3.41441754213239,-10.7658121380843,NaN,15.9509574180243,43.0064016972841,17.5627509318953,16.1211259415692,17.634722346401,2.91150987634998
